[2J[001;001H[=3h[2J[001;001H[2J[001;001H[8;056;240t[2J[001;001H[2J[001;001H[=3h[2J[001;001H[2J[001;001H[8;042;160t[2J[001;001HBdsDxe: loading Boot0002 "Bazzite" from HD(1,GPT,48E1E3E3-E014-49D3-A5C9-B6A962B829F9,0x800,0x12C000)/\EFI\fedora\shimx64.efi
BdsDxe: starting Boot0002 "Bazzite" from HD(1,GPT,48E1E3E3-E014-49D3-A5C9-B6A962B829F9,0x800,0x12C000)/\EFI\fedora\shimx64.efi
[0m[30m[40m[2J[001;001H[0m[37m[40m[002;072HGRUB version 2.12

[004;002H┌────────────────────────────────────────────────────────────────────────────────────────────────────────────────────────────────────────────────────────────┐[005;002H│[005;159H│[006;002H│[006;159H│[007;002H│[007;159H│[008;002H│[008;159H│[009;002H│[009;159H│[010;002H│[010;159H│[011;002H│[011;159H│[012;002H│[012;159H│[013;002H│[013;159H│[014;002H│[014;159H│[015;002H│[015;159H│[016;002H│[016;159H│[017;002H│[017;159H│[018;002H│[018;159H│[019;002H│[019;159H│[020;002H│[020;159H│[021;002H│[021;159H│[022;002H│[022;159H│[023;002H│[023;159H│[024;002H│[024;159H│[025;002H│[025;159H│[026;002H│[026;159H│[027;002H│[027;159H│[028;002H│[028;159H│[029;002H│[029;159H│[030;002H│[030;159H│[031;002H│[031;159H│[032;002H│[032;159H│[033;002H│[033;159H│[034;002H│[034;159H│[035;002H│[035;159H│[036;002H└────────────────────────────────────────────────────────────────────────────────────────────────────────────────────────────────────────────────────────────┘[037;002H[038;002H     Use the ▲ and ▼ keys to select which entry is highlighted.                                                                                          
      Press enter to boot the selected OS, `e' to edit the commands before booting or `c' for a command-line. ESC to return previous menu.                [005;160H [0m[30m[47m[005;003H*Bazzite (ostree:0)                                                                                                                                         [0m[37m[40m[005;158H[006;003H Bazzite (ostree:1)                                                                                                                                         [006;158H[007;003H UEFI Firmware Settings                                                                                                                                     [007;158H[008;003H                                                                                                                                                            [008;158H[009;003H                                                                                                                                                            [009;158H[010;003H                                                                                                                                                            [010;158H[011;003H                                                                                                                                                            [011;158H[012;003H                                                                                                                                                            [012;158H[013;003H                                                                                                                                                            [013;158H[014;003H                                                                                                                                                            [014;158H[015;003H                                                                                                                                                            [015;158H[016;003H                                                                                                                                                            [016;158H[017;003H                                                                                                                                                            [017;158H[018;003H                                                                                                                                                            [018;158H[019;003H                                                                                                                                                            [019;158H[020;003H                                                                                                                                                            [020;158H[021;003H                                                                                                                                                            [021;158H[022;003H                                                                                                                                                            [022;158H[023;003H                                                                                                                                                            [023;158H[024;003H                                                                                                                                                            [024;158H[025;003H                                                                                                                                                            [025;158H[026;003H                                                                                                                                                            [026;158H[027;003H                                                                                                                                                            [027;158H[028;003H                                                                                                                                                            [028;158H[029;003H                                                                                                                                                            [029;158H[030;003H                                                                                                                                                            [030;158H[031;003H                                                                                                                                                            [031;158H[032;003H                                                                                                                                                            [032;158H[033;003H                                                                                                                                                            [033;158H[034;003H                                                                                                                                                            [034;158H[035;003H                                                                                                                                                            [035;158H[035;160H [005;158H[040;001H   The highlighted entry will be executed automatically in 1s.                                                                                                 [005;158H[040;001H   The highlighted entry will be executed automatically in 0s.                                                                                                 [005;158H[0m[30m[40m[2J[001;001H[0m[37m[40m[0m[30m[40m[2J[001;001H[0m[37m[40m  Booting `Bazzite (ostree:0)'

[    0.000000] Linux version 7.1.3-ogc3.4.fc44.x86_64 (root@b94170d5dfd0) (gcc (GCC) 16.1.1 20260515 (Red Hat 16.1.1-2), GNU ld version 2.46-3.fc44) #1 SMP PREEMPT_DYNAMIC Fri Jul 10 04:06:08 UTC 2026
[    0.000000] Command line: BOOT_IMAGE=(hd0,gpt2)/ostree/default-a68fdf669824e7bea84f6339c1b0a162c5382aa3213bb37b639d9879f3bc9dc0/vmlinuz-7.1.3-ogc3.4.fc44.x86_64 ostree=/ostree/boot.0/default/a68fdf669824e7bea84f6339c1b0a162c5382aa3213bb37b639d9879f3bc9dc0/0 console=tty0 console=ttyS0,115200 root=UUID=16d6e9ea-19b9-4095-9bf1-4c3c4973c5b8 vconsole.keymap=us rootflags=subvol=root rw bluetooth.disable_ertm=1
[    0.000000] BIOS-provided physical RAM map:
[    0.000000] BIOS-e820: [mem 0x0000000000000000-0x000000000009ffff]  System RAM
[    0.000000] BIOS-e820: [gap 0x00000000000a0000-0x00000000000fffff]
[    0.000000] BIOS-e820: [mem 0x0000000000100000-0x00000000007fffff]  System RAM
[    0.000000] BIOS-e820: [mem 0x0000000000800000-0x0000000000807fff]  ACPI NVS
[    0.000000] BIOS-e820: [mem 0x0000000000808000-0x000000000080afff]  System RAM
[    0.000000] BIOS-e820: [mem 0x000000000080b000-0x000000000080bfff]  ACPI NVS
[    0.000000] BIOS-e820: [mem 0x000000000080c000-0x0000000000811fff]  System RAM
[    0.000000] BIOS-e820: [mem 0x0000000000812000-0x0000000000812fff]  device reserved
[    0.000000] BIOS-e820: [mem 0x0000000000813000-0x0000000000813fff]  System RAM
[    0.000000] BIOS-e820: [mem 0x0000000000814000-0x00000000008fffff]  ACPI NVS
[    0.000000] BIOS-e820: [mem 0x0000000000900000-0x000000007deecfff]  System RAM
[    0.000000] BIOS-e820: [mem 0x000000007deed000-0x000000007deeefff]  device reserved
[    0.000000] BIOS-e820: [mem 0x000000007deef000-0x000000007f8ecfff]  System RAM
[    0.000000] BIOS-e820: [mem 0x000000007f8ed000-0x000000007fb6cfff]  device reserved
[    0.000000] BIOS-e820: [mem 0x000000007fb6d000-0x000000007fb7efff]  ACPI data
[    0.000000] BIOS-e820: [mem 0x000000007fb7f000-0x000000007fbfefff]  ACPI NVS
[    0.000000] BIOS-e820: [mem 0x000000007fbff000-0x000000007ff1ffff]  System RAM
[    0.000000] BIOS-e820: [mem 0x000000007ff20000-0x000000007ff3ffff]  device reserved
[    0.000000] BIOS-e820: [mem 0x000000007ff40000-0x000000007fffffff]  ACPI NVS
[    0.000000] BIOS-e820: [gap 0x0000000080000000-0x00000000dfffffff]
[    0.000000] BIOS-e820: [mem 0x00000000e0000000-0x00000000efffffff]  device reserved
[    0.000000] BIOS-e820: [gap 0x00000000f0000000-0x00000000feffbfff]
[    0.000000] BIOS-e820: [mem 0x00000000feffc000-0x00000000feffffff]  device reserved
[    0.000000] BIOS-e820: [gap 0x00000000ff000000-0x00000000ffdfffff]
[    0.000000] BIOS-e820: [mem 0x00000000ffe00000-0x00000000ffffffff]  device reserved
[    0.000000] BIOS-e820: [mem 0x0000000100000000-0x000000027fffffff]  System RAM
[    0.000000] BIOS-e820: [gap 0x0000000280000000-0x000000fcffffffff]
[    0.000000] BIOS-e820: [mem 0x000000fd00000000-0x000000ffffffffff]  device reserved
[    0.000000] NX (Execute Disable) protection: active
[    0.000000] APIC: Static calls initialized
[    0.000000] efi: EFI v2.7 by EDK II
[    0.000000] efi: SMBIOS=0x7f8f0000 ACPI=0x7fb7e000 ACPI 2.0=0x7fb7e014 MEMATTR=0x7deea018 MOKvar=0x7deed000 RNG=0x7fb73018 
[    0.000000] random: crng init done
[    0.000000] efi: Remove mem113: MMIO range=[0xffe00000-0xffffffff] (2MB) from e820 map
[    0.000000] DMI: SMBIOS 2.8 present.
[    0.000000] DMI: QEMU Standard PC (Q35 + ICH9, 2009), BIOS edk2-20260508-6.fc44 05/08/2026
[    0.000000] DMI: Memory slots populated: 1/1
[    0.000000] Hypervisor detected: KVM
[    0.000000] last_pfn = 0x7ff20 max_arch_pfn = 0x400000000
[    0.000000] kvm-clock: Using msrs 4b564d01 and 4b564d00
[    0.000000] kvm-clock: using sched offset of 4605311774 cycles
[    0.000002] clocksource: kvm-clock: mask: 0xffffffffffffffff max_cycles: 0x1cd42e4dffb, max_idle_ns: 881590591483 ns
[    0.000005] tsc: Detected 4099.996 MHz processor
[    0.000118] last_pfn = 0x280000 max_arch_pfn = 0x400000000
[    0.000154] MTRR map: 4 entries (2 fixed + 2 variable; max 18), built from 8 variable MTRRs
[    0.000157] x86/PAT: Configuration [0-7]: WB  WC  UC- UC  WB  WP  UC- WT  
[    0.000204] last_pfn = 0x7ff20 max_arch_pfn = 0x400000000
[    0.004005] Using GB pages for direct mapping
[    0.004269] Secure boot disabled
[    0.004270] RAMDISK: [mem 0x65837000-0x74888fff]
[    0.004274] ACPI: Early table checksum verification disabled
[    0.004277] ACPI: RSDP 0x000000007FB7E014 000024 (v02 BOCHS )
[    0.004279] ACPI: XSDT 0x000000007FB7D0E8 000054 (v01 BOCHS  BXPC     00000001      01000013)
[    0.004283] ACPI: FACP 0x000000007FB79000 0000F4 (v03 BOCHS  BXPC     00000001 BXPC 00000001)
[    0.004289] ACPI: DSDT 0x000000007FB7A000 002379 (v01 BOCHS  BXPC     00000001 BXPC 00000001)
[    0.004293] ACPI: FACS 0x000000007FBDD000 000040
[    0.004296] ACPI: APIC 0x000000007FB78000 0000B0 (v03 BOCHS  BXPC     00000001 BXPC 00000001)
[    0.004299] ACPI: HPET 0x000000007FB77000 000038 (v01 BOCHS  BXPC     00000001 BXPC 00000001)
[    0.004302] ACPI: MCFG 0x000000007FB76000 00003C (v01 BOCHS  BXPC     00000001 BXPC 00000001)
[    0.004306] ACPI: WAET 0x000000007FB75000 000028 (v01 BOCHS  BXPC     00000001 BXPC 00000001)
[    0.004309] ACPI: BGRT 0x000000007FB74000 000038 (v01 INTEL  EDK2     00000002      01000013)
[    0.004310] ACPI: Reserving FACP table memory at [mem 0x7fb79000-0x7fb790f3]
[    0.004312] ACPI: Reserving DSDT table memory at [mem 0x7fb7a000-0x7fb7c378]
[    0.004312] ACPI: Reserving FACS table memory at [mem 0x7fbdd000-0x7fbdd03f]
[    0.004313] ACPI: Reserving APIC table memory at [mem 0x7fb78000-0x7fb780af]
[    0.004313] ACPI: Reserving HPET table memory at [mem 0x7fb77000-0x7fb77037]
[    0.004314] ACPI: Reserving MCFG table memory at [mem 0x7fb76000-0x7fb7603b]
[    0.004314] ACPI: Reserving WAET table memory at [mem 0x7fb75000-0x7fb75027]
[    0.004315] ACPI: Reserving BGRT table memory at [mem 0x7fb74000-0x7fb74037]
[    0.004812] No NUMA configuration found
[    0.004813] Faking a node at [mem 0x0000000000000000-0x000000027fffffff]
[    0.004829] NODE_DATA(0) allocated [mem 0x27ffd4f80-0x27fffffff]
[    0.005822] ACPI: PM-Timer IO Port: 0x608
[    0.005839] ACPI: LAPIC_NMI (acpi_id[0xff] dfl dfl lint[0x1])
[    0.005862] IOAPIC[0]: apic_id 0, version 17, address 0xfec00000, GSI 0-23
[    0.005864] ACPI: INT_SRC_OVR (bus 0 bus_irq 0 global_irq 2 dfl dfl)
[    0.005866] ACPI: INT_SRC_OVR (bus 0 bus_irq 5 global_irq 5 high level)
[    0.005867] ACPI: INT_SRC_OVR (bus 0 bus_irq 9 global_irq 9 high level)
[    0.005868] ACPI: INT_SRC_OVR (bus 0 bus_irq 10 global_irq 10 high level)
[    0.005868] ACPI: INT_SRC_OVR (bus 0 bus_irq 11 global_irq 11 high level)
[    0.005871] ACPI: Using ACPI (MADT) for SMP configuration information
[    0.005871] ACPI: HPET id: 0x8086a201 base: 0xfed00000
[    0.005895] TSC deadline timer available
[    0.005897] CPU topo: Max. logical packages:   1
[    0.005897] CPU topo: Max. logical nodes:      1
[    0.005898] CPU topo: Num. nodes per package:  1
[    0.005900] CPU topo: Max. logical dies:       1
[    0.005900] CPU topo: Max. dies per package:   1
[    0.005903] CPU topo: Max. threads per core:   1
[    0.005903] CPU topo: Num. cores per package:     8
[    0.005904] CPU topo: Num. threads per package:   8
[    0.005904] CPU topo: Allowing 8 present CPUs plus 0 hotplug CPUs
[    0.005918] kvm-guest: APIC: eoi() replaced with kvm_guest_apic_eoi_write()
[    0.005928] kvm-guest: KVM setup pv remote TLB flush
[    0.005932] kvm-guest: setup PV sched yield
[    0.005947] PM: hibernation: Registered nosave memory: [mem 0x00000000-0x00000fff]
[    0.005949] PM: hibernation: Registered nosave memory: [mem 0x000a0000-0x000fffff]
[    0.005950] PM: hibernation: Registered nosave memory: [mem 0x00800000-0x00807fff]
[    0.005951] PM: hibernation: Registered nosave memory: [mem 0x0080b000-0x0080bfff]
[    0.005952] PM: hibernation: Registered nosave memory: [mem 0x00812000-0x00812fff]
[    0.005953] PM: hibernation: Registered nosave memory: [mem 0x00814000-0x008fffff]
[    0.005954] PM: hibernation: Registered nosave memory: [mem 0x7deed000-0x7deeefff]
[    0.005955] PM: hibernation: Registered nosave memory: [mem 0x7def9000-0x7df01fff]
[    0.005956] PM: hibernation: Registered nosave memory: [mem 0x7f8ed000-0x7fbfefff]
[    0.005957] PM: hibernation: Registered nosave memory: [mem 0x7ff20000-0xffffffff]
[    0.005958] [gap 0x80000000-0xdfffffff] available for PCI devices
[    0.005960] Booting paravirtualized kernel on KVM
[    0.005961] clocksource: refined-jiffies: mask: 0xffffffff max_cycles: 0xffffffff, max_idle_ns: 1910969940391419 ns
[    0.011884] Zone ranges:
[    0.011885]   DMA      [mem 0x0000000000001000-0x0000000000ffffff]
[    0.011887]   DMA32    [mem 0x0000000001000000-0x00000000ffffffff]
[    0.011888]   Normal   [mem 0x0000000100000000-0x000000027fffffff]
[    0.011889]   Device   empty
[    0.011889] Movable zone start for each node
[    0.011891] Early memory node ranges
[    0.011891]   node   0: [mem 0x0000000000001000-0x000000000009ffff]
[    0.011892]   node   0: [mem 0x0000000000100000-0x00000000007fffff]
[    0.011893]   node   0: [mem 0x0000000000808000-0x000000000080afff]
[    0.011893]   node   0: [mem 0x000000000080c000-0x0000000000811fff]
[    0.011894]   node   0: [mem 0x0000000000813000-0x0000000000813fff]
[    0.011894]   node   0: [mem 0x0000000000900000-0x000000007deecfff]
[    0.011895]   node   0: [mem 0x000000007deef000-0x000000007f8ecfff]
[    0.011895]   node   0: [mem 0x000000007fbff000-0x000000007ff1ffff]
[    0.011896]   node   0: [mem 0x0000000100000000-0x000000027fffffff]
[    0.011897] Initmem setup node 0 [mem 0x0000000000001000-0x000000027fffffff]
[    0.011913] On node 0, zone DMA: 1 pages in unavailable ranges
[    0.012009] On node 0, zone DMA: 96 pages in unavailable ranges
[    0.012013] On node 0, zone DMA: 8 pages in unavailable ranges
[    0.012014] On node 0, zone DMA: 1 pages in unavailable ranges
[    0.012014] On node 0, zone DMA: 1 pages in unavailable ranges
[    0.012114] On node 0, zone DMA: 236 pages in unavailable ranges
[    0.038300] On node 0, zone DMA32: 2 pages in unavailable ranges
[    0.038381] On node 0, zone DMA32: 786 pages in unavailable ranges
[    0.117872] On node 0, zone Normal: 224 pages in unavailable ranges
[    0.117890] setup_percpu: NR_CPUS:8192 nr_cpumask_bits:8 nr_cpu_ids:8 nr_node_ids:1
[    0.121277] percpu: Embedded 85 pages/cpu s225280 r8192 d114688 u524288
[    0.121328] kvm-guest: PV spinlocks enabled
[    0.121330] PV qspinlock hash table entries: 256 (order: 0, 4096 bytes, linear)
[    0.121332] Kernel command line: BOOT_IMAGE=(hd0,gpt2)/ostree/default-a68fdf669824e7bea84f6339c1b0a162c5382aa3213bb37b639d9879f3bc9dc0/vmlinuz-7.1.3-ogc3.4.fc44.x86_64 ostree=/ostree/boot.0/default/a68fdf669824e7bea84f6339c1b0a162c5382aa3213bb37b639d9879f3bc9dc0/0 console=tty0 console=ttyS0,115200 root=UUID=16d6e9ea-19b9-4095-9bf1-4c3c4973c5b8 vconsole.keymap=us rootflags=subvol=root rw bluetooth.disable_ertm=1
[    0.121552] Unknown kernel command line parameters "ostree=/ostree/boot.0/default/a68fdf669824e7bea84f6339c1b0a162c5382aa3213bb37b639d9879f3bc9dc0/0", will be passed to user space.
[    0.121748] printk: log buffer data + meta data: 262144 + 1114112 = 1376256 bytes
[    0.128264] Dentry cache hash table entries: 1048576 (order: 11, 8388608 bytes, linear)
[    0.131490] Inode-cache hash table entries: 524288 (order: 10, 4194304 bytes, linear)
[    0.131598] software IO TLB: area num 8.
[    0.152883] Fallback order for Node 0: 0 
[    0.152890] Built 1 zonelists, mobility grouping on.  Total pages: 2095797
[    0.152892] Policy zone: Normal
[    0.154756] mem auto-init: stack:all(zero), heap alloc:on, heap free:off
[    0.166149] SLUB: HWalign=64, Order=0-3, MinObjects=0, CPUs=8, Nodes=1
[    0.176916] ftrace: allocating 64544 entries in 254 pages
[    0.176918] ftrace: allocated 254 pages with 7 groups
[    0.177875] Dynamic Preempt: lazy
[    0.178082] rcu: Preemptible hierarchical RCU implementation.
[    0.178083] rcu: 	RCU event tracing is enabled.
[    0.178083] rcu: 	RCU restricting CPUs from NR_CPUS=8192 to nr_cpu_ids=8.
[    0.178085] 	Trampoline variant of Tasks RCU enabled.
[    0.178085] 	Rude variant of Tasks RCU enabled.
[    0.178085] 	Tracing variant of Tasks RCU enabled.
[    0.178086] rcu: RCU calculated value of scheduler-enlistment delay is 100 jiffies.
[    0.178086] rcu: Adjusting geometry for rcu_fanout_leaf=16, nr_cpu_ids=8
[    0.178105] RCU Tasks: Setting shift to 3 and lim to 1 rcu_task_cb_adjust=1 rcu_task_cpu_ids=8.
[    0.178107] RCU Tasks Rude: Setting shift to 3 and lim to 1 rcu_task_cb_adjust=1 rcu_task_cpu_ids=8.
[    0.182582] NR_IRQS: 524544, nr_irqs: 488, preallocated irqs: 16
[    0.182860] rcu: srcu_init: Setting srcu_struct sizes based on contention.
[    0.183046] kfence: initialized - using 2097152 bytes for 255 objects at 0x(____ptrval____)-0x(____ptrval____)
[    0.183151] Console: colour dummy device 80x25
[    0.183153] printk: legacy console [tty0] enabled
[    0.183401] printk: legacy console [ttyS0] enabled
[    0.519241] ACPI: Core revision 20251212
[    0.520686] clocksource: hpet: mask: 0xffffffff max_cycles: 0xffffffff, max_idle_ns: 19112604467 ns
[    0.523456] APIC: Switch to symmetric I/O mode setup
[    0.525104] x2apic enabled
[    0.526164] APIC: Switched APIC routing to: physical x2apic
[    0.527841] kvm-guest: APIC: send_IPI_mask() replaced with kvm_send_ipi_mask()
[    0.529972] kvm-guest: APIC: send_IPI_mask_allbutself() replaced with kvm_send_ipi_mask_allbutself()
[    0.532660] kvm-guest: setup PV IPIs
[    0.534614] ..TIMER: vector=0x30 apic1=0 pin1=2 apic2=-1 pin2=-1
[    0.536403] clocksource: tsc-early: mask: 0xffffffffffffffff max_cycles: 0x3b195b6e39b, max_idle_ns: 440795394037 ns
[    0.539495] Calibrating delay loop (skipped) preset value.. 8199.99 BogoMIPS (lpj=4099996)
[    0.540618] x86/cpu: User Mode Instruction Prevention (UMIP) activated
[    0.541614] Last level iTLB entries: 4KB 512, 2MB 255, 4MB 127
[    0.542498] Last level dTLB entries: 4KB 512, 2MB 255, 4MB 127, 1GB 0
[    0.543503] mitigations: Enabled attack vectors: user_kernel, user_user, guest_host, guest_guest, SMT mitigations: auto
[    0.544498] Speculative Store Bypass: Mitigation: Speculative Store Bypass disabled via prctl
[    0.545498] Transient Scheduler Attacks: Mitigation: Clear CPU buffers
[    0.546497] Spectre V2 : Mitigation: Enhanced / Automatic IBRS
[    0.547497] Speculative Return Stack Overflow: Mitigation: Safe RET
[    0.548497] Spectre V1 : Mitigation: usercopy/swapgs barriers and __user pointer sanitization
[    0.549503] Spectre V2 : mitigation: Enabling conditional Indirect Branch Prediction Barrier
[    0.550499] active return thunk: srso_alias_return_thunk
[    0.551522] x86/fpu: Supporting XSAVE feature 0x001: 'x87 floating point registers'
[    0.552497] x86/fpu: Supporting XSAVE feature 0x002: 'SSE registers'
[    0.553497] x86/fpu: Supporting XSAVE feature 0x004: 'AVX registers'
[    0.554497] x86/fpu: Supporting XSAVE feature 0x020: 'AVX-512 opmask'
[    0.555497] x86/fpu: Supporting XSAVE feature 0x040: 'AVX-512 Hi256'
[    0.556497] x86/fpu: Supporting XSAVE feature 0x080: 'AVX-512 ZMM_Hi256'
[    0.557497] x86/fpu: Supporting XSAVE feature 0x200: 'Protection Keys User registers'
[    0.558498] x86/fpu: xstate_offset[2]:  576, xstate_sizes[2]:  256
[    0.559497] x86/fpu: xstate_offset[5]:  832, xstate_sizes[5]:   64
[    0.560497] x86/fpu: xstate_offset[6]:  896, xstate_sizes[6]:  512
[    0.561497] x86/fpu: xstate_offset[7]: 1408, xstate_sizes[7]: 1024
[    0.562497] x86/fpu: xstate_offset[9]: 2432, xstate_sizes[9]:    8
[    0.563497] x86/fpu: Enabled xstate features 0x2e7, context size is 2440 bytes, using 'compacted' format.
[    0.592759] pid_max: default: 32768 minimum: 301
[    0.593699] Yama: becoming mindful.
[    0.594504] SELinux:  Initializing.
[    0.596944] LSM support for eBPF active
[    0.597524] landlock: Up and running.
[    0.598732] Mount-cache hash table entries: 16384 (order: 5, 131072 bytes, linear)
[    0.599606] Mountpoint-cache hash table entries: 16384 (order: 5, 131072 bytes, linear)
[    0.600764] VFS: Finished mounting rootfs on nullfs
[    0.602713] smpboot: CPU0: AMD Ryzen 7 8700F 8-Core Processor (family: 0x19, model: 0x75, stepping: 0x2)
[    0.604084] Performance Events: Fam17h+ core perfctr, AMD PMU driver.
[    0.604509] ... version:                   2
[    0.605500] ... bit width:                 48
[    0.606500] ... generic counters:          6
[    0.607500] ... generic bitmap:            000000000000003f
[    0.608500] ... fixed-purpose counters:    0
[    0.609500] ... fixed-purpose bitmap:      0000000000000000
[    0.610500] ... value mask:                0000ffffffffffff
[    0.611500] ... max period:                00007fffffffffff
[    0.612500] ... global_ctrl mask:          000000000000003f
[    0.613628] signal: max sigframe size: 3376
[    0.614595] rcu: Hierarchical SRCU implementation.
[    0.615503] rcu: 	Max phase no-delay instances is 400.
[    0.616753] Timer migration: 1 hierarchy levels; 8 children per group; 1 crossnode level
[    0.623566] smp: Bringing up secondary CPUs ...
[    0.624810] smpboot: x86: Booting SMP configuration:
[    0.625516] .... node  #0, CPUs:      #1 #2 #3 #4 #5 #6 #7
[    0.629537] smp: Brought up 1 node, 8 CPUs
[    0.631501] smpboot: Total of 8 processors activated (65599.93 BogoMIPS)
[    0.633218] Memory: 7798076K/8383188K available (24368K kernel code, 4756K rwdata, 18752K rodata, 5300K init, 4316K bss, 572416K reserved, 0K cma-reserved)
[    0.633787] devtmpfs: initialized
[    0.634685] x86/mm: Memory block size: 128MB
[    0.637260] ACPI: PM: Registering ACPI NVS region [mem 0x00800000-0x00807fff] (32768 bytes)
[    0.637514] ACPI: PM: Registering ACPI NVS region [mem 0x0080b000-0x0080bfff] (4096 bytes)
[    0.638505] ACPI: PM: Registering ACPI NVS region [mem 0x00814000-0x008fffff] (966656 bytes)
[    0.639533] ACPI: PM: Registering ACPI NVS region [mem 0x7fb7f000-0x7fbfefff] (524288 bytes)
[    0.640534] ACPI: PM: Registering ACPI NVS region [mem 0x7ff40000-0x7fffffff] (786432 bytes)
[    0.641862] clocksource: jiffies: mask: 0xffffffff max_cycles: 0xffffffff, max_idle_ns: 1911260446275000 ns
[    0.642594] posixtimers hash table entries: 4096 (order: 4, 65536 bytes, linear)
[    0.643682] futex hash table entries: 2048 (131072 bytes on 1 NUMA nodes, total 128 KiB, linear).
[    0.644709] xor: automatically using best checksumming function   avx       
[    0.645960] PM: RTC time: 17:02:30, date: 2026-07-20
[    0.648702] NET: Registered PF_NETLINK/PF_ROUTE protocol family
[    0.650581] DMA: preallocated 1024 KiB GFP_KERNEL pool for atomic allocations
[    0.652311] DMA: preallocated 1024 KiB GFP_KERNEL|GFP_DMA pool for atomic allocations
[    0.653085] DMA: preallocated 1024 KiB GFP_KERNEL|GFP_DMA32 pool for atomic allocations
[    0.653560] audit: initializing netlink subsys (disabled)
[    0.654592] audit: type=2000 audit(1784566951.037:1): state=initialized audit_enabled=0 res=1
[    0.654650] thermal_sys: Registered thermal governor 'fair_share'
[    0.655503] thermal_sys: Registered thermal governor 'bang_bang'
[    0.656501] thermal_sys: Registered thermal governor 'step_wise'
[    0.657500] thermal_sys: Registered thermal governor 'user_space'
[    0.658513] cpuidle: using governor menu
[    0.661672] Freeing SMP alternatives memory: 60K
[    0.664749] efi: Freeing EFI boot services memory: 44736K
[    0.665503] acpiphp: ACPI Hot Plug PCI Controller Driver version: 0.5
[    0.666817] PCI: ECAM [mem 0xe0000000-0xefffffff] (base 0xe0000000) for domain 0000 [bus 00-ff]
[    0.667514] PCI: Using configuration type 1 for base access
[    0.668603] virt/tdx: TDX not supported by the host platform
[    0.669552] kprobes: kprobe jump-optimization is enabled. All kprobes are optimized if possible.
[    0.670747] HugeTLB: registered 1.00 GiB page size, pre-allocated 0 pages
[    0.671503] HugeTLB: 16380 KiB vmemmap can be freed for a 1.00 GiB page
[    0.672501] HugeTLB: registered 2.00 MiB page size, pre-allocated 0 pages
[    0.673504] HugeTLB: 28 KiB vmemmap can be freed for a 2.00 MiB page
[    0.679941] raid6: skipped pq benchmark and selected avx512x4
[    0.680501] raid6: using avx512x2 recovery algorithm
[    0.681700] fbcon: Taking over console
[    0.682555] ACPI: Added _OSI(Module Device)
[    0.682557] ACPI: Added _OSI(Processor Device)
[    0.682558] ACPI: Added _OSI(Processor Aggregator Device)
[    0.687824] ACPI: 1 ACPI AML tables successfully acquired and loaded
[    0.689100] ACPI: \_SB_: platform _OSC: OS support mask [006e7eff]
[    0.689746] ACPI: Interpreter enabled
[    0.690514] ACPI: PM: (supports S0 S3 S4 S5)
[    0.691500] ACPI: Using IOAPIC for interrupt routing
[    0.692679] PCI: Using host bridge windows from ACPI; if necessary, use "pci=nocrs" and report a bug
[    0.693502] PCI: Ignoring E820 reservations for host bridge windows
[    0.694660] ACPI: Enabled 2 GPEs in block 00 to 3F
[    0.699665] ACPI: PCI Root Bridge [PCI0] (domain 0000 [bus 00-ff])
[    0.700506] acpi PNP0A08:00: _OSC: OS supports [ExtendedConfig ASPM ClockPM Segments MSI EDR HPX-Type3]
[    0.701571] acpi PNP0A08:00: _OSC: platform does not support [PCIeHotplug LTR DPC]
[    0.702612] acpi PNP0A08:00: _OSC: OS now controls [SHPCHotplug PME AER PCIeCapability]
[    0.703810] PCI host bridge to bus 0000:00
[    0.704505] pci_bus 0000:00: root bus resource [io  0x0000-0x0cf7 window]
[    0.705501] pci_bus 0000:00: root bus resource [io  0x0d00-0xffff window]
[    0.706501] pci_bus 0000:00: root bus resource [mem 0x000a0000-0x000bffff window]
[    0.707508] pci_bus 0000:00: root bus resource [mem 0x80000000-0xdfffffff window]
[    0.708513] pci_bus 0000:00: root bus resource [mem 0xf0000000-0xfebfffff window]
[    0.709502] pci_bus 0000:00: root bus resource [mem 0x380000000000-0x3807ffffffff window]
[    0.710503] pci_bus 0000:00: root bus resource [bus 00-ff]
[    0.711618] pci 0000:00:00.0: [8086:29c0] type 00 class 0x060000 conventional PCI endpoint
[    0.713617] pci 0000:00:01.0: [1af4:1000] type 00 class 0x020000 conventional PCI endpoint
[    0.716427] pci 0000:00:01.0: BAR 0 [io  0x60e0-0x60ff]
[    0.716516] pci 0000:00:01.0: BAR 1 [mem 0x80845000-0x80845fff]
[    0.717557] pci 0000:00:01.0: BAR 4 [mem 0x380000000000-0x380000003fff 64bit pref]
[    0.718516] pci 0000:00:01.0: ROM [mem 0xfffc0000-0xffffffff pref]
[    0.720835] pci 0000:00:02.0: [1af4:1050] type 00 class 0x030000 conventional PCI endpoint
[    0.723579] pci 0000:00:02.0: BAR 0 [mem 0x80000000-0x807fffff pref]
[    0.724569] pci 0000:00:02.0: BAR 2 [mem 0x380000004000-0x380000007fff 64bit pref]
[    0.725516] pci 0000:00:02.0: BAR 4 [mem 0x80844000-0x80844fff]
[    0.726544] pci 0000:00:02.0: ROM [mem 0xffff0000-0xffffffff pref]
[    0.727793] pci 0000:00:02.0: Video device with shadowed ROM at [mem 0x000c0000-0x000dffff]
[    0.730219] pci 0000:00:03.0: [1af4:1052] type 00 class 0x098000 conventional PCI endpoint
[    0.732450] pci 0000:00:03.0: BAR 1 [mem 0x80843000-0x80843fff]
[    0.732557] pci 0000:00:03.0: BAR 4 [mem 0x380000008000-0x38000000bfff 64bit pref]
[    0.734753] pci 0000:00:04.0: [1af4:1052] type 00 class 0x090000 conventional PCI endpoint
[    0.737387] pci 0000:00:04.0: BAR 1 [mem 0x80842000-0x80842fff]
[    0.737562] pci 0000:00:04.0: BAR 4 [mem 0x38000000c000-0x38000000ffff 64bit pref]
[    0.739712] pci 0000:00:05.0: [1af4:1001] type 00 class 0x010000 conventional PCI endpoint
[    0.742441] pci 0000:00:05.0: BAR 0 [io  0x6000-0x607f]
[    0.742516] pci 0000:00:05.0: BAR 1 [mem 0x80841000-0x80841fff]
[    0.743555] pci 0000:00:05.0: BAR 4 [mem 0x380000010000-0x380000013fff 64bit pref]
[    0.745872] pci 0000:00:1f.0: [8086:2918] type 00 class 0x060100 conventional PCI endpoint
[    0.747180] pci 0000:00:1f.0: quirk: [io  0x0600-0x067f] claimed by ICH6 ACPI/GPIO/TCO
[    0.747969] pci 0000:00:1f.2: [8086:2922] type 00 class 0x010601 conventional PCI endpoint
[    0.749565] pci 0000:00:1f.2: BAR 4 [io  0x60c0-0x60df]
[    0.750515] pci 0000:00:1f.2: BAR 5 [mem 0x80840000-0x80840fff]
[    0.752180] pci 0000:00:1f.3: [8086:2930] type 00 class 0x0c0500 conventional PCI endpoint
[    0.753550] pci 0000:00:1f.3: BAR 4 [io  0x6080-0x60bf]
[    0.758101] ACPI: PCI: Interrupt link LNKA configured for IRQ 10
[    0.758654] ACPI: PCI: Interrupt link LNKB configured for IRQ 10
[    0.759661] ACPI: PCI: Interrupt link LNKC configured for IRQ 11
[    0.760658] ACPI: PCI: Interrupt link LNKD configured for IRQ 11
[    0.761647] ACPI: PCI: Interrupt link LNKE configured for IRQ 10
[    0.762647] ACPI: PCI: Interrupt link LNKF configured for IRQ 10
[    0.763645] ACPI: PCI: Interrupt link LNKG configured for IRQ 11
[    0.764651] ACPI: PCI: Interrupt link LNKH configured for IRQ 11
[    0.765563] ACPI: PCI: Interrupt link GSIA configured for IRQ 16
[    0.766516] ACPI: PCI: Interrupt link GSIB configured for IRQ 17
[    0.767538] ACPI: PCI: Interrupt link GSIC configured for IRQ 18
[    0.768525] ACPI: PCI: Interrupt link GSID configured for IRQ 19
[    0.769516] ACPI: PCI: Interrupt link GSIE configured for IRQ 20
[    0.770515] ACPI: PCI: Interrupt link GSIF configured for IRQ 21
[    0.771519] ACPI: PCI: Interrupt link GSIG configured for IRQ 22
[    0.772519] ACPI: PCI: Interrupt link GSIH configured for IRQ 23
[    0.774969] iommu: Default domain type: Translated
[    0.775501] iommu: DMA domain TLB invalidation policy: lazy mode
[    0.777779] SCSI subsystem initialized
[    0.778595] ACPI: bus type USB registered
[    0.779565] usbcore: registered new interface driver usbfs
[    0.780520] usbcore: registered new interface driver hub
[    0.781514] usbcore: registered new device driver usb
[    0.782589] pps_core: LinuxPPS API ver. 1 registered
[    0.783500] pps_core: Software ver. 5.3.6 - Copyright 2005-2007 Rodolfo Giometti <giometti@linux.it>
[    0.784506] PTP clock support registered
[    0.785655] EDAC MC: Ver: 3.0.0
[    0.786812] efivars: Registered efivars operations
[    0.788126] NetLabel: Initializing
[    0.788501] NetLabel:  domain hash size = 128
[    0.789501] NetLabel:  protocols = UNLABELED CIPSOv4 CALIPSO
[    0.790536] NetLabel:  unlabeled traffic allowed by default
[    0.791511] mctp: management component transport protocol core
[    0.792504] NET: Registered PF_MCTP protocol family
[    0.793531] PCI: Using ACPI for IRQ routing
[    0.901798] e820: register RAM buffer resource [mem 0x0080b000-0x008fffff]
[    0.902625] e820: register RAM buffer resource [mem 0x00812000-0x008fffff]
[    0.903515] e820: register RAM buffer resource [mem 0x00814000-0x008fffff]
[    0.904504] e820: register RAM buffer resource [mem 0x7deed000-0x7fffffff]
[    0.905508] e820: register RAM buffer resource [mem 0x7def9000-0x7fffffff]
[    0.906501] e820: register RAM buffer resource [mem 0x7f8ed000-0x7fffffff]
[    0.907501] e820: register RAM buffer resource [mem 0x7ff20000-0x7fffffff]
[    0.908808] pci 0000:00:02.0: vgaarb: setting as boot VGA device
[    0.909492] pci 0000:00:02.0: vgaarb: bridge control possible
[    0.909492] pci 0000:00:02.0: vgaarb: VGA device added: decodes=io+mem,owns=io+mem,locks=none
[    0.909500] vgaarb: loaded
[    0.910767] hpet0: at MMIO 0xfed00000, IRQs 2, 8, 0
[    0.911500] hpet0: 3 comparators, 64-bit 100.000000 MHz counter
[    0.915630] clocksource: Switched to clocksource kvm-clock
[    0.918081] VFS: Disk quotas dquot_6.6.0
[    0.919416] VFS: Dquot-cache hash table entries: 512 (order 0, 4096 bytes)
[    0.922312] acpi PNP0C01:00: Reserved [mem 0xe0000000-0xefffffff]
[    0.924135] pnp: PnP ACPI init
[    0.925650] pnp: PnP ACPI: found 4 devices
[    0.934107] clocksource: acpi_pm: mask: 0xffffff max_cycles: 0xffffff, max_idle_ns: 2085701024 ns
[    0.936862] NET: Registered PF_INET protocol family
[    0.939241] IP idents hash table entries: 131072 (order: 8, 1048576 bytes, linear)
[    0.963084] tcp_listen_portaddr_hash hash table entries: 4096 (order: 4, 65536 bytes, linear)
[    0.965678] Table-perturb hash table entries: 65536 (order: 6, 262144 bytes, linear)
[    0.967999] TCP established hash table entries: 65536 (order: 7, 524288 bytes, linear)
[    0.970439] TCP bind hash table entries: 65536 (order: 9, 2097152 bytes, linear)
[    0.972712] TCP: Hash tables configured (established 65536 bind 65536)
[    0.974787] MPTCP token hash table entries: 8192 (order: 6, 196608 bytes, linear)
[    0.977034] UDP hash table entries: 4096 (order: 6, 262144 bytes, linear)
[    0.979211] NET: Registered PF_UNIX/PF_LOCAL protocol family
[    0.980949] NET: Registered PF_XDP protocol family
[    0.982426] pci 0000:00:01.0: ROM [mem 0xfffc0000-0xffffffff pref]: can't claim; no compatible bridge window
[    0.985374] pci 0000:00:01.0: ROM [mem 0x80800000-0x8083ffff pref]: assigned
[    0.987461] pci_bus 0000:00: resource 4 [io  0x0000-0x0cf7 window]
[    0.989289] pci_bus 0000:00: resource 5 [io  0x0d00-0xffff window]
[    0.991093] pci_bus 0000:00: resource 6 [mem 0x000a0000-0x000bffff window]
[    0.993119] pci_bus 0000:00: resource 7 [mem 0x80000000-0xdfffffff window]
[    0.995138] pci_bus 0000:00: resource 8 [mem 0xf0000000-0xfebfffff window]
[    0.997187] pci_bus 0000:00: resource 9 [mem 0x380000000000-0x3807ffffffff window]
[    0.999594] PCI: CLS 0 bytes, default 64
[    1.000874] PCI-DMA: Using software bounce buffering for IO (SWIOTLB)
[    1.001008] Trying to unpack rootfs image as initramfs...
[    1.002785] software IO TLB: mapped [mem 0x0000000077e7e000-0x000000007be7e000] (64MB)
[    1.002917] clocksource: tsc: mask: 0xffffffffffffffff max_cycles: 0x3b195b6e39b, max_idle_ns: 440795394037 ns
[    1.017083] Initialise system trusted keyrings
[    1.018584] Key type blacklist registered
[    1.020176] workingset: timestamp_bits=36 (anon: 32) max_order=21 bucket_order=0 (anon: 0)
[    1.024528] integrity: Platform Keyring initialized
[    1.026015] integrity: Machine keyring initialized
[    1.027786] cryptd: max_cpu_qlen set to 1000
[    1.038311] NET: Registered PF_ALG protocol family
[    1.039936] Key type asymmetric registered
[    1.041335] Asymmetric key parser 'x509' registered
[    1.043933] Block layer SCSI generic (bsg) driver version 0.4 loaded (major 244)
[    1.046543] io scheduler mq-deadline registered
[    1.048065] io scheduler kyber registered
[    1.049444] io scheduler bfq registered
[    1.051792] atomic64_test: passed for x86-64 platform with CX8 and with SSE
[    1.054384] input: Power Button as /devices/platform/LNXPWRBN:00/input/input0
[    1.056652] ACPI: button: Power Button [PWRF]
[    1.060211] ACPI: \_SB_.GSIF: Enabled at IRQ 21
[    1.063291] ACPI: \_SB_.GSIG: Enabled at IRQ 22
[    1.066290] ACPI: \_SB_.GSIH: Enabled at IRQ 23
[    1.069170] ACPI: \_SB_.GSIE: Enabled at IRQ 20
[    1.074108] Serial: 8250/16550 driver, 32 ports, IRQ sharing enabled
[    1.076367] 00:03: ttyS0 at I/O 0x3f8 (irq = 4, base_baud = 115200) is a 16550A
[    1.081930] Non-volatile memory driver v1.3
[    1.083637] ACPI: bus type drm_connector registered
[    1.088066] virtio_blk virtio4: 8/0/0 default/read/poll queues
[    1.094725] virtio_blk virtio4: [vda] 134217728 512-byte logical blocks (68.7 GB/64.0 GiB)
[    1.099081]  vda: vda1 vda2 vda3
[    1.101069] ACPI: \_SB_.GSIA: Enabled at IRQ 16
[    1.103911] ahci 0000:00:1f.2: AHCI vers 0001.0000, 32 command slots, 1.5 Gbps, SATA mode
[    1.106361] ahci 0000:00:1f.2: 6/6 ports implemented (port mask 0x3f)
[    1.108293] ahci 0000:00:1f.2: flags: 64bit ncq only 
[    1.112465] scsi host0: ahci
[    1.113862] scsi host1: ahci
[    1.114990] scsi host2: ahci
[    1.116172] scsi host3: ahci
[    1.117405] scsi host4: ahci
[    1.118684] scsi host5: ahci
[    1.119680] ata1: SATA max UDMA/133 abar m4096@0x80840000 port 0x80840100 irq 33 lpm-pol 1
[    1.122150] ata2: SATA max UDMA/133 abar m4096@0x80840000 port 0x80840180 irq 33 lpm-pol 1
[    1.124573] ata3: SATA max UDMA/133 abar m4096@0x80840000 port 0x80840200 irq 33 lpm-pol 1
[    1.126973] ata4: SATA max UDMA/133 abar m4096@0x80840000 port 0x80840280 irq 33 lpm-pol 1
[    1.129374] ata5: SATA max UDMA/133 abar m4096@0x80840000 port 0x80840300 irq 33 lpm-pol 1
[    1.131758] ata6: SATA max UDMA/133 abar m4096@0x80840000 port 0x80840380 irq 33 lpm-pol 1
[    1.134511] CAN device driver interface
[    1.136197] usbcore: registered new interface driver usbserial_generic
[    1.138158] usbserial: USB Serial support registered for generic
[    1.139975] i8042: PNP: PS/2 Controller [PNP0303:KBD,PNP0f13:MOU] at 0x60,0x64 irq 1,12
[    1.143298] serio: i8042 KBD port at 0x60,0x64 irq 1
[    1.144761] serio: i8042 AUX port at 0x60,0x64 irq 12
[    1.146337] mousedev: PS/2 mouse device common for all mice
[    1.148223] rtc_cmos PNP0B00:00: RTC can wake from S4
[    1.150271] input: AT Translated Set 2 keyboard as /devices/platform/i8042/serio0/input/input1
[    1.151355] rtc_cmos PNP0B00:00: registered as rtc0
[    1.154562] rtc_cmos PNP0B00:00: setting system clock to 2026-07-20T17:02:31 UTC (1784566951)
[    1.157329] rtc_cmos PNP0B00:00: alarms up to one day, y3k, 242 bytes nvram
[    1.158693] input: VirtualPS/2 VMware VMMouse as /devices/platform/i8042/serio1/input/input4
[    1.159912] device-mapper: core: CONFIG_IMA_DISABLE_HTABLE is disabled. Duplicate IMA measurements will not be recorded in the IMA log.
[    1.163142] input: VirtualPS/2 VMware VMMouse as /devices/platform/i8042/serio1/input/input3
[    1.166175] device-mapper: uevent: version 1.0.3
[    1.170239] device-mapper: ioctl: 4.50.0-ioctl (2025-04-28) initialised: dm-devel@lists.linux.dev
[    1.173239] amd_pstate: The CPPC feature is supported but currently disabled by the BIOS.
[    1.173239] Please enable it if your BIOS has the CPPC option.
[    1.177403] amd_pstate: the _CPC object is not present in SBIOS or ACPI disabled
[    1.180110] simple-framebuffer simple-framebuffer.0: [drm] Registered 1 planes with drm panic
[    1.182705] [drm] Initialized simpledrm 1.0.0 for simple-framebuffer.0 on minor 0
[    1.192547] Console: switching to colour frame buffer device 160x50
[    1.195382] simple-framebuffer simple-framebuffer.0: [drm] fb0: simpledrmdrmfb frame buffer device
[    1.198470] hid: raw HID events driver (C) Jiri Kosina
[    1.200284] usbcore: registered new interface driver usbhid
[    1.202154] usbhid: USB HID core driver
[    1.203669] drop_monitor: Initializing network drop monitor service
[    1.205950] Initializing XFRM netlink socket
[    1.207308] NET: Registered PF_INET6 protocol family
[    1.209451] Segment Routing with IPv6
[    1.210593] RPL Segment Routing with IPv6
[    1.211835] In-situ OAM (IOAM) with IPv6
[    1.213074] mip6: Mobile IPv6
[    1.214015] NET: Registered PF_PACKET protocol family
[    1.215546] can: controller area network core
[    1.216924] NET: Registered PF_CAN protocol family
[    1.220365] IPI shorthand broadcast: enabled
[    1.225968] sched_clock: Marking stable (877024770, 348612021)->(1439824794, -214188003)
[    1.229474] registered taskstats version 1
[    1.233227] Loading compiled-in X.509 certificates
[    1.241365] Loaded X.509 cert 'Build time autogenerated kernel key: ee71fdbd84a1e7d51c52f7049642deb14d1904d3'
[    1.253409] Demotion targets for Node 0: null
[    1.254792] page_owner is disabled
[    1.256189] Key type .fscrypt registered
[    1.257382] Key type fscrypt-provisioning registered
[    1.259800] Btrfs loaded, zoned=yes, fsverity=yes
[    1.261286] Key type big_key registered
[    1.263236] Key type encrypted registered
[    1.264838] ima: No TPM chip found, activating TPM-bypass!
[    1.266845] Loading compiled-in module X.509 certificates
[    1.269141] Loaded X.509 cert 'Build time autogenerated kernel key: ee71fdbd84a1e7d51c52f7049642deb14d1904d3'
[    1.272816] ima: Allocated hash algorithm: sha256
[    1.274911] ima: No architecture policies found
[    1.276560] evm: Initialising EVM extended attributes:
[    1.278418] evm: security.selinux
[    1.279790] evm: security.SMACK64 (disabled)
[    1.281332] evm: security.SMACK64EXEC (disabled)
[    1.283021] evm: security.SMACK64TRANSMUTE (disabled)
[    1.284850] evm: security.SMACK64MMAP (disabled)
[    1.286373] evm: security.apparmor
[    1.287685] evm: security.ima
[    1.288849] evm: security.capability
[    1.290062] evm: HMAC attrs: 0x1
[    1.293133] alg: No test for 842 (842-scomp)
[    1.302865] PM:   Magic number: 2:275:37
[    1.304490] memory memory73: hash matches
[    1.306509] RAS: Correctable Errors collector initialized.
[    1.309206] clk: Disabling unused clocks
[    1.310947] PM: genpd: Disabling unused power domains
[    1.440579] ata6: SATA link down (SStatus 0 SControl 300)
[    1.442961] ata2: SATA link down (SStatus 0 SControl 300)
[    1.445130] ata5: SATA link down (SStatus 0 SControl 300)
[    1.447500] ata3: SATA link up 1.5 Gbps (SStatus 113 SControl 300)
[    1.450033] ata4: SATA link down (SStatus 0 SControl 300)
[    1.451976] ata3.00: ATAPI: QEMU DVD-ROM, 2.5+, max UDMA/100
[    1.453830] ata3.00: applying bridge limits
[    1.455721] ata1: SATA link down (SStatus 0 SControl 300)
[    1.458116] ata3.00: configured for UDMA/100
[    1.460634] scsi 2:0:0:0: CD-ROM            QEMU     QEMU DVD-ROM     2.5+ PQ: 0 ANSI: 5
[    1.489188] sr 2:0:0:0: [sr0] scsi3-mmc drive: 4x/4x cd/rw xa/form2 tray
[    1.507909] cdrom: Uniform CD-ROM driver Revision: 3.20
[    1.518521] sr 2:0:0:0: Attached scsi generic sg0 type 5
[    2.090976] Freeing initrd memory: 246088K
[    2.095947] Freeing unused decrypted memory: 2028K
[    2.100099] Freeing unused kernel image (initmem) memory: 5300K
[    2.101901] Write protecting the kernel read-only data: 45056k
[    2.103889] Freeing unused kernel image (text/rodata gap) memory: 204K
[    2.106702] Freeing unused kernel image (rodata/data gap) memory: 1728K
[    2.151045] x86/mm: Checked W+X mappings: passed, no W+X pages found.
[    2.152919] Run /init as init process
P+q6E616D65\[    2.505924] fuse: init (API version 7.45)
[    2.523365] systemd[1]: Successfully made /usr/ read-only.
[6n[32766;32766H[6n[!p]104\[0m[?7h[1G[0J[    2.859837] systemd[1]: systemd 259.7-1.fc44 running in system mode (+PAM +AUDIT +SELINUX -APPARMOR +IMA +IPE +SMACK +SECCOMP -GCRYPT +GNUTLS +OPENSSL +ACL +BLKID +CURL +ELFUTILS +FIDO2 +IDN2 -IDN +KMOD +LIBCRYPTSETUP +LIBCRYPTSETUP_PLUGINS +LIBFDISK +PCRE2 +PWQUALITY +P11KIT +QRENCODE +TPM2 +BZIP2 +LZ4 +XZ +ZLIB +ZSTD +BPF_FRAMEWORK +BTF +XKBCOMMON +UTMP +SYSVINIT +LIBARCHIVE)
[    2.870738] systemd[1]: Detected virtualization kvm.
[    2.872447] systemd[1]: Detected architecture x86-64.
[    2.874452] systemd[1]: Running in initrd.
[0;1;39mBooting initrd of [0m[0;38;2;138;43;226mBazzite dracut-108-7.fc44 (Initramfs)[0m[0;1;39m.[0m
[    2.880076] systemd[1]: Initializing machine ID from random generator.
[    2.882716] systemd[1]: No hostname configured, using default hostname.
[    2.885072] systemd[1]: Hostname set to <bazzite>.
]3008;start=c0740ca71b6e4379914eb6ce4af0f68a;user=root;hostname=bazzite;machineid=6667c92d394847819d18efdd173551ef;bootid=48ef35e389994a60ac3fb0b66c022f06;pid=1;pidfdid=1;comm=systemd;type=boot\[    3.003261] systemd[1]: bpf-restrict-fs: LSM BPF program attached
[    3.064412] systemd[1]: /usr/lib/systemd/system/systemd-udevd.service:56: System call bpf cannot be resolved as libseccomp is not available, ignoring: Operation not supported
[    3.085495] systemd[1]: Queued start job for default target initrd.target.
[    3.095431] systemd[1]: Expecting device dev-disk-by\x2duuid-16d6e9ea\x2d19b9\x2d4095\x2d9bf1\x2d4c3c4973c5b8.device - /dev/disk/by-uuid/16d6e9ea-19b9-4095-9bf1-4c3c4973c5b8...
         Expecting device [0;1;39mdev-disk-by\x2duu…[0me9ea-19b9-4095-9bf1-4c3c4973c5b8...
[    3.103061] systemd[1]: Reached target initrd-usr-fs.target - Initrd /usr File System.
[[0;32m  OK  [0m] Reached target [0;1;39minitrd-usr-fs.target[0m - Initrd /usr File System.
[    3.108433] systemd[1]: Reached target slices.target - Slice Units.
[[0;32m  OK  [0m] Reached target [0;1;39mslices.target[0m - Slice Units.
[    3.112752] systemd[1]: Reached target swap.target - Swaps.
[[0;32m  OK  [0m] Reached target [0;1;39mswap.target[0m - Swaps.
[    3.116694] systemd[1]: Reached target timers.target - Timer Units.
[[0;32m  OK  [0m] Reached target [0;1;39mtimers.target[0m - Timer Units.
[    3.122744] systemd[1]: Listening on pcscd.socket - PC/SC Smart Card Daemon Activation Socket (Dracut).
[[0;32m  OK  [0m] Listening on [0;1;39mpcscd.socket[0m - PC/SC … Daemon Activation Socket (Dracut).
[    3.129738] systemd[1]: Listening on systemd-journald-dev-log.socket - Journal Socket (/dev/log).
[[0;32m  OK  [0m] Listening on [0;1;39msystemd-journald-dev-…socket[0m - Journal Socket (/dev/log).
[    3.135642] systemd[1]: Listening on systemd-journald.socket - Journal Sockets.
[[0;32m  OK  [0m] Listening on [0;1;39msystemd-journald.socket[0m - Journal Sockets.
[    3.140991] systemd[1]: Listening on systemd-udevd-control.socket - udev Control Socket.
[[0;32m  OK  [0m] Listening on [0;1;39msystemd-udevd-control.socket[0m - udev Control Socket.
[    3.146605] systemd[1]: Listening on systemd-udevd-kernel.socket - udev Kernel Socket.
[[0;32m  OK  [0m] Listening on [0;1;39msystemd-udevd-kernel.socket[0m - udev Kernel Socket.
[    3.151863] systemd[1]: Reached target sockets.target - Socket Units.
[[0;32m  OK  [0m] Reached target [0;1;39msockets.target[0m - Socket Units.
[    3.157961] systemd[1]: Starting kmod-static-nodes.service - Create List of Static Device Nodes...
         Starting [0;1;39mkmod-static-nodes.service[0m…eate List of Static Device Nodes...
[    3.163688] systemd[1]: memstrack.service - Memstrack Anylazing Service skipped, no trigger condition checks were met.
[    3.173028] systemd[1]: Starting systemd-journald.service - Journal Service...
         Starting [0;1;39msystemd-journald.service[0m - Journal Service...
[    3.178765] systemd[1]: Starting systemd-modules-load.service - Load Kernel Modules...
         Starting [0;1;39msystemd-modules-load.[    3.182638] systemd-journald[249]: Collecting audit messages is disabled.
service[0m - Load Kernel Modules...
[    3.185484] systemd[1]: systemd-pcrphase-initrd.service - TPM PCR Barrier (initrd) skipped, unmet condition check ConditionSecurity=measured-uki
[    3.190732] Asymmetric key parser 'pkcs8' registered
[    3.193702] i2c_dev: i2c /dev entries driver
[    3.194262] systemd[1]: Starting systemd-vconsole-setup.service - Virtual Console Setup...
[    3.198225] gcadapter_oc: loading out-of-tree module taints kernel.
[    3.200291] gcadapter_oc: module verification failed: signature and/or required key missing - tainting kernel
         Starting [0;1;39msystemd-vconsole-setup.service[0m - Virtual Console Setup...
[    3.206211] kvmfr: creating 0 static devices
[    3.207204] systemd[1]: Finished kmod-static-nodes.service - Create List of Static Device Nodes.
[    3.207505] kvmfr: kvmfr_module_init: module loaded
[[0;32m  OK  [0m] Finished [0;1;39mkmod-static-nodes.service[0m…Create List of Static Device Nodes.
[    3.217525] system76: Model does not utilize this driver
[    3.217699] systemd[1]: Starting systemd-tmpfiles-setup-dev-early.service - Create Static Device Nodes in /dev gracefully...
[    3.223146] mc: Linux media interface: v0.10
[    3.223186] usbcore: registered new interface driver system76-io
         Starting [0;1;39msyste[    3.227169] systemd[1]: Started systemd-journald.service - Journal Service.
md-tmpfiles-setup-de…[0m Device Nodes in /dev gracefully...
[[0;32m  OK  [0m] Started [0;1;39msystemd-journald.service[0m - Journal Service.
[    3.239978] videodev: Linux video capture interface: v2.00
[[0;32m  OK  [0m] Finished [0;1;39msystemd-tmpfiles-setup-de…[0mic Device Nodes in /dev gracefully.
         Starting [0;1;39msystemd-tmpfiles-setup-de…[0meate Static Device Nodes in /dev...
[    3.255959] v4l2-loopback driver version 0.15.4 loaded
[[0;32m  OK  [0m] Finished [0;1;39msystemd-tmpfiles-setup-de…[0mCreate Static Device Nodes in /dev.
[[0;32m  OK  [0m] Finished [0;1;39msystemd-modules-load.service[0m - Load Kernel Modules.
[[0;32m  OK  [0m] Reached target [0;1;39mlocal-fs-pre.target[0m…Preparation for Local File Systems.
[[0;32m  OK  [0m] Reached target [0;1;39mlocal-fs.target[0m - Local File Systems.
         Starting [0;1;39msystemd-sysctl.service[0m - Apply Kernel Variables...
         Starting [0;1;39msystemd-tmpfiles-setup.se…[0mate System Files and Directories...
[[0;32m  OK  [0m] Finished [0;1;39msystemd-vconsole-setup.service[0m - Virtual Console Setup.
         Starting [0;1;39mdracut-cmdline-ask.servic…[0mor additional cmdline parameters...
[[0;32m  OK  [0m] Finished [0;1;39msystemd-sysctl.service[0m - Apply Kernel Variables.
[[0;32m  OK  [0m] Finished [0;1;39msystemd-tmpfiles-setup.se…[0mreate System Files and Directories.
[[0;32m  OK  [0m] Finished [0;1;39mdracut-cmdline-ask.servic…[0m for additional cmdline parameters.
         Starting [0;1;39mdracut-cmdline.service[0m - dracut cmdline hook...
[[0;32m  OK  [0m] Finished [0;1;39mdracut-cmdline.service[0m - dracut cmdline hook.
         Starting [0;1;39mdracut-pre-udev.service[0m - dracut pre-udev hook...
[    3.438190] VFIO - User Level meta-driver version: 0.3
[[0;32m  OK  [0m] Finished [0;1;39mdracut-pre-udev.service[0m - dracut pre-udev hook.
         Starting [0;1;39msystemd-udevd.service[0m - R…ager for Device Events and Files...
[[0;32m  OK  [0m] Started [0;1;39msystemd-udevd.service[0m - Ru…anager for Device Events and Files.
         Starting [0;1;39mdracut-pre-trigger.service[0m - dracut pre-trigger hook...
[[0;32m  OK  [0m] Finished [0;1;39mdracut-pre-trigger.service[0m - dracut pre-trigger hook.
         Starting [0;1;39msystemd-udev-trigger.service[0m - Coldplug All udev Devices...
[[0;32m  OK  [0m] Finished [0;1;39msystemd-udev-trigger.service[0m - Coldplug All udev Devices.
         Starting [0;1;39mdracut-initqueue.service[0m - dracut initqueue hook...
         Starting [0;1;39mplymouth-start.service[0m - Show Plymouth Boot Screen...
[[0;32m  OK  [0m] Created slice [0;1;39msystem-modprobe.slice[0m - Slice /system/modprobe.
[[0;32m  OK  [0m] Started [0;1;39mplymouth-start.service[0m - Show Plymouth Boot Screen.
[[0;32m  OK  [0m] Started [0;1;39msystemd-ask-password-plymo…[0mquests to Plymouth Directory Watch.
[[0;32m  OK  [0m] Reached target [0;1;39mcryptsetup.target[0m - Local Encrypted Volumes.
[[0;32m  OK  [0m] Reached target [0;1;39mpaths.target[0m - Path Units.
[[0;32m  OK  [0m] Found device [0;1;39mdev-disk-by\x2duuid-1…[0md6e9ea-19b9-4095-9bf1-4c3c4973c5b8.
[[0;32m  OK  [0m] Reached target [0;1;39minitrd-root-device.target[0m - Initrd Root Device.
[0;21;39m[drm] pci: virtio-vga detected at 0000:00:02.0[0m
[0;21;39mConsole: switching to colour dummy device 80x25[0m
[0;21;39mvirtio-pci 0000:00:02.0: vgaarb: deactivate vga console[0m
[0;21;39m[drm] features: -virgl +edid -resource_blob -host_visible[0m
[0;21;39m[drm] features: -context_init[0m
[0;21;39m[drm] number of scanouts: 1[0m
[0;21;39m[drm] number of cap sets: 0[0m
[0;21;39mvirtio-pci 0000:00:02.0: [drm] Registered 1 planes with drm panic[0m
[[0;32m  OK  [0m] Stopped [0;1;39msystemd-vconsole-setup.service[0m - Virtual Console Setup.
         Stopping [0;1;39msystemd-vconsole-setup.service[0m - Virtual Console Setup...
         Starting [0;1;39msystemd-vconsole-setup.service[0m - Virtual Console Setup...
[0;21;39m[drm] Initialized virtio_gpu 0.1.0 for 0000:00:02.0 on minor 1[0m
[0;21;39mfbcon: virtio_gpudrmfb (fb0) is primary device[0m
[0;21;39mConsole: switching to colour frame buffer device 160x50[0m
[0;21;39mvirtio-pci 0000:00:02.0: [drm] fb0: virtio_gpudrmfb frame buffer device[0m
[[0;32m  OK  [0m] Stopped [0;1;39msystemd-vconsole-setup.service[0m - Virtual Console Setup.
         Starting [0;1;39msystemd-vconsole-setup.service[0m - Virtual Console Setup...
[[0;32m  OK  [0m] Finished [0;1;39mdracut-initqueue.service[0m - dracut initqueue hook.
[[0;32m  OK  [0m] Reached target [0;1;39mremote-fs-pre.targe…[0mreparation for Remote File Systems.
[[0;32m  OK  [0m] Reached target [0;1;39mremote-cryptsetup.target[0m - Remote Encrypted Volumes.
[[0;32m  OK  [0m] Reached target [0;1;39mremote-fs.target[0m - Remote File Systems.
         Starting [0;1;39mdracut-pre-mount.service[0m - dracut pre-mount hook...
[[0;32m  OK  [0m] Finished [0;1;39mdracut-pre-mount.service[0m - dracut pre-mount hook.
         Starting [0;1;39msystemd-fsck-root.service[0m…e9ea-19b9-4095-9bf1-4c3c4973c5b8...
[[0;32m  OK  [0m] Finished [0;1;39msystemd-fsck-root.service[0m…d6e9ea-19b9-4095-9bf1-4c3c4973c5b8.
[[0;32m  OK  [0m] Finished [0;1;39msystemd-vconsole-setup.service[0m - Virtual Console Setup.
         Mounting [0;1;39msys-kernel-config.mount[0m - Kernel Configuration File System...
         Mounting [0;1;39msysroot.mount[0m - /sysroot...
[[0;32m  OK  [0m] Mounted [0;1;39msys-kernel-config.mount[0m - Kernel Configuration File System.
[[0;32m  OK  [0m] Reached target [0;1;39msysinit.target[0m - System Initialization.
[[0;32m  OK  [0m] Reached target [0;1;39mbasic.target[0m - Basic System.
[0;21;39mBTRFS: device label fedora_bazzite-labwc-test devid 1 transid 299 /dev/vda3 (253:3) scanned by mount (560)[0m
[0;21;39mBTRFS info (device vda3): first mount of filesystem 16d6e9ea-19b9-4095-9bf1-4c3c4973c5b8[0m
[0;21;39mBTRFS info (device vda3): using crc32c checksum algorithm[0m
[0;21;39mBTRFS info (device vda3): turning on async discard[0m
[0;21;39mBTRFS info (device vda3): enabling free space tree[0m
[[0;32m  OK  [0m] Mounted [0;1;39msysroot.mount[0m - /sysroot.
         Starting [0;1;39mostree-prepare-root.service[0m - OSTree Prepare OS/...
[0;21;32mnetfs: FS-Cache loaded[0m
[0;21;39merofs (device erofs): mounted with root inode @ nid 36.[0m
[[0;32m  OK  [0m] Finished [0;1;39mostree-prepare-root.service[0m - OSTree Prepare OS/.
[[0;32m  OK  [0m] Reached target [0;1;39minitrd-root-fs.target[0m - Initrd Root File System.
         Starting [0;1;39minitrd-parse-etc.service[0m …ints Configured in the Real Root...
[[0;32m  OK  [0m] Finished [0;1;39minitrd-parse-etc.service[0m …points Configured in the Real Root.
[[0;32m  OK  [0m] Reached target [0;1;39minitrd-fs.target[0m - Initrd File Systems.
[[0;32m  OK  [0m] Reached target [0;1;39minitrd.target[0m - Initrd Default Target.
         Starting [0;1;39mdracut-pre-pivot.service[0m …racut pre-pivot and cleanup hook...
[[0;32m  OK  [0m] Finished [0;1;39mdracut-pre-pivot.service[0m - dracut pre-pivot and cleanup hook.
         Starting [0;1;39minitrd-cleanup.service[0m - …ing Up and Shutting Down Daemons...
[[0;32m  OK  [0m] Stopped target [0;1;39mremote-cryptsetup.target[0m - Remote Encrypted Volumes.
[[0;32m  OK  [0m] Stopped target [0;1;39mtimers.target[0m - Timer Units.
[[0;32m  OK  [0m] Closed [0;1;39mpcscd.socket[0m - PC/SC Smart … Daemon Activation Socket (Dracut).
[[0;32m  OK  [0m] Stopped [0;1;39mdracut-pre-pivot.service[0m - dracut pre-pivot and cleanup hook.
[[0;32m  OK  [0m] Stopped target [0;1;39minitrd.target[0m - Initrd Default Target.
[[0;32m  OK  [0m] Stopped target [0;1;39mbasic.target[0m - Basic System.
[[0;32m  OK  [0m] Stopped target [0;1;39minitrd-root-device.target[0m - Initrd Root Device.
[[0;32m  OK  [0m] Stopped target [0;1;39minitrd-usr-fs.target[0m - Initrd /usr File System.
[[0;32m  OK  [0m] Stopped target [0;1;39mpaths.target[0m - Path Units.
[[0;32m  OK  [0m] Stopped target [0;1;39mremote-fs.target[0m - Remote File Systems.
[[0;32m  OK  [0m] Stopped target [0;1;39mremote-fs-pre.targe…[0mreparation for Remote File Systems.
[[0;32m  OK  [0m] Stopped target [0;1;39mslices.target[0m - Slice Units.
[[0;32m  OK  [0m] Stopped target [0;1;39msockets.target[0m - Socket Units.
[[0;32m  OK  [0m] Stopped target [0;1;39msysinit.target[0m - System Initialization.
[[0;32m  OK  [0m] Stopped target [0;1;39mswap.target[0m - Swaps.
[[0;32m  OK  [0m] Stopped [0;1;39mdracut-pre-mount.service[0m - dracut pre-mount hook.
[[0;32m  OK  [0m] Stopped target [0;1;39mcryptsetup.target[0m - Local Encrypted Volumes.
[[0;32m  OK  [0m] Stopped [0;1;39mdracut-initqueue.service[0m - dracut initqueue hook.
         Starting [0;1;39mplymouth-switch-root.serv…e[0m - Plymouth switch root service...
[[0;32m  OK  [0m] Stopped [0;1;39msystemd-sysctl.service[0m - Apply Kernel Variables.
[[0;32m  OK  [0m] Stopped [0;1;39msystemd-modules-load.service[0m - Load Kernel Modules.
[[0;32m  OK  [0m] Stopped [0;1;39msystemd-tmpfiles-setup.ser…[0mreate System Files and Directories.
[[0;32m  OK  [0m] Stopped target [0;1;39mlocal-fs.target[0m - Local File Systems.
[[0;32m  OK  [0m] Stopped target [0;1;39mlocal-fs-pre.target[0m…Preparation for Local File Systems.
[[0;32m  OK  [0m] Stopped [0;1;39msystemd-udev-trigger.service[0m - Coldplug All udev Devices.
[[0;32m  OK  [0m] Stopped [0;1;39mdracut-pre-trigger.service[0m - dracut pre-trigger hook.
         Stopping [0;1;39msystemd-udevd.service[0m - R…ager for Device Events and Files...
[[0;32m  OK  [0m] Finished [0;1;39minitrd-cleanup.service[0m - …aning Up and Shutting Down Daemons.
[[0;32m  OK  [0m] Stopped [0;1;39msystemd-udevd.service[0m - Ru…anager for Device Events and Files.
[[0;32m  OK  [0m] Closed [0;1;39msystemd-udevd-control.socket[0m - udev Control Socket.
[[0;32m  OK  [0m] Stopped [0;1;39mdracut-pre-udev.service[0m - dracut pre-udev hook.
[[0;32m  OK  [0m] Stopped [0;1;39mdracut-cmdline.service[0m - dracut cmdline hook.
[[0;32m  OK  [0m] Stopped [0;1;39mdracut-cmdline-ask.service[0m… for additional cmdline parameters.
         Starting [0;1;39minitrd-udevadm-cleanup-db.service[0m - Cleanup udev Database...
[[0;32m  OK  [0m] Stopped [0;1;39msystemd-tmpfiles-setup-dev…[0mCreate Static Device Nodes in /dev.
[[0;32m  OK  [0m] Stopped [0;1;39msystemd-tmpfiles-setup-dev…[0mic Device Nodes in /dev gracefully.
[[0;32m  OK  [0m] Stopped [0;1;39mkmod-static-nodes.service[0m …Create List of Static Device Nodes.
[[0;32m  OK  [0m] Finished [0;1;39minitrd-udevadm-cleanup-db.service[0m - Cleanup udev Database.
[[0;32m  OK  [0m] Reached target [0;1;39minitrd-switch-root.target[0m - Switch Root.
[[0;32m  OK  [0m] Finished [0;1;39mplymouth-switch-root.service[0m - Plymouth switch root service.
         Starting [0;1;39minitrd-switch-root.service[0m - Switch Root...
[0;21;39msystemd-journald[249]: Received SIGTERM from PID 1 (systemd).[0m
[0;21;32maudit: type=1404 audit(1784566954.973:2): enforcing=1 old_enforcing=0 auid=4294967295 ses=4294967295 enabled=1 old-enabled=1 lsm=selinux res=1[0m
[0;21;39mSELinux:  Permission firmware_load in class system not defined in policy.[0m
[0;21;39mSELinux:  Permission kexec_image_load in class system not defined in policy.[0m
[0;21;39mSELinux:  Permission kexec_initramfs_load in class system not defined in policy.[0m
[0;21;39mSELinux:  Permission policy_load in class system not defined in policy.[0m
[0;21;39mSELinux:  Permission x509_certificate_load in class system not defined in policy.[0m
[0;21;39mSELinux:  Permission map_create_as in class bpf not defined in policy.[0m
[0;21;39mSELinux:  Permission prog_load_as in class bpf not defined in policy.[0m
[0;21;39mSELinux:  Permission allowed in class io_uring not defined in policy.[0m
[0;21;39mSELinux:  Class memfd_file not defined in policy.[0m
[0;21;39mSELinux: the above unknown classes and permissions will be allowed[0m
[0;21;39mSELinux:  policy capability network_peer_controls=1[0m
[0;21;39mSELinux:  policy capability open_perms=1[0m
[0;21;39mSELinux:  policy capability extended_socket_class=1[0m
[0;21;39mSELinux:  policy capability always_check_network=0[0m
[0;21;39mSELinux:  policy capability cgroup_seclabel=1[0m
[0;21;39mSELinux:  policy capability nnp_nosuid_transition=1[0m
[0;21;39mSELinux:  policy capability genfs_seclabel_symlinks=1[0m
[0;21;39mSELinux:  policy capability ioctl_skip_cloexec=0[0m
[0;21;39mSELinux:  policy capability userspace_initial_context=0[0m
[0;21;39mSELinux:  policy capability netlink_xperm=0[0m
[0;21;39mSELinux:  policy capability netif_wildcard=0[0m
[0;21;39mSELinux:  policy capability genfs_seclabel_wildcard=0[0m
[0;21;39mSELinux:  policy capability functionfs_seclabel=0[0m
[0;21;39mSELinux:  policy capability memfd_class=0[0m
[0;21;39mSELinux:  policy capability bpf_token_perms=0[0m
[0;21;32maudit: type=1403 audit(1784566955.073:3): auid=4294967295 ses=4294967295 lsm=selinux res=1[0m
[0;21;39msystemd[1]: Successfully loaded SELinux policy in 101.912ms.[0m
P+q6E616D65\[0;21;39mNET: Registered PF_VSOCK protocol family[0m
[0;21;39msystemd[1]: Relabeled /dev/, /dev/shm/, /run/ in 12.215ms.[0m
[6n[32766;32766H[6n[!p]104\[0m[?7h[1G[0J[0;21;39msystemd[1]: systemd 259.7-1.fc44 running in system mode (+PAM +AUDIT +SELINUX -APPARMOR +IMA +IPE +SMACK +SECCOMP -GCRYPT +GNUTLS +OPENSSL +ACL +BLKID +CURL +ELFUTILS +FIDO2 +IDN2 -IDN +KMOD +LIBCRYPTSETUP +LIBCRYPTSETUP_PLUGINS +LIBFDISK +PCRE2 +PWQUALITY +P11KIT +QRENCODE +TPM2 +BZIP2 +LZ4 +XZ +ZLIB +ZSTD +BPF_FRAMEWORK +BTF +XKBCOMMON +UTMP +SYSVINIT +LIBARCHIVE)[0m
[0;21;39msystemd[1]: Detected virtualization kvm.[0m
[0;21;39msystemd[1]: Detected architecture x86-64.[0m

[0;1;39mWelcome to [0m[0;38;2;138;43;226mBazzite[0m[0;1;39m![0m

]3008;start=3a18c7b1294f433a8ca6b0e911db1959;user=root;hostname=bazzite-labwc-test;machineid=d9cf3528b7854471b0750c19885ae066;bootid=48ef35e389994a60ac3fb0b66c022f06;pid=1;pidfdid=1;comm=systemd;type=boot\[0;21;39msystemd[1]: Hostname set to <bazzite-labwc-test>.[0m
[0;21;39msystemd[1]: bpf-restrict-fs: LSM BPF program attached[0m
[0;21;39mzram: Added device: zram0[0m
[[0;32m  OK  [0m] Stopped [0;1;39minitrd-switch-root.service[0m - Switch Root.
[0;21;39msystemd[1]: initrd-switch-root.service: Deactivated successfully.[0m
[0;21;39msystemd[1]: Stopped initrd-switch-root.service - Switch Root.[0m
[0;21;39msystemd[1]: systemd-journald.service: Scheduled restart job, restart counter is at 1.[0m
[[0;32m  OK  [0m] Created slice [0;1;39msystem-getty.slice[0m - Slice /system/getty.
[[0;32m  OK  [0m] Created slice [0;1;39msystem-serial\x2dget…slice[0m - Slice /system/serial-getty.
[0;21;39msystemd[1]: Created slice system-getty.slice - Slice /system/getty.[0m
[[0;32m  OK  [0m] Created slice [0;1;39msystem-sshd\x2dkeygen.slice[0m - Slice /system/sshd-keygen.
[[0;32m  OK  [0m] Created slice [0;1;39msystem-systemd\x2dfs…slice[0m - Slice /system/systemd-fsck.
[[0;32m  OK  [0m] Created slice [0;1;39msystem-systemd\x2dzr…[0m- Slice /system/systemd-zram-setup.
[0;21;39msystemd[1]: Created slice system-serial\x2dgetty.slice - Slice /system/serial-getty.[0m
[[0;32m  OK  [0m] Created slice [0;1;39muser.slice[0m - User and Session Slice.
[[0;32m  OK  [0m] Started [0;1;39msystemd-ask-password-wall.…[0md Requests to Wall Directory Watch.
[0;21;39msystemd[1]: Created slice system-sshd\x2dkeygen.slice - Slice /system/sshd-keygen.[0m
[[0;32m  OK  [0m] Set up automount [0;1;39mproc-sys-fs-binfm…[0mormats File System Automount Point.
         Expecting device [0;1;39mdev-disk-by\x2duu…[0me9ea-19b9-4095-9bf1-4c3c4973c5b8...
         Expecting device [0;1;39mdev-disk-by\x2duu…[0m5235-8f1f-4409-a05b-b2704a0cb280...
         Expecting device [0;1;39mdev-disk-by\x2duu…ce[0m - /dev/disk/by-uuid/9704-D569...
[0;21;39msystemd[1]: Created slice system-systemd\x2dfsck.slice - Slice /system/systemd-fsck.[0m
         Expecting device [0;1;39mdev-ttyS0.device[0m - /dev/ttyS0...
         Expecting device [0;1;39mdev-zram0.device[0m - /dev/zram0...
[[0;32m  OK  [0m] Reached target [0;1;39mimports.target[0m - Image Downloads.
[[0;32m  OK  [0m] Stopped target [0;1;39minitrd-switch-root.target[0m - Switch Root.
[0;21;39msystemd[1]: Created slice system-systemd\x2dzram\x2dsetup.slice - Slice /system/systemd-zram-setup.[0m
[[0;32m  OK  [0m] Stopped target [0;1;39minitrd-fs.target[0m - Initrd File Systems.
[[0;32m  OK  [0m] Stopped target [0;1;39minitrd-root-fs.target[0m - Initrd Root File System.
[[0;32m  OK  [0m] Reached target [0;1;39mintegritysetup.targ…[0m Local Integrity Protected Volumes.
[[0;32m  OK  [0m] Reached target [0;1;39mslices.target[0m - Slice Units.
[[0;32m  OK  [0m] Reached target [0;1;39mveritysetup.target[0m - Local Verity Protected Volumes.
[0;21;39msystemd[1]: Created slice user.slice - User and Session Slice.[0m
[[0;32m  OK  [0m] Listening on [0;1;39mdm-event.socket[0m - Device-mapper event daemon FIFOs.
[[0;32m  OK  [0m] Listening on [0;1;39mlvm2-lvmpolld.socket[0m - LVM2 poll daemon socket.
[0;21;39msystemd[1]: systemd-ask-password-console.path - Dispatch Password Requests to Console Directory Watch skipped, unmet condition check ConditionPathExists=!/run/plymouth/pid[0m
[[0;32m  OK  [0m] Listening on [0;1;39msystemd-ask-password.…[0m User Interactively for a Password.
[[0;32m  OK  [0m] Listening on [0;1;39msystemd-coredump.socket[0m - Process Core Dump Socket.
[0;21;39msystemd[1]: Started systemd-ask-password-wall.path - Forward Password Requests to Wall Directory Watch.[0m
[[0;32m  OK  [0m] Listening on [0;1;39msystemd-creds.socket[0m - Credential Encryption/Decryption.
[0;21;39msystemd[1]: Set up automount proc-sys-fs-binfmt_misc.automount - Arbitrary Executable File Formats File System Automount Point.[0m
[[0;32m  OK  [0m] Listening on [0;1;39msystemd-factory-reset.socket[0m - Factory Reset Management.
[[0;32m  OK  [0m] Listening on [0;1;39msystemd-journald-audit.socket[0m - Journal Audit Socket.
[0;21;39msystemd[1]: Expecting device dev-disk-by\x2duuid-16d6e9ea\x2d19b9\x2d4095\x2d9bf1\x2d4c3c4973c5b8.device - /dev/disk/by-uuid/16d6e9ea-19b9-4095-9bf1-4c3c4973c5b8...[0m
[[0;32m  OK  [0m] Listening on [0;1;39msystemd-mountfsd.socket[0m - DDI File System Mounter Socket.
[[0;32m  OK  [0m] Listening on [0;1;39msystemd-mute-console.…[0mnsole Output Muting Service Socket.
[0;21;39msystemd[1]: Expecting device dev-disk-by\x2duuid-7fdf5235\x2d8f1f\x2d4409\x2da05b\x2db2704a0cb280.device - /dev/disk/by-uuid/7fdf5235-8f1f-4409-a05b-b2704a0cb280...[0m
[[0;32m  OK  [0m] Listening on [0;1;39msystemd-nsresourced.s…[0m Namespace Resource Manager Socket.
[[0;32m  OK  [0m] Listening on [0;1;39msystemd-oomd.socket[0m -… Out-Of-Memory (OOM) Killer Socket.
[0;21;39msystemd[1]: Expecting device dev-disk-by\x2duuid-9704\x2dD569.device - /dev/disk/by-uuid/9704-D569...[0m
[0;21;39msystemd[1]: Expecting device dev-ttyS0.device - /dev/ttyS0...[0m
[[0;32m  OK  [0m] Listening on [0;1;39msystemd-repart.socket[0m…Disk Repartitioning Service Socket.
[[0;32m  OK  [0m] Listening on [0;1;39msystemd-resolved-moni…t[0m - Resolve Monitor Varlink Socket.
[[0;32m  OK  [0m] Listening on [0;1;39msystemd-resolved-varl…t[0m - Resolve Service Varlink Socket.
[0;21;39msystemd[1]: Expecting device dev-zram0.device - /dev/zram0...[0m
[[0;32m  OK  [0m] Listening on [0;1;39msystemd-udevd-control.socket[0m - udev Control Socket.
[[0;32m  OK  [0m] Listening on [0;1;39msystemd-udevd-varlink.socket[0m - udev Varlink Socket.
[[0;32m  OK  [0m] Listening on [0;1;39msystemd-userdbd.socket[0m - User Database Manager Socket.
         Mounting [0;1;39mdev-hugepages.mount[0m - Huge Pages File System...
         Mounting [0;1;39mdev-mqueue.mount[0m - POSIX Message Queue File System...
         Mounting [0;1;39msys-kernel-debug.mount[0m - Kernel Debug File System...
         Mounting [0;1;39msys-kernel-tracing.mount[0m - Kernel Trace File System...
         Starting [0;1;39mkmod-static-nodes.service[0m…eate List of Static Device Nodes...
         Starting [0;1;39mlvm2-monitor.service[0m - Mo…ing dmeventd or progress polling...
         Mounting [0;1;39msys-fs-fuse-connections.mount[0m - FUSE Control File System...
[[0;32m  OK  [0m] Stopped [0;1;39mostree-prepare-root.service[0m - OSTree Prepare OS/.
[[0;32m  OK  [0m] Stopped [0;1;39mplymouth-switch-root.service[0m - Plymouth switch root service.
[[0;32m  OK  [0m] Stopped [0;1;39msystemd-fsck-root.service[0m - File System Check on Root Device.
         Starting [0;1;39msystemd-journald.service[0m - Journal Service...
         Starting [0;1;39msystemd-modules-load.service[0m - Load Kernel Modules...
         Starting [0;1;39msystemd-network-generator…[0mk Units from Kernel Command Line...
         Starting [0;1;39msystemd-udev-load-credent…[0mLoad udev Rules from Credentials...
         Starting [0;1;39msystemd-udev-trigger.service[0m - Coldplug All udev Devices...
[[0;32m  OK  [0m] Mounted [0;1;39mdev-hugepages.mount[0m - Huge Pages File System.
[[0;32m  OK  [0m] Mounted [0;1;39mdev-mqueue.mount[0m - POSIX Message Queue File System.
[[0;32m  OK  [0m] Mounted [0;1;39msys-kernel-debug.mount[0m - Kernel Debug File System.
[[0;32m  OK  [0m] Mounted [0;1;39msys-kernel-tracing.mount[0m - Kernel Trace File System.
[[0;32m  OK  [0m] Finished [0;1;39mkmod-static-nodes.service[0m…Create List of Static Device Nodes.
[[0;32m  OK  [0m] Mounted [0;1;39msys-fs-fuse-connections.mount[0m - FUSE Control File System.
         Starting [0;1;39msystemd-tmpfiles-setup-de…[0m Device Nodes in /dev gracefully...
[0;21;39msystemd[1]: Reached target imports.target - Image Downloads.[0m
[0;21;39msystemd[1]: Stopped target initrd-switch-root.target - Switch Root.[0m
[0;21;39msystemd[1]: Stopped target initrd-fs.target - Initrd File Systems.[0m
[0;21;39msystemd[1]: Stopped target initrd-root-fs.target - Initrd Root File System.[0m
[0;21;39msystemd[1]: Reached target integritysetup.target - Local Integrity Protected Volumes.[0m
[0;21;39msystemd[1]: Reached target slices.target - Slice Units.[0m
[0;21;39msystemd[1]: Reached target veritysetup.target - Local Verity Protected Volumes.[0m
[0;21;39msystemd[1]: Listening on dm-event.socket - Device-mapper event daemon FIFOs.[0m
[0;21;39msystemd[1]: Listening on lvm2-lvmpolld.socket - LVM2 poll daemon socket.[0m
[0;21;39msystemd[1]: Listening on systemd-ask-password.socket - Query the User Interactively for a Password.[0m
[0;21;39msystemd[1]: Listening on systemd-coredump.socket - Process Core Dump Socket.[0m
[0;21;39msystemd[1]: Listening on systemd-creds.socket - Credential Encryption/Decryption.[0m
[0;21;39msystemd[1]: Listening on systemd-factory-reset.socket - Factory Reset Management.[0m
[0;21;39msystemd[1]: Listening on systemd-journald-audit.socket - Journal Audit Socket.[0m
[0;21;39msystemd[1]: Listening on systemd-mountfsd.socket - DDI File System Mounter Socket.[0m
[0;21;39msystemd[1]: Listening on systemd-mute-console.socket - Console Output Muting Service Socket.[0m
[0;21;39msystemd[1]: Listening on systemd-nsresourced.socket - Namespace Resource Manager Socket.[0m
[0;21;39msystemd[1]: Listening on systemd-oomd.socket - Userspace Out-Of-Memory (OOM) Killer Socket.[0m
[0;21;39msystemd[1]: systemd-pcrextend.socket - TPM PCR Measurements skipped, unmet condition check ConditionSecurity=measured-uki[0m
[0;21;39msystemd[1]: systemd-pcrlock.socket - Make TPM PCR Policy skipped, unmet condition check ConditionSecurity=measured-uki[0m
[0;21;39msystemd[1]: Listening on systemd-repart.socket - Disk Repartitioning Service Socket.[0m
[0;21;39msystemd[1]: Listening on systemd-resolved-monitor.socket - Resolve Monitor Varlink Socket.[0m
[0;21;39msystemd[1]: Listening on systemd-resolved-varlink.socket - Resolve Service Varlink Socket.[0m
[0;21;39msystemd[1]: Listening on systemd-udevd-control.socket - udev Control Socket.[0m
[0;21;39msystemd[1]: Listening on systemd-udevd-varlink.socket - udev Varlink Socket.[0m
[0;21;39msystemd[1]: Listening on systemd-userdbd.socket - User Database Manager Socket.[0m
[0;21;39msystemd[1]: Mounting dev-hugepages.mount - Huge Pages File System...[0m
[0;21;39msystemd[1]: dev-hugepages1G.mount - 1GB Huge Pages File System skipped, unmet condition check ConditionKernelCommandLine=hugepagesz=1G[0m
[0;21;39msystemd[1]: Mounting dev-mqueue.mount - POSIX Message Queue File System...[0m
[0;21;39msystemd[1]: Mounting sys-kernel-debug.mount - Kernel Debug File System...[0m
[0;21;39msystemd[1]: Mounting sys-kernel-tracing.mount - Kernel Trace File System...[0m
[0;21;39msystemd[1]: auth-rpcgss-module.service - Kernel Module supporting RPCSEC_GSS skipped, unmet condition check ConditionPathExists=/etc/krb5.keytab[0m
[0;21;39msystemd[1]: fips-crypto-policy-overlay.service - Bind-mount FIPS crypto-policy in FIPS mode skipped, unmet condition check ConditionKernelCommandLine=fips=1[0m
[0;21;39msystemd[1]: Starting kmod-static-nodes.service - Create List of Static Device Nodes...[0m
[0;21;39msystemd[1]: Starting lvm2-monitor.service - Monitoring of LVM2 mirrors, snapshots etc. using dmeventd or progress polling...[0m
[0;21;39msystemd[1]: modprobe@configfs.service - Load Kernel Module configfs skipped, unmet condition check ConditionKernelModuleLoaded=!configfs[0m
[0;21;39msystemd[1]: modprobe@drm.service - Load Kernel Module drm skipped, unmet condition check ConditionKernelModuleLoaded=!drm[0m
[0;21;39msystemd[1]: modprobe@efi_pstore.service - Load Kernel Module efi_pstore skipped, unmet condition check ConditionKernelModuleLoaded=!efi_pstore[0m
[0;21;39msystemd[1]: modprobe@fuse.service - Load Kernel Module fuse skipped, unmet condition check ConditionKernelModuleLoaded=!fuse[0m
[0;21;39msystemd[1]: Mounting sys-fs-fuse-connections.mount - FUSE Control File System...[0m
[0;21;39msystemd[1]: ostree-prepare-root.service: Deactivated successfully.[0m
[0;21;39msystemd[1]: Stopped ostree-prepare-root.service - OSTree Prepare OS/.[0m
[0;21;39msystemd[1]: plymouth-switch-root.service: Deactivated successfully.[0m
[0;21;39msystemd[1]: Stopped plymouth-switch-root.service - Plymouth switch root service.[0m
[0;21;39msystemd[1]: systemd-boot-clear-sysfail.service - Clear SysFail Entry If The Boot Is Successful skipped, unmet condition check ConditionPathExists=/sys/firmware/efi/efivars/LoaderEntrySysFail-4a67b082-0a4c-41cf-b6c7-440b29bb8c4f[0m
[0;21;39msystemd[1]: systemd-fsck-root.service: Deactivated successfully.[0m
[0;21;39msystemd[1]: Stopped systemd-fsck-root.service - File System Check on Root Device.[0m
[0;21;39msystemd[1]: systemd-hibernate-clear.service - Clear Stale Hibernate Storage Info skipped, unmet condition check ConditionPathExists=/sys/firmware/efi/efivars/HibernateLocation-8cf2644b-4b0b-428f-9387-6d876050dc67[0m
[0;21;39msystemd[1]: systemd-hwdb-update.service - Rebuild Hardware Database skipped, unmet condition check ConditionNeedsUpdate=/etc[0m
[0;21;39msystemd[1]: Starting systemd-journald.service - Journal Service...[0m
[0;21;39msystemd[1]: Starting systemd-modules-load.service - Load Kernel Modules...[0m
[0;21;39msystemd[1]: Starting systemd-network-generator.service - Generate Network Units from Kernel Command Line...[0m
[0;21;39msystemd[1]: systemd-pcrmachine.service - TPM PCR Machine ID Measurement skipped, unmet condition check ConditionSecurity=measured-uki[0m
[0;21;39msystemd[1]: systemd-tpm2-setup-early.service - Early TPM SRK Setup skipped, unmet condition check ConditionSecurity=measured-uki[0m
[0;21;39msystemd[1]: Starting systemd-udev-load-credentials.service - Load udev Rules from Credentials...[0m
[0;21;39msystemd[1]: Starting systemd-udev-trigger.service - Coldplug All udev Devices...[0m
[0;21;39msystemd[1]: Mounted dev-hugepages.mount - Huge Pages File System.[0m
[0;21;39msystemd[1]: Mounted dev-mqueue.mount - POSIX Message Queue File System.[0m
[0;21;39msystemd[1]: Mounted sys-kernel-debug.mount - Kernel Debug File System.[0m
[0;21;39msystemd[1]: Mounted sys-kernel-tracing.mount - Kernel Trace File System.[0m
[0;21;39msystemd[1]: Finished kmod-static-nodes.service - Create List of Static Device Nodes.[0m
[0;21;39msystemd[1]: Mounted sys-fs-fuse-connections.mount - FUSE Control File System.[0m
[0;21;39msystemd[1]: Starting systemd-tmpfiles-setup-dev-early.service - Create Static Device Nodes in /dev gracefully...[0m
[[0;32m  OK  [0m] Finished [0;1;39msystemd-udev-trigger.service[0m - Coldplug All udev Devices.
[0;21;39msystemd[1]: Finished systemd-udev-trigger.service - Coldplug All udev Devices.[0m
[[0;32m  OK  [0m] Finished [0;1;39msystemd-network-generator…[0mork Units from Kernel Command Line.
[0;21;39msystem76: Model does not utilize this driver[0m
[0;21;39msystemd[1]: Finished systemd-network-generator.service - Generate Network Units from Kernel Command Line.[0m
[[0;32m  OK  [0m] Finished [0;1;39msystemd-udev-load-credent…[0m- Load udev Rules from Credentials.
[0;21;39msystemd[1]: Finished systemd-udev-load-credentials.service - Load udev Rules from Credentials.[0m
[0;21;39msystemd-journald[669]: Collecting audit messages is enabled.[0m
         Starting [0;1;39mmodprobe@tun.service[0m - Load Kernel Module tun...
[0;21;39msystemd[1]: Starting modprobe@tun.service - Load Kernel Module tun...[0m
[0;21;32maudit: type=1334 audit(1784566956.738:4): prog-id=48 op=LOAD[0m
[0;21;32maudit: type=1334 audit(1784566956.738:5): prog-id=49 op=LOAD[0m
[0;21;32maudit: type=1334 audit(1784566956.738:6): prog-id=50 op=LOAD[0m
         Starting [0;1;39msystemd-userdbd.service[0m - User Database Manager...
[0;21;39msystemd[1]: Starting systemd-userdbd.service - User Database Manager...[0m
[[0;32m  OK  [0m] Started [0;1;39msystemd-journald.service[0m - Journal Service.
[0;21;39msystemd[1]: Started systemd-journald.service - Journal Service.[0m
[0;21;32maudit: type=1130 audit(1784566956.747:7): pid=1 uid=0 auid=4294967295 ses=4294967295 subj=system_u:system_r:init_t:s0 msg='unit=systemd-journald comm="systemd" exe="/usr/lib/systemd/systemd" hostname=? addr=? terminal=? res=success'[0m
[[0;32m  OK  [0m] Finished [0;1;39mlvm2-monitor.service[0m - Mo…using dmeventd or progress polling.
[0;21;32maudit: type=1130 audit(1784566956.760:8): pid=1 uid=0 auid=4294967295 ses=4294967295 subj=system_u:system_r:init_t:s0 msg='unit=lvm2-monitor comm="systemd" exe="/usr/lib/systemd/systemd" hostname=? addr=? terminal=? res=success'[0m
[[0;32m  OK  [0m] Finished [0;1;39msystemd-modules-load.service[0m - Load Kernel Modules.
[[0;32m  OK  [0m] Finished [0;1;39mmodprobe@tun.service[0m - Load Kernel Module tun.
[0;21;39mtun: Universal TUN/TAP device driver, 1.6[0m
[0;21;32maudit: type=1130 audit(1784566956.770:9): pid=1 uid=0 auid=4294967295 ses=4294967295 subj=system_u:system_r:init_t:s0 msg='unit=systemd-modules-load comm="systemd" exe="/usr/lib/systemd/systemd" hostname=? addr=? terminal=? res=success'[0m
[0;21;32maudit: type=1130 audit(1784566956.771:10): pid=1 uid=0 auid=4294967295 ses=4294967295 subj=system_u:system_r:init_t:s0 msg='unit=modprobe@tun comm="systemd" exe="/usr/lib/systemd/systemd" hostname=? addr=? terminal=? res=success'[0m
         Starting [0;1;39msystemd-nsresourced.service[0m - Namespace Resource Manager...
[0;21;32maudit: type=1131 audit(1784566956.771:11): pid=1 uid=0 auid=4294967295 ses=4294967295 subj=system_u:system_r:init_t:s0 msg='unit=modprobe@tun comm="systemd" exe="/usr/lib/systemd/systemd" hostname=? addr=? terminal=? res=success'[0m
[0;21;32maudit: type=1334 audit(1784566956.773:12): prog-id=51 op=LOAD[0m
[0;21;32maudit: type=1334 audit(1784566956.773:13): prog-id=52 op=LOAD[0m
         Starting [0;1;39msystemd-sysctl.service[0m - Apply Kernel Variables...
[[0;32m  OK  [0m] Started [0;1;39msystemd-userdbd.service[0m - User Database Manager.
[[0;32m  OK  [0m] Finished [0;1;39msystemd-sysctl.service[0m - Apply Kernel Variables.
[[0;32m  OK  [0m] Started [0;1;39msystemd-nsresourced.service[0m - Namespace Resource Manager.
[[0;32m  OK  [0m] Finished [0;1;39msystemd-tmpfiles-setup-de…[0mic Device Nodes in /dev gracefully.
         Starting [0;1;39msystemd-resolved.service[0m - Network Name Resolution...
         Starting [0;1;39msystemd-tmpfiles-setup-de…[0meate Static Device Nodes in /dev...
[[0;32m  OK  [0m] Finished [0;1;39msystemd-tmpfiles-setup-de…[0mCreate Static Device Nodes in /dev.
[[0;32m  OK  [0m] Reached target [0;1;39mlocal-fs-pre.target[0m…Preparation for Local File Systems.
         Starting [0;1;39msystemd-udevd.service[0m - R…ager for Device Events and Files...
[[0;32m  OK  [0m] Started [0;1;39msystemd-resolved.service[0m - Network Name Resolution.
[[0;32m  OK  [0m] Reached target [0;1;39mnss-lookup.target[0m - Host and Network Name Lookups.
[[0;32m  OK  [0m] Started [0;1;39msystemd-udevd.service[0m - Ru…anager for Device Events and Files.
[[0;32m  OK  [0m] Found device [0;1;39mdev-zram0.device[0m - /dev/zram0.
         Starting [0;1;39msystemd-zram-setup@zram0.…vice[0m - Create swap on /dev/zram0...
[0;21;39mzram0: detected capacity change from 0 to 8110080[0m
[[0;32m  OK  [0m] Finished [0;1;39msystemd-zram-setup@zram0.service[0m - Create swap on /dev/zram0.
         Activating swap [0;1;39mdev-zram0.swap[0m - Compressed Swap on /dev/zram0...
[0;21;39mAdding 4055036k swap on /dev/zram0.  Priority:100 extents:1 across:4055036k SSDsc[0m
[[0;32m  OK  [0m] Activated swap [0;1;39mdev-zram0.swap[0m - Compressed Swap on /dev/zram0.
[[0;32m  OK  [0m] Reached target [0;1;39mswap.target[0m - Swaps.
         Starting [0;1;39msystemd-oomd.service[0m - Us…space Out-Of-Memory (OOM) Killer...
         Starting [0;1;39msystemd-fsck@dev-disk-by\…[0m5235-8f1f-4409-a05b-b2704a0cb280...
         Starting [0;1;39msystemd-fsck@dev-disk-by\…[0mk on /dev/disk/by-uuid/9704-D569...
[[0;32m  OK  [0m] Started [0;1;39msystemd-oomd.service[0m - Userspace Out-Of-Memory (OOM) Killer.
[[0;32m  OK  [0m] Found device [0;1;39mdev-disk-by\x2duuid-1…[0md6e9ea-19b9-4095-9bf1-4c3c4973c5b8.
[0;21;32mlpc_ich 0000:00:1f.0: I/O space for GPIO uninitialized[0m
         Mounting [0;1;39mtmp.mount[0m - Temporary Directory /tmp...
         Mounting [0;1;39mvar.mount[0m - /var...
[[0;32m  OK  [0m] Finished [0;1;39msystemd-fsck@dev-disk-by\…[0mdf5235-8f1f-4409-a05b-b2704a0cb280.
[[0;32m  OK  [0m] Mounted [0;1;39mtmp.mount[0m - Temporary Directory /tmp.
[[0;32m  OK  [0m] Mounted [0;1;39mvar.mount[0m - /var.
         Mounting [0;1;39mboot.mount[0m - /boot...
[0;21;39minput: QEMU Virtio Tablet as /devices/pci0000:00/0000:00:03.0/virtio2/input/input5[0m
         Mounting [0;1;39mvar-home.mount[0m - /var/home...
[[0;32m  OK  [0m] Reached target [0;1;39mmachines.target[0m - Virtual Machines and Containers.
[[0;32m  OK  [0m] Listening on [0;1;39msystemd-importd.socke…[0mDisk Image Download Service Socket.
[0;21;39minput: QEMU Virtio Keyboard as /devices/pci0000:00/0000:00:04.0/virtio3/input/input6[0m
         Starting [0;1;39mostree-remount.service[0m - OSTree Remount OS/ Bind Mounts...
[0;21;39mparport_pc 00:02: reported by Plug and Play ACPI[0m
[0;21;39mEXT4-fs (vda2): mounted filesystem 7fdf5235-8f1f-4409-a05b-b2704a0cb280 r/w with ordered data mode. Quota mode: none.[0m
[0;21;39mparport0: PC-style at 0x378, irq 7 [PCSPP,TRISTATE][0m
[[0;32m  OK  [0m] Reached target [0;1;39mcryptsetup.target[0m - Local Encrypted Volumes.
[[0;32m  OK  [0m] Finished [0;1;39msystemd-fsck@dev-disk-by\…[0meck on /dev/disk/by-uuid/9704-D569.
[[0;32m  OK  [0m] Mounted [0;1;39mboot.mount[0m - /boot.
[[0;32m  OK  [0m] Mounted [0;1;39mvar-home.mount[0m - /var/home.
[[0;32m  OK  [0m] Finished [0;1;39mostree-remount.service[0m - OSTree Remount OS/ Bind Mounts.
         Starting [0;1;39msystemd-journal-flush.ser…[0msh Journal to Persistent Storage...
         Starting [0;1;39msystemd-random-seed.service[0m - Load/Save OS Random Seed...
[0;21;39mi801_smbus 0000:00:1f.3: Enabling SMBus device[0m
[0;21;39mi801_smbus 0000:00:1f.3: SMBus using PCI interrupt[0m
[0;21;39mi2c i2c-0: Memory type 0x07 not supported yet, not instantiating SPD[0m
[0;21;39msystemd-journald[669]: Received client request to flush runtime journal.[0m
[[0;32m  OK  [0m] Finished [0;1;39msystemd-random-seed.service[0m - Load/Save OS Random Seed.
[0;21;39minput: PC Speaker as /devices/platform/pcspkr/input/input7[0m
[0;21;39mvirtio_net virtio0 enp0s1: renamed from eth0[0m
[[0;32m  OK  [0m] Stopped [0;1;39msystemd-vconsole-setup.service[0m - Virtual Console Setup.
         Stopping [0;1;39msystemd-vconsole-setup.service[0m - Virtual Console Setup...
         Starting [0;1;39msystemd-vconsole-setup.service[0m - Virtual Console Setup...
[0;21;39miTCO_wdt iTCO_wdt.1.auto: Found a ICH9 TCO device (Version=2, TCOBASE=0x0660)[0m
[0;21;39mppdev: user-space parallel port driver[0m
[0;21;39miTCO_wdt iTCO_wdt.1.auto: initialized. heartbeat=30 sec (nowayout=0)[0m
[0;21;39mkvm_amd: TSC scaling supported[0m
[0;21;39mkvm_amd: Nested Virtualization enabled[0m
[0;21;39mkvm_amd: Nested Paging enabled[0m
[0;21;39mkvm_amd: LBR virtualization supported[0m
[0;21;39mkvm_amd: Virtual GIF supported[0m
[0;21;39mkvm_amd: Virtual NMI enabled[0m
         Mounting [0;1;39mboot-efi.mount[0m - /boot/efi...
[[0;32m  OK  [0m] Finished [0;1;39msystemd-journal-flush.ser…[0mlush Journal to Persistent Storage.
[[0;32m  OK  [0m] Mounted [0;1;39mboot-efi.mount[0m - /boot/efi.
[[0;32m  OK  [0m] Reached target [0;1;39mlocal-fs.target[0m - Local File Systems.
[[0;32m  OK  [0m] Listening on [0;1;39msystemd-bootctl.socket[0m - Boot Entries Service Socket.
[[0;32m  OK  [0m] Listening on [0;1;39msystemd-sysext.socket[0m… System Extension Image Management.
         Starting [0;1;39mplymouth-read-write.servi…[0mymouth To Write Out Runtime Data...
         Starting [0;1;39msystemd-binfmt.service[0m - Set Up Additional Binary Formats...
         Starting [0;1;39msystemd-tmpfiles-setup.se…[0mate System Files and Directories...
         Starting [0;1;39msystemd-userdb-load-crede…[0mr/group Records from Credentials...
[[0;32m  OK  [0m] Finished [0;1;39msystemd-vconsole-setup.service[0m - Virtual Console Setup.
[[0;32m  OK  [0m] Finished [0;1;39mplymouth-read-write.servi…[0mPlymouth To Write Out Runtime Data.
         Mounting [0;1;39mproc-sys-fs-binfmt_misc.m…[0mcutable File Formats File System...
[[0;32m  OK  [0m] Finished [0;1;39msystemd-userdb-load-crede…[0mser/group Records from Credentials.
[[0;32m  OK  [0m] Mounted [0;1;39mproc-sys-fs-binfmt_misc.mo…[0mxecutable File Formats File System.
[[0;32m  OK  [0m] Finished [0;1;39msystemd-binfmt.service[0m - Set Up Additional Binary Formats.
[[0;32m  OK  [0m] Finished [0;1;39msystemd-tmpfiles-setup.se…[0mreate System Files and Directories.
         Starting [0;1;39mauditd.service[0m - Security Audit Logging Service...
[[0;32m  OK  [0m] Started [0;1;39mauditd.service[0m - Security Audit Logging Service.
         Starting [0;1;39maudit-rules.service[0m - Load Audit Rules...
         Starting [0;1;39msystemd-update-utmp.servi…[0mord System Boot/Shutdown in UTMP...
[[0;32m  OK  [0m] Finished [0;1;39msystemd-update-utmp.servi…[0mecord System Boot/Shutdown in UTMP.
[[0;32m  OK  [0m] Reached target [0;1;39msysinit.target[0m - System Initialization.
[[0;32m  OK  [0m] Started [0;1;39mbootc-status-updated.path[0m - Monitor bootc for status changes.
[[0;32m  OK  [0m] Started [0;1;39mcups.path[0m - CUPS Scheduler.
[[0;32m  OK  [0m] Created slice [0;1;39msystem-cups.slice[0m - CUPS Slice.
[[0;32m  OK  [0m] Started [0;1;39mlvm-devices-import.path[0m - …es-import to create system.devices.
[[0;32m  OK  [0m] Started [0;1;39mfstrim.timer[0m - Discard unused filesystem blocks once a week.
[[0;32m  OK  [0m] Started [0;1;39mlogrotate.timer[0m - Daily rotation of log files.
[[0;32m  OK  [0m] Started [0;1;39mraid-check.timer[0m - Weekly RAID setup health check.
[[0;32m  OK  [0m] Started [0;1;39mrpm-ostree-countme.timer[0m - Weekly rpm-ostree Count Me timer.
[[0;32m  OK  [0m] Started [0;1;39msystemd-tmpfiles-clean.tim…[0my Cleanup of Temporary Directories.
[[0;32m  OK  [0m] Started [0;1;39munbound-anchor.timer[0m - dai…f the root trust anchor for DNSSEC.
[[0;32m  OK  [0m] Started [0;1;39muupd.timer[0m - Auto Update System Timer For Universal Blue.
[[0;32m  OK  [0m] Reached target [0;1;39mbootc-status-update…[0m - Bootc status trigger state sync.
[[0;32m  OK  [0m] Reached target [0;1;39mpaths.target[0m - Path Units.
[[0;32m  OK  [0m] Reached target [0;1;39mtimers.target[0m - Timer Units.
[[0;32m  OK  [0m] Listening on [0;1;39mavahi-daemon.socket[0m -…DNS/DNS-SD Stack Activation Socket.
[[0;32m  OK  [0m] Listening on [0;1;39mcups.socket[0m - CUPS Scheduler.
[[0;32m  OK  [0m] Listening on [0;1;39mdbus.socket[0m - D-Bus System Message Bus Socket.
         Starting [0;1;39mpcscd.socket[0m - PC/SC Smart Card Daemon Activation Socket...
[[0;32m  OK  [0m] Listening on [0;1;39msshd-unix-local.socke…[0mtemd-ssh-generator, AF_UNIX Local).
         Starting [0;1;39msshd-vsock.socket[0m - OpenS…systemd-ssh-generator, AF_VSOCK)...
[[0;32m  OK  [0m] Listening on [0;1;39msssd-kcm.socket[0m - SSS…ros Cache Manager responder socket.
[[0;32m  OK  [0m] Listening on [0;1;39msystemd-hostnamed.socket[0m - Hostname Service Socket.
[[0;32m  OK  [0m] Listening on [0;1;39msystemd-logind-varlin…[0mer Login Management Varlink Socket.
[[0;32m  OK  [0m] Listening on [0;1;39msystemd-machined.sock…[0mtainer Registration Service Socket.
         Starting [0;1;39mdbus-broker.service[0m - D-Bus System Message Bus...
[0;21;39mclocksource: Watchdog remote CPU 7 read timed out[0m
[[0;32m  OK  [0m] Listening on [0;1;39msshd-vsock.socket[0m - O… (systemd-ssh-generator, AF_VSOCK).
[[0;32m  OK  [0m] Listening on [0;1;39mpcscd.socket[0m - PC/SC Smart Card Daemon Activation Socket.
[[0;32m  OK  [0m] Reached target [0;1;39msockets.target[0m - Socket Units.
[[0;32m  OK  [0m] Reached target [0;1;39mssh-access.target[0m - SSH Access Available.
[[0;32m  OK  [0m] Finished [0;1;39maudit-rules.service[0m - Load Audit Rules.
[[0;32m  OK  [0m] Started [0;1;39mdbus-broker.service[0m - D-Bus System Message Bus.
[[0;32m  OK  [0m] Reached target [0;1;39mbasic.target[0m - Basic System.
         Starting [0;1;39mauthselect-apply-changes.…rvice[0m - Apply authselect changes...
         Starting [0;1;39mavahi-daemon.service[0m - Avahi mDNS/DNS-SD Stack...
         Starting [0;1;39mbootloader-update.service[0m - Update bootloader on boot...
         Starting [0;1;39mchronyd.service[0m - NTP client/server...
[[0;32m  OK  [0m] Started [0;1;39mdmemcg-booster-system.serv…[0ming foreground games, system-level.
         Starting [0;1;39mdracut-shutdown.service[0m -…store /run/initramfs on shutdown...
[[0;32m  OK  [0m] Started [0;1;39mds-inhibit.service[0m - DualShock 4/DualSense mouse inhibitor.
[[0;32m  OK  [0m] Started [0;1;39mfirewalld.service[0m - firewalld - dynamic firewall daemon.
[[0;32m  OK  [0m] Reached target [0;1;39mnetwork-pre.target[0m - Preparation for Network.
         Starting [0;1;39mNetworkManager.service[0m - Network Manager...
         Starting [0;1;39mfoomaticrip-upgrade.servi…[0mtalled printers for foomatic-rip...
         Starting [0;1;39minput-remapper.service[0m - …odes without the GUI application...
         Starting [0;1;39mlm_sensors.service[0m - Hardware Monitoring Sensors...
         Starting [0;1;39mlvm-devices-import.service[0m - Create lvm system.devices...
         Starting [0;1;39mpolkit.service[0m - Authorization Manager...
         Starting [0;1;39mrtkit-daemon.service[0m - Re…imeKit Scheduling Policy Service...
[[0;32m  OK  [0m] Reached target [0;1;39msshd-keygen.target[0m.
         Starting [0;1;39mswitcheroo-control.servic…[0mSwitcheroo Control Proxy service...
         Starting [0;1;39msystemd-homed.service[0m - Home Area Manager...
[[0;32m  OK  [0m] Started [0;1;39mublue-os-media-automount.s…ice[0m - Mount partitons automaticaly.
         Starting [0;1;39mudisks2.service[0m - Disk Manager...
         Starting [0;1;39mupower.service[0m - Daemon for power management...
         Starting [0;1;39mfedora-atomic-desktop-app…[0ms to refresh the appstream cache...
         Starting [0;1;39mfedora-atomic-desktop-man…[0mc Destkops to update mandb cache...
[[0;32m  OK  [0m] Finished [0;1;39mauthselect-apply-changes.service[0m - Apply authselect changes.
[[0;32m  OK  [0m] Finished [0;1;39mdracut-shutdown.service[0m - Restore /run/initramfs on shutdown.
[[0;32m  OK  [0m] Finished [0;1;39mfoomaticrip-upgrade.servi…[0mnstalled printers for foomatic-rip.
[[0;32m  OK  [0m] Finished [0;1;39mlvm-devices-import.service[0m - Create lvm system.devices.
[[0;32m  OK  [0m] Started [0;1;39mrtkit-daemon.service[0m - RealtimeKit Scheduling Policy Service.
[[0;32m  OK  [0m] Started [0;1;39mswitcheroo-control.service[0m - Switcheroo Control Proxy service.
[[0;32m  OK  [0m] Started [0;1;39msystemd-homed.service[0m - Home Area Manager.
[[0;32m  OK  [0m] Reached target [0;1;39mnss-user-lookup.target[0m - User and Group Name Lookups.
         Starting [0;1;39maccounts-daemon.service[0m - Accounts Service...
[[0;32m  OK  [0m] Finished [0;1;39msystemd-homed-activate.service[0m - Home Area Activation.
         Starting [0;1;39msystemd-hostnamed.service[0m - Hostname Service...
         Starting [0;1;39msystemd-logind.service[0m - User Login Management...
[[0;32m  OK  [0m] Finished [0;1;39mlm_sensors.service[0m - Hardware Monitoring Sensors.
[[0;32m  OK  [0m] Started [0;1;39mavahi-daemon.service[0m - Avahi mDNS/DNS-SD Stack.
[[0;32m  OK  [0m] Started [0;1;39msystemd-logind.service[0m - User Login Management.
[[0;32m  OK  [0m] Started [0;1;39mchronyd.service[0m - NTP client/server.
[[0;32m  OK  [0m] Started [0;1;39msystemd-hostnamed.service[0m - Hostname Service.
[[0;32m  OK  [0m] Listening on [0;1;39msystemd-rfkill.socket[0m…ll Switch Status /dev/rfkill Watch.
         Starting [0;1;39mNetworkManager-dispatcher…[0manager Script Dispatcher Service...
         Mounting [0;1;39mvar-lib-nfs-rpc_pipefs.mount[0m - RPC Pipe File System...
[[0;32m  OK  [0m] Started [0;1;39mNetworkManager.service[0m - Network Manager.
[[0;32m  OK  [0m] Started [0;1;39mpolkit.service[0m - Authorization Manager.
[[0;32m  OK  [0m] Reached target [0;1;39mnetwork.target[0m - Network.
         Starting [0;1;39mModemManager.service[0m - Modem Manager...
         Starting [0;1;39mNetworkManager-wait-onlin…ce[0m - Network Manager Wait Online...
         Starting [0;1;39mcups.service[0m - CUPS Scheduler...
         Starting [0;1;39mgssproxy.service[0m - GSSAPI Proxy Daemon...
         Starting [0;1;39msshd.service[0m - OpenSSH server daemon...
         Starting [0;1;39mtuned.service[0m - Dynamic System Tuning Daemon...
[[0;32m  OK  [0m] Started [0;1;39maccounts-daemon.service[0m - Accounts Service.
[[0;32m  OK  [0m] Started [0;1;39mudisks2.service[0m - Disk Manager.
[[0;32m  OK  [0m] Started [0;1;39mupower.service[0m - Daemon for power management.
[0;21;39mRPC: Registered named UNIX socket transport module.[0m
[0;21;39mRPC: Registered udp transport module.[0m
[0;21;39mRPC: Registered tcp transport module.[0m
[0;21;39mRPC: Registered tcp-with-tls transport module.[0m
[[0;32m  OK  [0m] Mounted [0;1;39mvar-lib-nfs-rpc_pipefs.mount[0m - RPC Pipe File System.
[[0;32m  OK  [0m] Started [0;1;39msshd.service[0m - OpenSSH server daemon.
[[0;32m  OK  [0m] Started [0;1;39mNetworkManager-dispatcher.…[0m Manager Script Dispatcher Service.
[[0;32m  OK  [0m] Reached target [0;1;39mrpc_pipefs.target[0m.
[0;21;39mRPC: Registered tcp NFSv4.1 backchannel transport module.[0m
[[0;32m  OK  [0m] Started [0;1;39minput-remapper.service[0m - S…ycodes without the GUI application.
[[0;32m  OK  [0m] Finished [0;1;39mNetworkManager-wait-onlin…vice[0m - Network Manager Wait Online.
[[0;32m  OK  [0m] Started [0;1;39mcups.service[0m - CUPS Scheduler.
[[0;32m  OK  [0m] Reached target [0;1;39mnetwork-online.target[0m - Network is Online.
         Starting [0;1;39mgreenboot-healthcheck.ser…[0m- Greenboot Health Checks Runner...
         Starting [0;1;39mrpc-statd-notify.service[0m - Notify NFS peers of a restart...
[[0;32m  OK  [0m] Started [0;1;39mrpc-statd-notify.service[0m - Notify NFS peers of a restart.
[[0;32m  OK  [0m] Finished [0;1;39mbootloader-update.service[0m - Update bootloader on boot.
[0;21;39mNET: Registered PF_QIPCRTR protocol family[0m
[[0;32m  OK  [0m] Started [0;1;39mModemManager.service[0m - Modem Manager.
[[0;32m  OK  [0m] Started [0;1;39mgssproxy.service[0m - GSSAPI Proxy Daemon.
[[0;32m  OK  [0m] Reached target [0;1;39mnfs-client.target[0m - NFS client services.
[[0;32m  OK  [0m] Reached target [0;1;39mremote-fs-pre.targe…[0mreparation for Remote File Systems.
[[0;32m  OK  [0m] Reached target [0;1;39mremote-cryptsetup.target[0m - Remote Encrypted Volumes.
[[0;32m  OK  [0m] Reached target [0;1;39mremote-fs.target[0m - Remote File Systems.
[[0;32m  OK  [0m] Reached target [0;1;39mremote-integrityset…[0mRemote Integrity Protected Volumes.
[[0;32m  OK  [0m] Reached target [0;1;39mremote-veritysetup.…[0m - Remote Verity Protected Volumes.
         Starting [0;1;39mrpm-ostreed.service[0m - rpm-ostree System Management Daemon...
[[0;32m  OK  [0m] Started [0;1;39mrpm-ostreed.service[0m - rpm-ostree System Management Daemon.
[[0;32m  OK  [0m] Finished [0;1;39mfedora-atomic-desktop-app…[0mops to refresh the appstream cache.
[[0;32m  OK  [0m] Started [0;1;39mtuned.service[0m - Dynamic System Tuning Daemon.
         Starting [0;1;39mbazzite-hardware-setup.se…[0mure Bazzite for current hardware...
         Starting [0;1;39mtuned-ppd.service[0m - PPD-to-TuneD API Translation Daemon...
[[0;32m  OK  [0m] Finished [0;1;39mbazzite-hardware-setup.se…[0migure Bazzite for current hardware.
         Starting [0;1;39mbazzite-flatpak-manager.service[0m - Manage system flatpaks...
         Starting [0;1;39msystemd-user-sessions.service[0m - Permit User Sessions...
[[0;32m  OK  [0m] Finished [0;1;39msystemd-user-sessions.service[0m - Permit User Sessions.
         Starting [0;1;39mplymouth-quit-wait.servic…[0md until boot process finishes up...
         Starting [0;1;39mplymouth-quit.service[0m - Terminate Plymouth Boot Screen...
[[0;32m  OK  [0m] Finished [0;1;39mbazzite-flatpak-manager.service[0m - Manage system flatpaks.
[   10.234815] evdi: [I] Initialising logging on level 4
[   10.236854] evdi: [I] Atomic driver: yes
[!p]104\[0m[?7h[1G[0J[6n[32766;32766H[6n[!p]104\[0m[?7h[1G[0J[6n[32766;32766H[6n]3008;start=f9c851156bf040c9895d718af17019b7;user=root;hostname=bazzite-labwc-test;machineid=d9cf3528b7854471b0750c19885ae066;bootid=48ef35e389994a60ac3fb0b66c022f06;pid=1230;pidfdid=28799;comm=(agetty);servicename=serial-getty@ttyS0.service;invocationid=7f7c369ada0a4c6f9edc747482f32a15;type=service\P+q6E616D65\
Bazzite
Kernel 7.1.3-ogc3.4.fc44.x86_64 on x86_64 (ttyS0)

Try contacting this VM's SSH server via 'ssh vsock%4294967295' from host.

bazzite-labwc-test login: [!p]104\[0m[?7h[1G[0J[6n[32766;32766H[6n]3008;end=f9c851156bf040c9895d718af17019b7\[[0;32m  OK  [0m] Started [0;1;39mplymouth-reboot.service[0m - Show Plymouth Reboot Screen.
[[0;32m  OK  [0m] Stopped [0;1;39msession-1.scope[0m - Session 1 of User user.
         Stopping [0;1;39muser@1000.service[0m - User Manager for UID 1000...
[[0;32m  OK  [0m] Stopped [0;1;39muser@1000.service[0m - User Manager for UID 1000.
         Stopping [0;1;39msystemd-oomd.service[0m - Us…space Out-Of-Memory (OOM) Killer...
         Stopping [0;1;39msystemd-user-sessions.service[0m - Permit User Sessions...
         Stopping [0;1;39muresourced.service[0m - User resource assignment daemon...
         Stopping [0;1;39muser-runtime-dir@1000.ser…[0mRuntime Directory /run/user/1000...
[[0;32m  OK  [0m] Stopped [0;1;39msystemd-oomd.service[0m - Userspace Out-Of-Memory (OOM) Killer.
[[0;32m  OK  [0m] Unmounted [0;1;39mrun-user-1000.mount[0m - /run/user/1000.
[[0;32m  OK  [0m] Stopped [0;1;39msystemd-user-sessions.service[0m - Permit User Sessions.
[[0;32m  OK  [0m] Stopped [0;1;39muser-runtime-dir@1000.serv…[0mr Runtime Directory /run/user/1000.
[[0;32m  OK  [0m] Removed slice [0;1;39muser-1000.slice[0m - User Slice of UID 1000.
[[0;32m  OK  [0m] Stopped target [0;1;39mremote-fs.target[0m - Remote File Systems.
[[0;32m  OK  [0m] Stopped target [0;1;39mremote-fs-pre.targe…[0mreparation for Remote File Systems.
[[0;32m  OK  [0m] Stopped target [0;1;39mnfs-client.target[0m - NFS client services.
[[0;32m  OK  [0m] Stopped [0;1;39mbazzite-hardware-setup.ser…[0migure Bazzite for current hardware.
         Stopping [0;1;39mgssproxy.service[0m - GSSAPI Proxy Daemon...
         Stopping [0;1;39mrpm-ostreed.service[0m - rpm-ostree System Management Daemon...
         Stopping [0;1;39msystemd-homed-activate.service[0m - Home Area Activation...
         Stopping [0;1;39msystemd-logind.service[0m - User Login Management...
         Stopping [0;1;39mtuned.service[0m - Dynamic System Tuning Daemon...
[[0;32m  OK  [0m] Stopped [0;1;39msystemd-logind.service[0m - User Login Management.
[[0;32m  OK  [0m] Stopped [0;1;39mgssproxy.service[0m - GSSAPI Proxy Daemon.
[[0;32m  OK  [0m] Stopped [0;1;39mrpm-ostreed.service[0m - rpm-ostree System Management Daemon.
[[0;32m  OK  [0m] Stopped [0;1;39muresourced.service[0m - User resource assignment daemon.
[[0;32m  OK  [0m] Stopped [0;1;39msystemd-homed-activate.service[0m - Home Area Activation.
[[0;32m  OK  [0m] Stopped target [0;1;39mnss-user-lookup.target[0m - User and Group Name Lookups.
[[0;32m  OK  [0m] Stopped [0;1;39mauthselect-apply-changes.service[0m - Apply authselect changes.
         Stopping [0;1;39msystemd-homed.service[0m - Home Area Manager...
[[0;32m  OK  [0m] Stopped [0;1;39msystemd-userdb-load-creden…[0mser/group Records from Credentials.
[[0;32m  OK  [0m] Stopped [0;1;39msystemd-homed.service[0m - Home Area Manager.
[[0;32m  OK  [0m] Stopped [0;1;39mtuned.service[0m - Dynamic System Tuning Daemon.
[[0;32m  OK  [0m] Stopped target [0;1;39mnetwork.target[0m - Network.
         Stopping [0;1;39mNetworkManager.service[0m - Network Manager...
         Stopping [0;1;39mpolkit.service[0m - Authorization Manager...
[[0;32m  OK  [0m] Stopped [0;1;39mpolkit.service[0m - Authorization Manager.
[[0;32m  OK  [0m] Stopped [0;1;39mNetworkManager.service[0m - Network Manager.
[[0;32m  OK  [0m] Stopped target [0;1;39mnetwork-pre.target[0m - Preparation for Network.
         Stopping [0;1;39mfirewalld.service[0m - firewalld - dynamic firewall daemon...
[[0;32m  OK  [0m] Stopped [0;1;39msystemd-network-generator.…[0mork Units from Kernel Command Line.
[[0;32m  OK  [0m] Stopped [0;1;39mfirewalld.service[0m - firewalld - dynamic firewall daemon.
[[0;32m  OK  [0m] Stopped target [0;1;39mbasic.target[0m - Basic System.
[[0;32m  OK  [0m] Stopped [0;1;39msystemd-ask-password-plymo…[0mquests to Plymouth Directory Watch.
[[0;32m  OK  [0m] Stopped target [0;1;39mpaths.target[0m - Path Units.
[[0;32m  OK  [0m] Stopped [0;1;39mbootc-status-updated.path[0m - Monitor bootc for status changes.
[[0;32m  OK  [0m] Stopped [0;1;39mcups.path[0m - CUPS Scheduler.
[[0;32m  OK  [0m] Stopped [0;1;39mlvm-devices-import.path[0m - …es-import to create system.devices.
[[0;32m  OK  [0m] Stopped target [0;1;39mslices.target[0m - Slice Units.
[[0;32m  OK  [0m] Removed slice [0;1;39muser.slice[0m - User and Session Slice.
[[0;32m  OK  [0m] Stopped target [0;1;39msockets.target[0m - Socket Units.
[[0;32m  OK  [0m] Closed [0;1;39mavahi-daemon.socket[0m - Avahi…DNS/DNS-SD Stack Activation Socket.
[[0;32m  OK  [0m] Closed [0;1;39mcups.socket[0m - CUPS Scheduler.
[[0;32m  OK  [0m] Closed [0;1;39mpcscd.socket[0m - PC/SC Smart Card Daemon Activation Socket.
[[0;32m  OK  [0m] Closed [0;1;39msshd-unix-local.socket[0m - Op…temd-ssh-generator, AF_UNIX Local).
         Stopping [0;1;39msshd-vsock.socket[0m - OpenS…systemd-ssh-generator, AF_VSOCK)...
[[0;32m  OK  [0m] Closed [0;1;39msssd-kcm.socket[0m - SSSD Kerberos Cache Manager responder socket.
[[0;32m  OK  [0m] Closed [0;1;39msystemd-hostnamed.socket[0m - Hostname Service Socket.
[[0;32m  OK  [0m] Closed [0;1;39msystemd-importd.socket[0m - Disk Image Download Service Socket.
[[0;32m  OK  [0m] Closed [0;1;39msystemd-logind-varlink.sock…[0mer Login Management Varlink Socket.
[[0;32m  OK  [0m] Closed [0;1;39msystemd-machined.socket[0m - V…tainer Registration Service Socket.
[[0;32m  OK  [0m] Closed [0;1;39msystemd-mountfsd.socket[0m - DDI File System Mounter Socket.
[[0;32m  OK  [0m] Closed [0;1;39msystemd-mute-console.socket[0m…nsole Output Muting Service Socket.
[[0;32m  OK  [0m] Closed [0;1;39msystemd-oomd.socket[0m - Users… Out-Of-Memory (OOM) Killer Socket.
[[0;32m  OK  [0m] Closed [0;1;39msystemd-repart.socket[0m - Disk Repartitioning Service Socket.
         Stopping [0;1;39mdbus-broker.service[0m - D-Bus System Message Bus...
         Stopping [0;1;39mostree-finalize-staged.se…[0mSTree Finalize Staged Deployment...
[[0;32m  OK  [0m] Stopped [0;1;39mdbus-broker.service[0m - D-Bus System Message Bus.
[[0;32m  OK  [0m] Closed [0;1;39mdbus.socket[0m - D-Bus System Message Bus Socket.
[[0;32m  OK  [0m] Closed [0;1;39msshd-vsock.socket[0m - OpenSSH… (systemd-ssh-generator, AF_VSOCK).
[[0;32m  OK  [0m] Stopped target [0;1;39msysinit.target[0m - System Initialization.
[[0;32m  OK  [0m] Stopped target [0;1;39mcryptsetup.target[0m - Local Encrypted Volumes.
[[0;32m  OK  [0m] Stopped [0;1;39msystemd-ask-password-wall.…[0md Requests to Wall Directory Watch.
[[0;32m  OK  [0m] Stopped target [0;1;39mimports.target[0m - Image Downloads.
[[0;32m  OK  [0m] Stopped target [0;1;39mintegritysetup.targ…[0m Local Integrity Protected Volumes.
[[0;32m  OK  [0m] Stopped target [0;1;39mveritysetup.target[0m - Local Verity Protected Volumes.
         Stopping [0;1;39msystemd-binfmt.service[0m - Set Up Additional Binary Formats...
         Stopping [0;1;39msystemd-nsresourced.service[0m - Namespace Resource Manager...
         Stopping [0;1;39msystemd-resolved.service[0m - Network Name Resolution...
         Stopping [0;1;39msystemd-update-utmp.servi…[0mord System Boot/Shutdown in UTMP...
[[0;32m  OK  [0m] Stopped [0;1;39msystemd-nsresourced.service[0m - Namespace Resource Manager.
[[0;32m  OK  [0m] Stopped [0;1;39msystemd-binfmt.service[0m - Set Up Additional Binary Formats.
[[0;32m  OK  [0m] Unset automount [0;1;39mproc-sys-fs-binfmt…[0mormats File System Automount Point.
[[0;32m  OK  [0m] Closed [0;1;39msystemd-nsresourced.socket[0m - Namespace Resource Manager Socket.
[[0;32m  OK  [0m] Stopped [0;1;39msystemd-resolved.service[0m - Network Name Resolution.
[[0;32m  OK  [0m] Stopped [0;1;39msystemd-update-utmp.servic…[0mecord System Boot/Shutdown in UTMP.
[[0;32m  OK  [0m] Closed [0;1;39msystemd-resolved-monitor.so…t[0m - Resolve Monitor Varlink Socket.
[[0;32m  OK  [0m] Closed [0;1;39msystemd-resolved-varlink.so…t[0m - Resolve Service Varlink Socket.
         Stopping [0;1;39mauditd.service[0m - Security Audit Logging Service...
[[0;32m  OK  [0m] Stopped [0;1;39msystemd-sysctl.service[0m - Apply Kernel Variables.
[[0;32m  OK  [0m] Closed [0;1;39msystemd-coredump.socket[0m - Process Core Dump Socket.
[[0;32m  OK  [0m] Stopped [0;1;39msystemd-modules-load.service[0m - Load Kernel Modules.
[0;21;33mkauditd_printk_skb: 80 callbacks suppressed[0m
[0;21;32maudit: type=1305 audit(1784567154.396:384): op=set audit_pid=0 old=856 auid=4294967295 ses=4294967295 subj=system_u:system_r:auditd_t:s0 res=1[0m
[0;21;32maudit: type=1131 audit(1784567154.398:385): pid=1 uid=0 auid=4294967295 ses=4294967295 subj=system_u:system_r:init_t:s0 msg='unit=auditd comm="systemd" exe="/usr/lib/systemd/systemd" hostname=? addr=? terminal=? res=success'[0m
[[0;32m  OK  [0m] Stopped [0;1;39mauditd.service[0m - Security Audit Logging Service.
[[0;32m  OK  [0m] Stopped [0;1;39msystemd-tmpfiles-setup.ser…[0mreate System Files and Directories.
[0;21;32maudit: type=1131 audit(1784567154.398:386): pid=1 uid=0 auid=4294967295 ses=4294967295 subj=system_u:system_r:init_t:s0 msg='unit=systemd-tmpfiles-setup comm="systemd" exe="/usr/lib/systemd/systemd" hostname=? addr=? terminal=? res=success'[0m
[[0m[0;31m*     [0m] Job ostree-finalize-staged.service/stop running (3s / 5min 1s)
M[K[[0;1;31m*[0m[0;31m*    [0m] Job ostree-finalize-staged.service/stop running (3s / 5min 1s)
M[K[[0;31m*[0;1;31m*[0m[0;31m*   [0m] Job ostree-finalize-staged.service/stop running (4s / 5min 1s)
M[K[ [0;31m*[0;1;31m*[0m[0;31m*  [0m] Job ostree-finalize-staged.service/stop running (4s / 5min 1s)
M[K[  [0;31m*[0;1;31m*[0m[0;31m* [0m] Job ostree-finalize-staged.service/stop running (5s / 5min 1s)
M[K[   [0;31m*[0;1;31m*[0m[0;31m*[0m] Job ostree-finalize-staged.service/stop running (5s / 5min 1s)
M[K[    [0;31m*[0;1;31m*[0m] Job ostree-finalize-staged.service/stop running (6s / 5min 1s)
M[K[     [0;31m*[0m] Job ostree-finalize-staged.service/stop running (6s / 5min 1s)
M[K[    [0;31m*[0;1;31m*[0m] Job ostree-finalize-staged.service/stop running (7s / 5min 1s)
M[K[   [0;31m*[0;1;31m*[0m[0;31m*[0m] Job ostree-finalize-staged.service/stop running (7s / 5min 1s)
M[K[  [0;31m*[0;1;31m*[0m[0;31m* [0m] Job ostree-finalize-staged.service/stop running (8s / 5min 1s)
M[K[ [0;31m*[0;1;31m*[0m[0;31m*  [0m] Job ostree-finalize-staged.service/stop running (8s / 5min 1s)
M[K[[0;31m*[0;1;31m*[0m[0;31m*   [0m] Job ostree-finalize-staged.service/stop running (9s / 5min 1s)
M[K[[0;1;31m*[0m[0;31m*    [0m] Job ostree-finalize-staged.service/stop running (9s / 5min 1s)
M[K[[0m[0;31m*     [0m] Job ostree-finalize-staged.service/stop running (10s / 5min 1s)
M[K[[0;1;31m*[0m[0;31m*    [0m] Job ostree-finalize-staged.service/stop running (10s / 5min 1s)
M[K[[0;31m*[0;1;31m*[0m[0;31m*   [0m] Job ostree-finalize-staged.service/stop running (11s / 5min 1s)
M[K[ [0;31m*[0;1;31m*[0m[0;31m*  [0m] Job ostree-finalize-staged.service/stop running (11s / 5min 1s)
M[K[  [0;31m*[0;1;31m*[0m[0;31m* [0m] Job ostree-finalize-staged.service/stop running (12s / 5min 1s)
M[K[   [0;31m*[0;1;31m*[0m[0;31m*[0m] Job ostree-finalize-staged.service/stop running (12s / 5min 1s)
M[K[[0;32m  OK  [0m] Stopped [0;1;39mostree-finalize-staged.ser…[0m OSTree Finalize Staged Deployment.
[K         Stopping [0;1;39mostree-finalize-staged-ho…[0mSTree Finalize Staged Deployment...
[0;21;32maudit: type=1131 audit(1784567166.334:387): pid=1 uid=0 auid=4294967295 ses=4294967295 subj=system_u:system_r:init_t:s0 msg='unit=ostree-finalize-staged comm="systemd" exe="/usr/lib/systemd/systemd" hostname=? addr=? terminal=? res=success'[0m
[[0;32m  OK  [0m] Stopped [0;1;39mostree-finalize-staged-hol…[0m OSTree Finalize Staged Deployment.
[[0;32m  OK  [0m] Stopped target [0;1;39mlocal-fs.target[0m - Local File Systems.
[0;21;32maudit: type=1131 audit(1784567166.347:388): pid=1 uid=0 auid=4294967295 ses=4294967295 subj=system_u:system_r:init_t:s0 msg='unit=ostree-finalize-staged-hold comm="systemd" exe="/usr/lib/systemd/systemd" hostname=? addr=? terminal=? res=success'[0m
         Unmounting [0;1;39mboot-efi.mount[0m - /boot/efi...
         Unmounting [0;1;39msysroot-ostree-deploy-d…[0mysroot/ostree/deploy/default/var...
         Unmounting [0;1;39mtmp.mount[0m - Temporary Directory /tmp...
         Unmounting [0;1;39mvar-home.mount[0m - /var/home...
[[0;32m  OK  [0m] Stopped [0;1;39mostree-remount.service[0m - OSTree Remount OS/ Bind Mounts.
[0;21;32maudit: type=1131 audit(1784567166.374:389): pid=1 uid=0 auid=4294967295 ses=4294967295 subj=system_u:system_r:init_t:s0 msg='unit=ostree-remount comm="systemd" exe="/usr/lib/systemd/systemd" hostname=? addr=? terminal=? res=success'[0m
[[0;32m  OK  [0m] Unmounted [0;1;39mboot-efi.mount[0m - /boot/efi.
[[0;32m  OK  [0m] Unmounted [0;1;39msysroot-ostree-deploy-de…[0m/sysroot/ostree/deploy/default/var.
[[0;32m  OK  [0m] Unmounted [0;1;39mtmp.mount[0m - Temporary Directory /tmp.
[[0;32m  OK  [0m] Unmounted [0;1;39mvar-home.mount[0m - /var/home.
[[0;32m  OK  [0m] Stopped target [0;1;39mswap.target[0m - Swaps.
         Deactivating swap [0;1;39mdev-disk-by\x2dd…-4.swap[0m - /dev/disk/by-diskseq/4...
         Unmounting [0;1;39mboot.mount[0m - /boot...
[[0;32m  OK  [0m] Stopped [0;1;39msystemd-fsck@dev-disk-by\x…[0meck on /dev/disk/by-uuid/9704-D569.
[0;21;32maudit: type=1131 audit(1784567166.394:390): pid=1 uid=0 auid=4294967295 ses=4294967295 subj=system_u:system_r:init_t:s0 msg='unit=systemd-fsck@dev-disk-by\x2duuid-9704\x2dD569 comm="systemd" exe="/usr/lib/systemd/systemd" hostname=? addr=? terminal=? res=success'[0m
[[0;32m  OK  [0m] Deactivated swap [0;1;39mdev-disk-by\x2ddi…eq-4.swap[0m - /dev/disk/by-diskseq/4.
[[0;32m  OK  [0m] Deactivated swap [0;1;39mdev-zram0.swap[0m - Compressed Swap on /dev/zram0.
         Stopping [0;1;39msystemd-zram-setup@zram0.…vice[0m - Create swap on /dev/zram0...
[0;21;39mEXT4-fs (vda2): unmounting filesystem 7fdf5235-8f1f-4409-a05b-b2704a0cb280.[0m
[[0;32m  OK  [0m] Unmounted [0;1;39mboot.mount[0m - /boot.
[[0;32m  OK  [0m] Reached target [0;1;39mumount.target[0m - Unmount All Filesystems.
[0;21;39mzram0: detected capacity change from 8110080 to 0[0m
[[0;32m  OK  [0m] Stopped [0;1;39msystemd-fsck@dev-disk-by\x…[0mdf5235-8f1f-4409-a05b-b2704a0cb280.
[[0;32m  OK  [0m] Removed slice [0;1;39msystem-systemd\x2dfs…slice[0m - Slice /system/systemd-fsck.
[0;21;32maudit: type=1131 audit(1784567166.431:391): pid=1 uid=0 auid=4294967295 ses=4294967295 subj=system_u:system_r:init_t:s0 msg='unit=systemd-fsck@dev-disk-by\x2duuid-7fdf5235\x2d8f1f\x2d4409\x2da05b\x2db2704a0cb280 comm="systemd" exe="/usr/lib/systemd/systemd" hostname=? addr=? terminal=? res=success'[0m
[[0;32m  OK  [0m] Stopped target [0;1;39mlocal-fs-pre.target[0m…Preparation for Local File Systems.
         Stopping [0;1;39mlvm2-monitor.service[0m - Mo…ing dmeventd or progress polling...
[[0;32m  OK  [0m] Stopped [0;1;39msystemd-tmpfiles-setup-dev…[0mCreate Static Device Nodes in /dev.
[[0;32m  OK  [0m] Stopped [0;1;39msystemd-tmpfiles-setup-dev…[0mic Device Nodes in /dev gracefully.
[0;21;32maudit: type=1131 audit(1784567166.451:392): pid=1 uid=0 auid=4294967295 ses=4294967295 subj=system_u:system_r:init_t:s0 msg='unit=systemd-tmpfiles-setup-dev comm="systemd" exe="/usr/lib/systemd/systemd" hostname=? addr=? terminal=? res=success'[0m
[[0;32m  OK  [0m] Stopped [0;1;39msystemd-zram-setup@zram0.service[0m - Create swap on /dev/zram0.
[0;21;32maudit: type=1131 audit(1784567166.451:393): pid=1 uid=0 auid=4294967295 ses=4294967295 subj=system_u:system_r:init_t:s0 msg='unit=systemd-tmpfiles-setup-dev-early comm="systemd" exe="/usr/lib/systemd/systemd" hostname=? addr=? terminal=? res=success'[0m
[0;21;32maudit: type=1131 audit(1784567166.452:394): pid=1 uid=0 auid=4294967295 ses=4294967295 subj=system_u:system_r:init_t:s0 msg='unit=systemd-zram-setup@zram0 comm="systemd" exe="/usr/lib/systemd/systemd" hostname=? addr=? terminal=? res=success'[0m
[[0;32m  OK  [0m] Removed slice [0;1;39msystem-systemd\x2dzr…[0m- Slice /system/systemd-zram-setup.
[[0;32m  OK  [0m] Stopped [0;1;39mlvm2-monitor.service[0m - Mon…using dmeventd or progress polling.
[[0;32m  OK  [0m] Reached target [0;1;39mshutdown.target[0m - System Shutdown.
[[0;32m  OK  [0m] Reached target [0;1;39mfinal.target[0m - Late Shutdown Services.
[0;21;32maudit: type=1131 audit(1784567166.526:395): pid=1 uid=0 auid=4294967295 ses=4294967295 subj=system_u:system_r:init_t:s0 msg='unit=lvm2-monitor comm="systemd" exe="/usr/lib/systemd/systemd" hostname=? addr=? terminal=? res=success'[0m
[[0;32m  OK  [0m] Finished [0;1;39msystemd-reboot.service[0m - System Reboot.
[[0;32m  OK  [0m] Reached target [0;1;39mreboot.target[0m - System Reboot.
[0;21;32maudit: type=1130 audit(1784567166.527:396): pid=1 uid=0 auid=4294967295 ses=4294967295 subj=system_u:system_r:init_t:s0 msg='unit=systemd-reboot comm="systemd" exe="/usr/lib/systemd/systemd" hostname=? addr=? terminal=? res=success'[0m
]3008;end=3a18c7b1294f433a8ca6b0e911db1959\[0;21;31mwatchdog: watchdog0: watchdog did not stop![0m
[0;21;39msystemd-shutdown[1]: Using hardware watchdog /dev/watchdog0: 'iTCO_wdt', version 2.[0m
[0;21;39msystemd-shutdown[1]: Watchdog running with a hardware timeout of 10min.[0m
[0;21;39msystemd-shutdown[1]: Syncing filesystems and block devices.[0m
[0;21;39msystemd-shutdown[1]: Sending SIGTERM to remaining processes...[0m
[0;21;39msystemd-journald[669]: Received SIGTERM from PID 1 (systemd-shutdow).[0m
[  215.772297] systemd-shutdown[1]: Sending SIGKILL to remaining processes...
[  215.780989] systemd-shutdown[1]: Unmounting file systems.
[  215.784077] (sd-remount)[3211]: Remounting '/var' read-only with options 'seclabel,discard=async,space_cache=v2,subvolid=257,subvol=/root'.
[  215.815858] (sd-umount)[3213]: Unmounting '/var'.
[  215.818257] (sd-umount)[3214]: Unmounting '/run/credentials/systemd-journald.service'.
[  215.821629] (sd-remount)[3215]: Remounting '/sysroot' read-only with options 'seclabel,discard=async,space_cache=v2,subvolid=257,subvol=/root'.
[  215.826523] (sd-umount)[3216]: Unmounting '/sysroot'.
[  215.829462] (sd-remount)[3217]: Remounting '/etc' read-only with options 'seclabel,discard=async,space_cache=v2,subvolid=257,subvol=/root'.
[  215.834178] (sd-umount)[3218]: Unmounting '/etc'.
[  215.836515] systemd-shutdown[1]: All filesystems unmounted.
[  215.838456] systemd-shutdown[1]: Deactivating swaps.
[  215.840060] systemd-shutdown[1]: All swaps deactivated.
[  215.842135] systemd-shutdown[1]: Detaching loop devices.
[  215.844001] systemd-shutdown[1]: All loop devices detached.
[  215.845793] systemd-shutdown[1]: Stopping MD devices.
[  215.847613] systemd-shutdown[1]: All MD devices stopped.
[  215.849318] systemd-shutdown[1]: Detaching DM devices.
[  215.851063] systemd-shutdown[1]: All DM devices detached.
[  215.852816] systemd-shutdown[1]: All filesystems, swaps, loop devices, MD devices and DM devices detached.
[  215.856134] watchdog: watchdog0: watchdog did not stop!
[  215.865289] systemd-shutdown[1]: Syncing filesystems and block devices.
[  215.867605] systemd-shutdown[1]: Rebooting.
[  215.885836] Console: switching to colour dummy device 80x25
[  215.906848] ACPI: PM: Preparing to enter system sleep state S5
[  215.908903] kvm: exiting hardware virtualization
[  215.910475] reboot: Restarting system
[  215.911738] reboot: machine restart
[2J[001;001H[=3h[2J[001;001H[2J[001;001H[8;056;240t[2J[001;001H[2J[001;001H[=3h[2J[001;001H[2J[001;001H[8;042;160t[2J[001;001HBdsDxe: loading Boot0002 "Bazzite" from HD(1,GPT,48E1E3E3-E014-49D3-A5C9-B6A962B829F9,0x800,0x12C000)/\EFI\fedora\shimx64.efi
BdsDxe: starting Boot0002 "Bazzite" from HD(1,GPT,48E1E3E3-E014-49D3-A5C9-B6A962B829F9,0x800,0x12C000)/\EFI\fedora\shimx64.efi
[0m[30m[40m[2J[001;001H[0m[37m[40m[002;072HGRUB version 2.12

[004;002H┌────────────────────────────────────────────────────────────────────────────────────────────────────────────────────────────────────────────────────────────┐[005;002H│[005;159H│[006;002H│[006;159H│[007;002H│[007;159H│[008;002H│[008;159H│[009;002H│[009;159H│[010;002H│[010;159H│[011;002H│[011;159H│[012;002H│[012;159H│[013;002H│[013;159H│[014;002H│[014;159H│[015;002H│[015;159H│[016;002H│[016;159H│[017;002H│[017;159H│[018;002H│[018;159H│[019;002H│[019;159H│[020;002H│[020;159H│[021;002H│[021;159H│[022;002H│[022;159H│[023;002H│[023;159H│[024;002H│[024;159H│[025;002H│[025;159H│[026;002H│[026;159H│[027;002H│[027;159H│[028;002H│[028;159H│[029;002H│[029;159H│[030;002H│[030;159H│[031;002H│[031;159H│[032;002H│[032;159H│[033;002H│[033;159H│[034;002H│[034;159H│[035;002H│[035;159H│[036;002H└────────────────────────────────────────────────────────────────────────────────────────────────────────────────────────────────────────────────────────────┘[037;002H[038;002H     Use the ▲ and ▼ keys to select which entry is highlighted.                                                                                          
      Press enter to boot the selected OS, `e' to edit the commands before booting or `c' for a command-line. ESC to return previous menu.                [005;160H [0m[30m[47m[005;003H*Bazzite (ostree:0)                                                                                                                                         [0m[37m[40m[005;158H[006;003H Bazzite (ostree:1)                                                                                                                                         [006;158H[007;003H UEFI Firmware Settings                                                                                                                                     [007;158H[008;003H                                                                                                                                                            [008;158H[009;003H                                                                                                                                                            [009;158H[010;003H                                                                                                                                                            [010;158H[011;003H                                                                                                                                                            [011;158H[012;003H                                                                                                                                                            [012;158H[013;003H                                                                                                                                                            [013;158H[014;003H                                                                                                                                                            [014;158H[015;003H                                                                                                                                                            [015;158H[016;003H                                                                                                                                                            [016;158H[017;003H                                                                                                                                                            [017;158H[018;003H                                                                                                                                                            [018;158H[019;003H                                                                                                                                                            [019;158H[020;003H                                                                                                                                                            [020;158H[021;003H                                                                                                                                                            [021;158H[022;003H                                                                                                                                                            [022;158H[023;003H                                                                                                                                                            [023;158H[024;003H                                                                                                                                                            [024;158H[025;003H                                                                                                                                                            [025;158H[026;003H                                                                                                                                                            [026;158H[027;003H                                                                                                                                                            [027;158H[028;003H                                                                                                                                                            [028;158H[029;003H                                                                                                                                                            [029;158H[030;003H                                                                                                                                                            [030;158H[031;003H                                                                                                                                                            [031;158H[032;003H                                                                                                                                                            [032;158H[033;003H                                                                                                                                                            [033;158H[034;003H                                                                                                                                                            [034;158H[035;003H                                                                                                                                                            [035;158H[035;160H [005;158H[040;001H   The highlighted entry will be executed automatically in 1s.                                                                                                 [005;158H[040;001H   The highlighted entry will be executed automatically in 0s.                                                                                                 [005;158H[0m[30m[40m[2J[001;001H[0m[37m[40m[0m[30m[40m[2J[001;001H[0m[37m[40m  Booting `Bazzite (ostree:0)'

[    0.000000] Linux version 7.1.3-ogc3.4.fc44.x86_64 (root@b94170d5dfd0) (gcc (GCC) 16.1.1 20260515 (Red Hat 16.1.1-2), GNU ld version 2.46-3.fc44) #1 SMP PREEMPT_DYNAMIC Fri Jul 10 04:06:08 UTC 2026
[    0.000000] Command line: BOOT_IMAGE=(hd0,gpt2)/ostree/default-a68fdf669824e7bea84f6339c1b0a162c5382aa3213bb37b639d9879f3bc9dc0/vmlinuz-7.1.3-ogc3.4.fc44.x86_64 ostree=/ostree/boot.0/default/a68fdf669824e7bea84f6339c1b0a162c5382aa3213bb37b639d9879f3bc9dc0/0 console=tty0 console=ttyS0,115200 root=UUID=16d6e9ea-19b9-4095-9bf1-4c3c4973c5b8 vconsole.keymap=us rootflags=subvol=root rw bluetooth.disable_ertm=1
[    0.000000] BIOS-provided physical RAM map:
[    0.000000] BIOS-e820: [mem 0x0000000000000000-0x000000000009ffff]  System RAM
[    0.000000] BIOS-e820: [gap 0x00000000000a0000-0x00000000000fffff]
[    0.000000] BIOS-e820: [mem 0x0000000000100000-0x00000000007fffff]  System RAM
[    0.000000] BIOS-e820: [mem 0x0000000000800000-0x0000000000807fff]  ACPI NVS
[    0.000000] BIOS-e820: [mem 0x0000000000808000-0x000000000080afff]  System RAM
[    0.000000] BIOS-e820: [mem 0x000000000080b000-0x000000000080bfff]  ACPI NVS
[    0.000000] BIOS-e820: [mem 0x000000000080c000-0x0000000000811fff]  System RAM
[    0.000000] BIOS-e820: [mem 0x0000000000812000-0x0000000000812fff]  device reserved
[    0.000000] BIOS-e820: [mem 0x0000000000813000-0x0000000000813fff]  System RAM
[    0.000000] BIOS-e820: [mem 0x0000000000814000-0x00000000008fffff]  ACPI NVS
[    0.000000] BIOS-e820: [mem 0x0000000000900000-0x000000007deecfff]  System RAM
[    0.000000] BIOS-e820: [mem 0x000000007deed000-0x000000007deeefff]  device reserved
[    0.000000] BIOS-e820: [mem 0x000000007deef000-0x000000007f8ecfff]  System RAM
[    0.000000] BIOS-e820: [mem 0x000000007f8ed000-0x000000007fb6cfff]  device reserved
[    0.000000] BIOS-e820: [mem 0x000000007fb6d000-0x000000007fb7efff]  ACPI data
[    0.000000] BIOS-e820: [mem 0x000000007fb7f000-0x000000007fbfefff]  ACPI NVS
[    0.000000] BIOS-e820: [mem 0x000000007fbff000-0x000000007ff1ffff]  System RAM
[    0.000000] BIOS-e820: [mem 0x000000007ff20000-0x000000007ff3ffff]  device reserved
[    0.000000] BIOS-e820: [mem 0x000000007ff40000-0x000000007fffffff]  ACPI NVS
[    0.000000] BIOS-e820: [gap 0x0000000080000000-0x00000000dfffffff]
[    0.000000] BIOS-e820: [mem 0x00000000e0000000-0x00000000efffffff]  device reserved
[    0.000000] BIOS-e820: [gap 0x00000000f0000000-0x00000000feffbfff]
[    0.000000] BIOS-e820: [mem 0x00000000feffc000-0x00000000feffffff]  device reserved
[    0.000000] BIOS-e820: [gap 0x00000000ff000000-0x00000000ffdfffff]
[    0.000000] BIOS-e820: [mem 0x00000000ffe00000-0x00000000ffffffff]  device reserved
[    0.000000] BIOS-e820: [mem 0x0000000100000000-0x000000027fffffff]  System RAM
[    0.000000] BIOS-e820: [gap 0x0000000280000000-0x000000fcffffffff]
[    0.000000] BIOS-e820: [mem 0x000000fd00000000-0x000000ffffffffff]  device reserved
[    0.000000] NX (Execute Disable) protection: active
[    0.000000] APIC: Static calls initialized
[    0.000000] efi: EFI v2.7 by EDK II
[    0.000000] efi: SMBIOS=0x7f8f0000 ACPI=0x7fb7e000 ACPI 2.0=0x7fb7e014 MEMATTR=0x7deea018 MOKvar=0x7deed000 RNG=0x7fb73018 
[    0.000000] random: crng init done
[    0.000000] efi: Remove mem113: MMIO range=[0xffe00000-0xffffffff] (2MB) from e820 map
[    0.000000] DMI: SMBIOS 2.8 present.
[    0.000000] DMI: QEMU Standard PC (Q35 + ICH9, 2009), BIOS edk2-20260508-6.fc44 05/08/2026
[    0.000000] DMI: Memory slots populated: 1/1
[    0.000000] Hypervisor detected: KVM
[    0.000000] last_pfn = 0x7ff20 max_arch_pfn = 0x400000000
[    0.000000] kvm-clock: Using msrs 4b564d01 and 4b564d00
[    0.000000] kvm-clock: using sched offset of 225361755461 cycles
[    0.000002] clocksource: kvm-clock: mask: 0xffffffffffffffff max_cycles: 0x1cd42e4dffb, max_idle_ns: 881590591483 ns
[    0.000005] tsc: Detected 4099.996 MHz processor
[    0.000112] last_pfn = 0x280000 max_arch_pfn = 0x400000000
[    0.000148] MTRR map: 4 entries (2 fixed + 2 variable; max 18), built from 8 variable MTRRs
[    0.000151] x86/PAT: Configuration [0-7]: WB  WC  UC- UC  WB  WP  UC- WT  
[    0.000199] last_pfn = 0x7ff20 max_arch_pfn = 0x400000000
[    0.003987] Using GB pages for direct mapping
[    0.004601] Secure boot disabled
[    0.004602] RAMDISK: [mem 0x65837000-0x74888fff]
[    0.004606] ACPI: Early table checksum verification disabled
[    0.004609] ACPI: RSDP 0x000000007FB7E014 000024 (v02 BOCHS )
[    0.004611] ACPI: XSDT 0x000000007FB7D0E8 000054 (v01 BOCHS  BXPC     00000001      01000013)
[    0.004615] ACPI: FACP 0x000000007FB79000 0000F4 (v03 BOCHS  BXPC     00000001 BXPC 00000001)
[    0.004621] ACPI: DSDT 0x000000007FB7A000 002379 (v01 BOCHS  BXPC     00000001 BXPC 00000001)
[    0.004625] ACPI: FACS 0x000000007FBDD000 000040
[    0.004628] ACPI: APIC 0x000000007FB78000 0000B0 (v03 BOCHS  BXPC     00000001 BXPC 00000001)
[    0.004631] ACPI: HPET 0x000000007FB77000 000038 (v01 BOCHS  BXPC     00000001 BXPC 00000001)
[    0.004635] ACPI: MCFG 0x000000007FB76000 00003C (v01 BOCHS  BXPC     00000001 BXPC 00000001)
[    0.004638] ACPI: WAET 0x000000007FB75000 000028 (v01 BOCHS  BXPC     00000001 BXPC 00000001)
[    0.004641] ACPI: BGRT 0x000000007FB74000 000038 (v01 INTEL  EDK2     00000002      01000013)
[    0.004643] ACPI: Reserving FACP table memory at [mem 0x7fb79000-0x7fb790f3]
[    0.004644] ACPI: Reserving DSDT table memory at [mem 0x7fb7a000-0x7fb7c378]
[    0.004644] ACPI: Reserving FACS table memory at [mem 0x7fbdd000-0x7fbdd03f]
[    0.004645] ACPI: Reserving APIC table memory at [mem 0x7fb78000-0x7fb780af]
[    0.004645] ACPI: Reserving HPET table memory at [mem 0x7fb77000-0x7fb77037]
[    0.004646] ACPI: Reserving MCFG table memory at [mem 0x7fb76000-0x7fb7603b]
[    0.004646] ACPI: Reserving WAET table memory at [mem 0x7fb75000-0x7fb75027]
[    0.004647] ACPI: Reserving BGRT table memory at [mem 0x7fb74000-0x7fb74037]
[    0.005150] No NUMA configuration found
[    0.005151] Faking a node at [mem 0x0000000000000000-0x000000027fffffff]
[    0.005160] NODE_DATA(0) allocated [mem 0x27ffd4f80-0x27fffffff]
[    0.006088] ACPI: PM-Timer IO Port: 0x608
[    0.006101] ACPI: LAPIC_NMI (acpi_id[0xff] dfl dfl lint[0x1])
[    0.006123] IOAPIC[0]: apic_id 0, version 17, address 0xfec00000, GSI 0-23
[    0.006126] ACPI: INT_SRC_OVR (bus 0 bus_irq 0 global_irq 2 dfl dfl)
[    0.006127] ACPI: INT_SRC_OVR (bus 0 bus_irq 5 global_irq 5 high level)
[    0.006128] ACPI: INT_SRC_OVR (bus 0 bus_irq 9 global_irq 9 high level)
[    0.006129] ACPI: INT_SRC_OVR (bus 0 bus_irq 10 global_irq 10 high level)
[    0.006130] ACPI: INT_SRC_OVR (bus 0 bus_irq 11 global_irq 11 high level)
[    0.006132] ACPI: Using ACPI (MADT) for SMP configuration information
[    0.006133] ACPI: HPET id: 0x8086a201 base: 0xfed00000
[    0.006153] TSC deadline timer available
[    0.006155] CPU topo: Max. logical packages:   1
[    0.006156] CPU topo: Max. logical nodes:      1
[    0.006156] CPU topo: Num. nodes per package:  1
[    0.006158] CPU topo: Max. logical dies:       1
[    0.006158] CPU topo: Max. dies per package:   1
[    0.006161] CPU topo: Max. threads per core:   1
[    0.006162] CPU topo: Num. cores per package:     8
[    0.006162] CPU topo: Num. threads per package:   8
[    0.006162] CPU topo: Allowing 8 present CPUs plus 0 hotplug CPUs
[    0.006175] kvm-guest: APIC: eoi() replaced with kvm_guest_apic_eoi_write()
[    0.006186] kvm-guest: KVM setup pv remote TLB flush
[    0.006190] kvm-guest: setup PV sched yield
[    0.006203] PM: hibernation: Registered nosave memory: [mem 0x00000000-0x00000fff]
[    0.006205] PM: hibernation: Registered nosave memory: [mem 0x000a0000-0x000fffff]
[    0.006206] PM: hibernation: Registered nosave memory: [mem 0x00800000-0x00807fff]
[    0.006207] PM: hibernation: Registered nosave memory: [mem 0x0080b000-0x0080bfff]
[    0.006208] PM: hibernation: Registered nosave memory: [mem 0x00812000-0x00812fff]
[    0.006209] PM: hibernation: Registered nosave memory: [mem 0x00814000-0x008fffff]
[    0.006210] PM: hibernation: Registered nosave memory: [mem 0x7deed000-0x7deeefff]
[    0.006211] PM: hibernation: Registered nosave memory: [mem 0x7def9000-0x7df01fff]
[    0.006212] PM: hibernation: Registered nosave memory: [mem 0x7f8ed000-0x7fbfefff]
[    0.006213] PM: hibernation: Registered nosave memory: [mem 0x7ff20000-0xffffffff]
[    0.006214] [gap 0x80000000-0xdfffffff] available for PCI devices
[    0.006216] Booting paravirtualized kernel on KVM
[    0.006217] clocksource: refined-jiffies: mask: 0xffffffff max_cycles: 0xffffffff, max_idle_ns: 1910969940391419 ns
[    0.012164] Zone ranges:
[    0.012165]   DMA      [mem 0x0000000000001000-0x0000000000ffffff]
[    0.012167]   DMA32    [mem 0x0000000001000000-0x00000000ffffffff]
[    0.012168]   Normal   [mem 0x0000000100000000-0x000000027fffffff]
[    0.012169]   Device   empty
[    0.012169] Movable zone start for each node
[    0.012171] Early memory node ranges
[    0.012171]   node   0: [mem 0x0000000000001000-0x000000000009ffff]
[    0.012172]   node   0: [mem 0x0000000000100000-0x00000000007fffff]
[    0.012173]   node   0: [mem 0x0000000000808000-0x000000000080afff]
[    0.012174]   node   0: [mem 0x000000000080c000-0x0000000000811fff]
[    0.012174]   node   0: [mem 0x0000000000813000-0x0000000000813fff]
[    0.012175]   node   0: [mem 0x0000000000900000-0x000000007deecfff]
[    0.012175]   node   0: [mem 0x000000007deef000-0x000000007f8ecfff]
[    0.012176]   node   0: [mem 0x000000007fbff000-0x000000007ff1ffff]
[    0.012176]   node   0: [mem 0x0000000100000000-0x000000027fffffff]
[    0.012178] Initmem setup node 0 [mem 0x0000000000001000-0x000000027fffffff]
[    0.012190] On node 0, zone DMA: 1 pages in unavailable ranges
[    0.012244] On node 0, zone DMA: 96 pages in unavailable ranges
[    0.012247] On node 0, zone DMA: 8 pages in unavailable ranges
[    0.012248] On node 0, zone DMA: 1 pages in unavailable ranges
[    0.012248] On node 0, zone DMA: 1 pages in unavailable ranges
[    0.012304] On node 0, zone DMA: 236 pages in unavailable ranges
[    0.027154] On node 0, zone DMA32: 2 pages in unavailable ranges
[    0.027204] On node 0, zone DMA32: 786 pages in unavailable ranges
[    0.072499] On node 0, zone Normal: 224 pages in unavailable ranges
[    0.072518] setup_percpu: NR_CPUS:8192 nr_cpumask_bits:8 nr_cpu_ids:8 nr_node_ids:1
[    0.074440] percpu: Embedded 85 pages/cpu s225280 r8192 d114688 u524288
[    0.074491] kvm-guest: PV spinlocks enabled
[    0.074493] PV qspinlock hash table entries: 256 (order: 0, 4096 bytes, linear)
[    0.074496] Kernel command line: BOOT_IMAGE=(hd0,gpt2)/ostree/default-a68fdf669824e7bea84f6339c1b0a162c5382aa3213bb37b639d9879f3bc9dc0/vmlinuz-7.1.3-ogc3.4.fc44.x86_64 ostree=/ostree/boot.0/default/a68fdf669824e7bea84f6339c1b0a162c5382aa3213bb37b639d9879f3bc9dc0/0 console=tty0 console=ttyS0,115200 root=UUID=16d6e9ea-19b9-4095-9bf1-4c3c4973c5b8 vconsole.keymap=us rootflags=subvol=root rw bluetooth.disable_ertm=1
[    0.074718] Unknown kernel command line parameters "ostree=/ostree/boot.0/default/a68fdf669824e7bea84f6339c1b0a162c5382aa3213bb37b639d9879f3bc9dc0/0", will be passed to user space.
[    0.074914] printk: log buffer data + meta data: 262144 + 1114112 = 1376256 bytes
[    0.078686] Dentry cache hash table entries: 1048576 (order: 11, 8388608 bytes, linear)
[    0.080528] Inode-cache hash table entries: 524288 (order: 10, 4194304 bytes, linear)
[    0.080623] software IO TLB: area num 8.
[    0.094540] Fallback order for Node 0: 0 
[    0.094548] Built 1 zonelists, mobility grouping on.  Total pages: 2095797
[    0.094550] Policy zone: Normal
[    0.095653] mem auto-init: stack:all(zero), heap alloc:on, heap free:off
[    0.106911] SLUB: HWalign=64, Order=0-3, MinObjects=0, CPUs=8, Nodes=1
[    0.117327] ftrace: allocating 64544 entries in 254 pages
[    0.117330] ftrace: allocated 254 pages with 7 groups
[    0.118145] Dynamic Preempt: lazy
[    0.118280] rcu: Preemptible hierarchical RCU implementation.
[    0.118281] rcu: 	RCU event tracing is enabled.
[    0.118282] rcu: 	RCU restricting CPUs from NR_CPUS=8192 to nr_cpu_ids=8.
[    0.118283] 	Trampoline variant of Tasks RCU enabled.
[    0.118284] 	Rude variant of Tasks RCU enabled.
[    0.118284] 	Tracing variant of Tasks RCU enabled.
[    0.118284] rcu: RCU calculated value of scheduler-enlistment delay is 100 jiffies.
[    0.118285] rcu: Adjusting geometry for rcu_fanout_leaf=16, nr_cpu_ids=8
[    0.118301] RCU Tasks: Setting shift to 3 and lim to 1 rcu_task_cb_adjust=1 rcu_task_cpu_ids=8.
[    0.118303] RCU Tasks Rude: Setting shift to 3 and lim to 1 rcu_task_cb_adjust=1 rcu_task_cpu_ids=8.
[    0.122537] NR_IRQS: 524544, nr_irqs: 488, preallocated irqs: 16
[    0.122781] rcu: srcu_init: Setting srcu_struct sizes based on contention.
[    0.122959] kfence: initialized - using 2097152 bytes for 255 objects at 0x(____ptrval____)-0x(____ptrval____)
[    0.123058] Console: colour dummy device 80x25
[    0.123067] printk: legacy console [tty0] enabled
[    0.123313] printk: legacy console [ttyS0] enabled
[    0.459337] ACPI: Core revision 20251212
[    0.460785] clocksource: hpet: mask: 0xffffffff max_cycles: 0xffffffff, max_idle_ns: 19112604467 ns
[    0.463594] APIC: Switch to symmetric I/O mode setup
[    0.465269] x2apic enabled
[    0.466350] APIC: Switched APIC routing to: physical x2apic
[    0.468017] kvm-guest: APIC: send_IPI_mask() replaced with kvm_send_ipi_mask()
[    0.470258] kvm-guest: APIC: send_IPI_mask_allbutself() replaced with kvm_send_ipi_mask_allbutself()
[    0.472982] kvm-guest: setup PV IPIs
[    0.474965] ..TIMER: vector=0x30 apic1=0 pin1=2 apic2=-1 pin2=-1
[    0.476786] clocksource: tsc-early: mask: 0xffffffffffffffff max_cycles: 0x3b195b6e39b, max_idle_ns: 440795394037 ns
[    0.479889] Calibrating delay loop (skipped) preset value.. 8199.99 BogoMIPS (lpj=4099996)
[    0.481012] x86/cpu: User Mode Instruction Prevention (UMIP) activated
[    0.481993] Last level iTLB entries: 4KB 512, 2MB 255, 4MB 127
[    0.482893] Last level dTLB entries: 4KB 512, 2MB 255, 4MB 127, 1GB 0
[    0.483900] mitigations: Enabled attack vectors: user_kernel, user_user, guest_host, guest_guest, SMT mitigations: auto
[    0.484893] Speculative Store Bypass: Mitigation: Speculative Store Bypass disabled via prctl
[    0.485893] Transient Scheduler Attacks: Mitigation: Clear CPU buffers
[    0.486892] Spectre V2 : Mitigation: Enhanced / Automatic IBRS
[    0.487892] Speculative Return Stack Overflow: Mitigation: Safe RET
[    0.488892] Spectre V1 : Mitigation: usercopy/swapgs barriers and __user pointer sanitization
[    0.489897] Spectre V2 : mitigation: Enabling conditional Indirect Branch Prediction Barrier
[    0.490893] active return thunk: srso_alias_return_thunk
[    0.491917] x86/fpu: Supporting XSAVE feature 0x001: 'x87 floating point registers'
[    0.492892] x86/fpu: Supporting XSAVE feature 0x002: 'SSE registers'
[    0.493892] x86/fpu: Supporting XSAVE feature 0x004: 'AVX registers'
[    0.494892] x86/fpu: Supporting XSAVE feature 0x020: 'AVX-512 opmask'
[    0.495892] x86/fpu: Supporting XSAVE feature 0x040: 'AVX-512 Hi256'
[    0.496892] x86/fpu: Supporting XSAVE feature 0x080: 'AVX-512 ZMM_Hi256'
[    0.497892] x86/fpu: Supporting XSAVE feature 0x200: 'Protection Keys User registers'
[    0.498893] x86/fpu: xstate_offset[2]:  576, xstate_sizes[2]:  256
[    0.499892] x86/fpu: xstate_offset[5]:  832, xstate_sizes[5]:   64
[    0.500892] x86/fpu: xstate_offset[6]:  896, xstate_sizes[6]:  512
[    0.501892] x86/fpu: xstate_offset[7]: 1408, xstate_sizes[7]: 1024
[    0.502892] x86/fpu: xstate_offset[9]: 2432, xstate_sizes[9]:    8
[    0.503892] x86/fpu: Enabled xstate features 0x2e7, context size is 2440 bytes, using 'compacted' format.
[    0.533078] pid_max: default: 32768 minimum: 301
[    0.534058] Yama: becoming mindful.
[    0.534899] SELinux:  Initializing.
[    0.537311] LSM support for eBPF active
[    0.537919] landlock: Up and running.
[    0.539036] Mount-cache hash table entries: 16384 (order: 5, 131072 bytes, linear)
[    0.539954] Mountpoint-cache hash table entries: 16384 (order: 5, 131072 bytes, linear)
[    0.541106] VFS: Finished mounting rootfs on nullfs
[    0.542484] smpboot: CPU0: AMD Ryzen 7 8700F 8-Core Processor (family: 0x19, model: 0x75, stepping: 0x2)
[    0.543368] Performance Events: Fam17h+ core perfctr, AMD PMU driver.
[    0.543904] ... version:                   2
[    0.544894] ... bit width:                 48
[    0.545894] ... generic counters:          6
[    0.546894] ... generic bitmap:            000000000000003f
[    0.547895] ... fixed-purpose counters:    0
[    0.548894] ... fixed-purpose bitmap:      0000000000000000
[    0.549895] ... value mask:                0000ffffffffffff
[    0.550895] ... max period:                00007fffffffffff
[    0.551895] ... global_ctrl mask:          000000000000003f
[    0.553014] signal: max sigframe size: 3376
[    0.553964] rcu: Hierarchical SRCU implementation.
[    0.554901] rcu: 	Max phase no-delay instances is 400.
[    0.556045] Timer migration: 1 hierarchy levels; 8 children per group; 1 crossnode level
[    0.562432] smp: Bringing up secondary CPUs ...
[    0.563133] smpboot: x86: Booting SMP configuration:
[    0.563905] .... node  #0, CPUs:      #1 #2 #3 #4 #5 #6 #7
[    0.567929] smp: Brought up 1 node, 8 CPUs
[    0.569898] smpboot: Total of 8 processors activated (65599.93 BogoMIPS)
[    0.571440] Memory: 7798092K/8383188K available (24368K kernel code, 4756K rwdata, 18752K rodata, 5300K init, 4316K bss, 572420K reserved, 0K cma-reserved)
[    0.572191] devtmpfs: initialized
[    0.573002] x86/mm: Memory block size: 128MB
[    0.575422] ACPI: PM: Registering ACPI NVS region [mem 0x00800000-0x00807fff] (32768 bytes)
[    0.575897] ACPI: PM: Registering ACPI NVS region [mem 0x0080b000-0x0080bfff] (4096 bytes)
[    0.576898] ACPI: PM: Registering ACPI NVS region [mem 0x00814000-0x008fffff] (966656 bytes)
[    0.577918] ACPI: PM: Registering ACPI NVS region [mem 0x7fb7f000-0x7fbfefff] (524288 bytes)
[    0.578910] ACPI: PM: Registering ACPI NVS region [mem 0x7ff40000-0x7fffffff] (786432 bytes)
[    0.580140] clocksource: jiffies: mask: 0xffffffff max_cycles: 0xffffffff, max_idle_ns: 1911260446275000 ns
[    0.580937] posixtimers hash table entries: 4096 (order: 4, 65536 bytes, linear)
[    0.581960] futex hash table entries: 2048 (131072 bytes on 1 NUMA nodes, total 128 KiB, linear).
[    0.583035] xor: automatically using best checksumming function   avx       
[    0.584323] PM: RTC time: 17:06:11, date: 2026-07-20
[    0.586317] NET: Registered PF_NETLINK/PF_ROUTE protocol family
[    0.587606] DMA: preallocated 1024 KiB GFP_KERNEL pool for atomic allocations
[    0.588378] DMA: preallocated 1024 KiB GFP_KERNEL|GFP_DMA pool for atomic allocations
[    0.589378] DMA: preallocated 1024 KiB GFP_KERNEL|GFP_DMA32 pool for atomic allocations
[    0.589912] audit: initializing netlink subsys (disabled)
[    0.590939] audit: type=2000 audit(1784567171.734:1): state=initialized audit_enabled=0 res=1
[    0.591111] thermal_sys: Registered thermal governor 'fair_share'
[    0.591899] thermal_sys: Registered thermal governor 'bang_bang'
[    0.592895] thermal_sys: Registered thermal governor 'step_wise'
[    0.593895] thermal_sys: Registered thermal governor 'user_space'
[    0.594908] cpuidle: using governor menu
[    0.598131] Freeing SMP alternatives memory: 60K
[    0.601166] efi: Freeing EFI boot services memory: 44736K
[    0.601898] acpiphp: ACPI Hot Plug PCI Controller Driver version: 0.5
[    0.603166] PCI: ECAM [mem 0xe0000000-0xefffffff] (base 0xe0000000) for domain 0000 [bus 00-ff]
[    0.603909] PCI: Using configuration type 1 for base access
[    0.604999] virt/tdx: TDX not supported by the host platform
[    0.605957] kprobes: kprobe jump-optimization is enabled. All kprobes are optimized if possible.
[    0.607164] HugeTLB: registered 1.00 GiB page size, pre-allocated 0 pages
[    0.607897] HugeTLB: 16380 KiB vmemmap can be freed for a 1.00 GiB page
[    0.608896] HugeTLB: registered 2.00 MiB page size, pre-allocated 0 pages
[    0.609899] HugeTLB: 28 KiB vmemmap can be freed for a 2.00 MiB page
[    0.614865] raid6: skipped pq benchmark and selected avx512x4
[    0.614896] raid6: using avx512x2 recovery algorithm
[    0.616117] fbcon: Taking over console
[    0.616936] ACPI: Added _OSI(Module Device)
[    0.616938] ACPI: Added _OSI(Processor Device)
[    0.616939] ACPI: Added _OSI(Processor Aggregator Device)
[    0.622080] ACPI: 1 ACPI AML tables successfully acquired and loaded
[    0.623470] ACPI: \_SB_: platform _OSC: OS support mask [006e7eff]
[    0.624137] ACPI: Interpreter enabled
[    0.624910] ACPI: PM: (supports S0 S3 S4 S5)
[    0.625895] ACPI: Using IOAPIC for interrupt routing
[    0.627077] PCI: Using host bridge windows from ACPI; if necessary, use "pci=nocrs" and report a bug
[    0.627896] PCI: Ignoring E820 reservations for host bridge windows
[    0.629045] ACPI: Enabled 2 GPEs in block 00 to 3F
[    0.633924] ACPI: PCI Root Bridge [PCI0] (domain 0000 [bus 00-ff])
[    0.634900] acpi PNP0A08:00: _OSC: OS supports [ExtendedConfig ASPM ClockPM Segments MSI EDR HPX-Type3]
[    0.635965] acpi PNP0A08:00: _OSC: platform does not support [PCIeHotplug LTR DPC]
[    0.637017] acpi PNP0A08:00: _OSC: OS now controls [SHPCHotplug PME AER PCIeCapability]
[    0.638206] PCI host bridge to bus 0000:00
[    0.638901] pci_bus 0000:00: root bus resource [io  0x0000-0x0cf7 window]
[    0.639897] pci_bus 0000:00: root bus resource [io  0x0d00-0xffff window]
[    0.640897] pci_bus 0000:00: root bus resource [mem 0x000a0000-0x000bffff window]
[    0.641897] pci_bus 0000:00: root bus resource [mem 0x80000000-0xdfffffff window]
[    0.642897] pci_bus 0000:00: root bus resource [mem 0xf0000000-0xfebfffff window]
[    0.643897] pci_bus 0000:00: root bus resource [mem 0x380000000000-0x3807ffffffff window]
[    0.644897] pci_bus 0000:00: root bus resource [bus 00-ff]
[    0.645977] pci 0000:00:00.0: [8086:29c0] type 00 class 0x060000 conventional PCI endpoint
[    0.648005] pci 0000:00:01.0: [1af4:1000] type 00 class 0x020000 conventional PCI endpoint
[    0.650832] pci 0000:00:01.0: BAR 0 [io  0x60e0-0x60ff]
[    0.650911] pci 0000:00:01.0: BAR 1 [mem 0x80845000-0x80845fff]
[    0.651950] pci 0000:00:01.0: BAR 4 [mem 0x380000000000-0x380000003fff 64bit pref]
[    0.652911] pci 0000:00:01.0: ROM [mem 0xfffc0000-0xffffffff pref]
[    0.655281] pci 0000:00:02.0: [1af4:1050] type 00 class 0x030000 conventional PCI endpoint
[    0.657997] pci 0000:00:02.0: BAR 0 [mem 0x80000000-0x807fffff pref]
[    0.658964] pci 0000:00:02.0: BAR 2 [mem 0x380000004000-0x380000007fff 64bit pref]
[    0.659911] pci 0000:00:02.0: BAR 4 [mem 0x80844000-0x80844fff]
[    0.660924] pci 0000:00:02.0: ROM [mem 0xffff0000-0xffffffff pref]
[    0.662120] pci 0000:00:02.0: Video device with shadowed ROM at [mem 0x000c0000-0x000dffff]
[    0.664628] pci 0000:00:03.0: [1af4:1052] type 00 class 0x098000 conventional PCI endpoint
[    0.665920] pci 0000:00:03.0: BAR 1 [mem 0x80843000-0x80843fff]
[    0.666950] pci 0000:00:03.0: BAR 4 [mem 0x380000008000-0x38000000bfff 64bit pref]
[    0.669156] pci 0000:00:04.0: [1af4:1052] type 00 class 0x090000 conventional PCI endpoint
[    0.671676] pci 0000:00:04.0: BAR 1 [mem 0x80842000-0x80842fff]
[    0.671951] pci 0000:00:04.0: BAR 4 [mem 0x38000000c000-0x38000000ffff 64bit pref]
[    0.674143] pci 0000:00:05.0: [1af4:1001] type 00 class 0x010000 conventional PCI endpoint
[    0.676807] pci 0000:00:05.0: BAR 0 [io  0x6000-0x607f]
[    0.676911] pci 0000:00:05.0: BAR 1 [mem 0x80841000-0x80841fff]
[    0.677959] pci 0000:00:05.0: BAR 4 [mem 0x380000010000-0x380000013fff 64bit pref]
[    0.680309] pci 0000:00:1f.0: [8086:2918] type 00 class 0x060100 conventional PCI endpoint
[    0.681601] pci 0000:00:1f.0: quirk: [io  0x0600-0x067f] claimed by ICH6 ACPI/GPIO/TCO
[    0.682370] pci 0000:00:1f.2: [8086:2922] type 00 class 0x010601 conventional PCI endpoint
[    0.683971] pci 0000:00:1f.2: BAR 4 [io  0x60c0-0x60df]
[    0.684911] pci 0000:00:1f.2: BAR 5 [mem 0x80840000-0x80840fff]
[    0.686617] pci 0000:00:1f.3: [8086:2930] type 00 class 0x0c0500 conventional PCI endpoint
[    0.687496] pci 0000:00:1f.3: BAR 4 [io  0x6080-0x60bf]
[    0.691598] ACPI: PCI: Interrupt link LNKA configured for IRQ 10
[    0.692049] ACPI: PCI: Interrupt link LNKB configured for IRQ 10
[    0.693041] ACPI: PCI: Interrupt link LNKC configured for IRQ 11
[    0.694042] ACPI: PCI: Interrupt link LNKD configured for IRQ 11
[    0.695041] ACPI: PCI: Interrupt link LNKE configured for IRQ 10
[    0.696036] ACPI: PCI: Interrupt link LNKF configured for IRQ 10
[    0.697044] ACPI: PCI: Interrupt link LNKG configured for IRQ 11
[    0.698048] ACPI: PCI: Interrupt link LNKH configured for IRQ 11
[    0.698965] ACPI: PCI: Interrupt link GSIA configured for IRQ 16
[    0.699911] ACPI: PCI: Interrupt link GSIB configured for IRQ 17
[    0.700911] ACPI: PCI: Interrupt link GSIC configured for IRQ 18
[    0.701911] ACPI: PCI: Interrupt link GSID configured for IRQ 19
[    0.702911] ACPI: PCI: Interrupt link GSIE configured for IRQ 20
[    0.703917] ACPI: PCI: Interrupt link GSIF configured for IRQ 21
[    0.704911] ACPI: PCI: Interrupt link GSIG configured for IRQ 22
[    0.705915] ACPI: PCI: Interrupt link GSIH configured for IRQ 23
[    0.708323] iommu: Default domain type: Translated
[    0.708895] iommu: DMA domain TLB invalidation policy: lazy mode
[    0.711024] SCSI subsystem initialized
[    0.711993] ACPI: bus type USB registered
[    0.712960] usbcore: registered new interface driver usbfs
[    0.713914] usbcore: registered new interface driver hub
[    0.714908] usbcore: registered new device driver usb
[    0.715971] pps_core: LinuxPPS API ver. 1 registered
[    0.716895] pps_core: Software ver. 5.3.6 - Copyright 2005-2007 Rodolfo Giometti <giometti@linux.it>
[    0.717904] PTP clock support registered
[    0.719037] EDAC MC: Ver: 3.0.0
[    0.720221] efivars: Registered efivars operations
[    0.721509] NetLabel: Initializing
[    0.721896] NetLabel:  domain hash size = 128
[    0.722895] NetLabel:  protocols = UNLABELED CIPSOv4 CALIPSO
[    0.723932] NetLabel:  unlabeled traffic allowed by default
[    0.724910] mctp: management component transport protocol core
[    0.725899] NET: Registered PF_MCTP protocol family
[    0.726937] PCI: Using ACPI for IRQ routing
[    0.838897] e820: register RAM buffer resource [mem 0x0080b000-0x008fffff]
[    0.840042] e820: register RAM buffer resource [mem 0x00812000-0x008fffff]
[    0.840899] e820: register RAM buffer resource [mem 0x00814000-0x008fffff]
[    0.841896] e820: register RAM buffer resource [mem 0x7deed000-0x7fffffff]
[    0.842896] e820: register RAM buffer resource [mem 0x7def9000-0x7fffffff]
[    0.843896] e820: register RAM buffer resource [mem 0x7f8ed000-0x7fffffff]
[    0.844897] e820: register RAM buffer resource [mem 0x7ff20000-0x7fffffff]
[    0.846097] pci 0000:00:02.0: vgaarb: setting as boot VGA device
[    0.846887] pci 0000:00:02.0: vgaarb: bridge control possible
[    0.846887] pci 0000:00:02.0: vgaarb: VGA device added: decodes=io+mem,owns=io+mem,locks=none
[    0.846897] vgaarb: loaded
[    0.848169] hpet0: at MMIO 0xfed00000, IRQs 2, 8, 0
[    0.848895] hpet0: 3 comparators, 64-bit 100.000000 MHz counter
[    0.853052] clocksource: Switched to clocksource kvm-clock
[    0.855685] VFS: Disk quotas dquot_6.6.0
[    0.857026] VFS: Dquot-cache hash table entries: 512 (order 0, 4096 bytes)
[    0.859671] acpi PNP0C01:00: Reserved [mem 0xe0000000-0xefffffff]
[    0.862205] pnp: PnP ACPI init
[    0.863853] pnp: PnP ACPI: found 4 devices
[    0.872249] clocksource: acpi_pm: mask: 0xffffff max_cycles: 0xffffff, max_idle_ns: 2085701024 ns
[    0.875124] NET: Registered PF_INET protocol family
[    0.877208] IP idents hash table entries: 131072 (order: 8, 1048576 bytes, linear)
[    0.899908] tcp_listen_portaddr_hash hash table entries: 4096 (order: 4, 65536 bytes, linear)
[    0.902519] Table-perturb hash table entries: 65536 (order: 6, 262144 bytes, linear)
[    0.904867] TCP established hash table entries: 65536 (order: 7, 524288 bytes, linear)
[    0.907328] TCP bind hash table entries: 65536 (order: 9, 2097152 bytes, linear)
[    0.909597] TCP: Hash tables configured (established 65536 bind 65536)
[    0.911660] MPTCP token hash table entries: 8192 (order: 6, 196608 bytes, linear)
[    0.913927] UDP hash table entries: 4096 (order: 6, 262144 bytes, linear)
[    0.916068] NET: Registered PF_UNIX/PF_LOCAL protocol family
[    0.917791] NET: Registered PF_XDP protocol family
[    0.919252] pci 0000:00:01.0: ROM [mem 0xfffc0000-0xffffffff pref]: can't claim; no compatible bridge window
[    0.922288] pci 0000:00:01.0: ROM [mem 0x80800000-0x8083ffff pref]: assigned
[    0.924425] pci_bus 0000:00: resource 4 [io  0x0000-0x0cf7 window]
[    0.926287] pci_bus 0000:00: resource 5 [io  0x0d00-0xffff window]
[    0.928124] pci_bus 0000:00: resource 6 [mem 0x000a0000-0x000bffff window]
[    0.930173] pci_bus 0000:00: resource 7 [mem 0x80000000-0xdfffffff window]
[    0.932216] pci_bus 0000:00: resource 8 [mem 0xf0000000-0xfebfffff window]
[    0.934267] pci_bus 0000:00: resource 9 [mem 0x380000000000-0x3807ffffffff window]
[    0.936757] PCI: CLS 0 bytes, default 64
[    0.938058] PCI-DMA: Using software bounce buffering for IO (SWIOTLB)
[    0.938216] Trying to unpack rootfs image as initramfs...
[    0.940030] software IO TLB: mapped [mem 0x0000000077e7e000-0x000000007be7e000] (64MB)
[    0.944177] clocksource: tsc: mask: 0xffffffffffffffff max_cycles: 0x3b195b6e39b, max_idle_ns: 440795394037 ns
[    0.952383] Initialise system trusted keyrings
[    0.953812] Key type blacklist registered
[    0.955398] workingset: timestamp_bits=36 (anon: 32) max_order=21 bucket_order=0 (anon: 0)
[    0.960159] integrity: Platform Keyring initialized
[    0.961696] integrity: Machine keyring initialized
[    0.963684] cryptd: max_cpu_qlen set to 1000
[    0.973887] NET: Registered PF_ALG protocol family
[    0.975457] Key type asymmetric registered
[    0.976738] Asymmetric key parser 'x509' registered
[    0.979710] Block layer SCSI generic (bsg) driver version 0.4 loaded (major 244)
[    0.982048] io scheduler mq-deadline registered
[    0.983427] io scheduler kyber registered
[    0.984664] io scheduler bfq registered
[    0.987120] atomic64_test: passed for x86-64 platform with CX8 and with SSE
[    0.989561] input: Power Button as /devices/platform/LNXPWRBN:00/input/input0
[    0.991866] ACPI: button: Power Button [PWRF]
[    0.995602] ACPI: \_SB_.GSIF: Enabled at IRQ 21
[    0.999024] ACPI: \_SB_.GSIG: Enabled at IRQ 22
[    1.002467] ACPI: \_SB_.GSIH: Enabled at IRQ 23
[    1.005407] ACPI: \_SB_.GSIE: Enabled at IRQ 20
[    1.017760] Serial: 8250/16550 driver, 32 ports, IRQ sharing enabled
[    1.020177] 00:03: ttyS0 at I/O 0x3f8 (irq = 4, base_baud = 115200) is a 16550A
[    1.026608] Non-volatile memory driver v1.3
[    1.028144] ACPI: bus type drm_connector registered
[    1.032072] virtio_blk virtio4: 8/0/0 default/read/poll queues
[    1.037816] virtio_blk virtio4: [vda] 134217728 512-byte logical blocks (68.7 GB/64.0 GiB)
[    1.042463]  vda: vda1 vda2 vda3
[    1.044293] ACPI: \_SB_.GSIA: Enabled at IRQ 16
[    1.046819] ahci 0000:00:1f.2: AHCI vers 0001.0000, 32 command slots, 1.5 Gbps, SATA mode
[    1.049258] ahci 0000:00:1f.2: 6/6 ports implemented (port mask 0x3f)
[    1.051522] ahci 0000:00:1f.2: flags: 64bit ncq only 
[    1.055291] scsi host0: ahci
[    1.056649] scsi host1: ahci
[    1.057810] scsi host2: ahci
[    1.059461] scsi host3: ahci
[    1.060627] scsi host4: ahci
[    1.061715] scsi host5: ahci
[    1.062688] ata1: SATA max UDMA/133 abar m4096@0x80840000 port 0x80840100 irq 33 lpm-pol 1
[    1.065207] ata2: SATA max UDMA/133 abar m4096@0x80840000 port 0x80840180 irq 33 lpm-pol 1
[    1.067706] ata3: SATA max UDMA/133 abar m4096@0x80840000 port 0x80840200 irq 33 lpm-pol 1
[    1.070216] ata4: SATA max UDMA/133 abar m4096@0x80840000 port 0x80840280 irq 33 lpm-pol 1
[    1.072689] ata5: SATA max UDMA/133 abar m4096@0x80840000 port 0x80840300 irq 33 lpm-pol 1
[    1.075126] ata6: SATA max UDMA/133 abar m4096@0x80840000 port 0x80840380 irq 33 lpm-pol 1
[    1.077914] CAN device driver interface
[    1.079571] usbcore: registered new interface driver usbserial_generic
[    1.081579] usbserial: USB Serial support registered for generic
[    1.083440] i8042: PNP: PS/2 Controller [PNP0303:KBD,PNP0f13:MOU] at 0x60,0x64 irq 1,12
[    1.086882] serio: i8042 KBD port at 0x60,0x64 irq 1
[    1.088383] serio: i8042 AUX port at 0x60,0x64 irq 12
[    1.090083] mousedev: PS/2 mouse device common for all mice
[    1.091900] rtc_cmos PNP0B00:00: RTC can wake from S4
[    1.094329] rtc_cmos PNP0B00:00: registered as rtc0
[    1.094631] input: AT Translated Set 2 keyboard as /devices/platform/i8042/serio0/input/input1
[    1.096394] rtc_cmos PNP0B00:00: setting system clock to 2026-07-20T17:06:11 UTC (1784567171)
[    1.102019] rtc_cmos PNP0B00:00: alarms up to one day, y3k, 242 bytes nvram
[    1.103886] input: VirtualPS/2 VMware VMMouse as /devices/platform/i8042/serio1/input/input4
[    1.104690] device-mapper: core: CONFIG_IMA_DISABLE_HTABLE is disabled. Duplicate IMA measurements will not be recorded in the IMA log.
[    1.108008] input: VirtualPS/2 VMware VMMouse as /devices/platform/i8042/serio1/input/input3
[    1.110997] device-mapper: uevent: version 1.0.3
[    1.115027] device-mapper: ioctl: 4.50.0-ioctl (2025-04-28) initialised: dm-devel@lists.linux.dev
[    1.117857] amd_pstate: The CPPC feature is supported but currently disabled by the BIOS.
[    1.117857] Please enable it if your BIOS has the CPPC option.
[    1.122031] amd_pstate: the _CPC object is not present in SBIOS or ACPI disabled
[    1.126775] simple-framebuffer simple-framebuffer.0: [drm] Registered 1 planes with drm panic
[    1.129829] [drm] Initialized simpledrm 1.0.0 for simple-framebuffer.0 on minor 0
[    1.138595] Console: switching to colour frame buffer device 160x50
[    1.141781] simple-framebuffer simple-framebuffer.0: [drm] fb0: simpledrmdrmfb frame buffer device
[    1.144848] hid: raw HID events driver (C) Jiri Kosina
[    1.146709] usbcore: registered new interface driver usbhid
[    1.148599] usbhid: USB HID core driver
[    1.150130] drop_monitor: Initializing network drop monitor service
[    1.152371] Initializing XFRM netlink socket
[    1.153837] NET: Registered PF_INET6 protocol family
[    1.155913] Segment Routing with IPv6
[    1.157041] RPL Segment Routing with IPv6
[    1.158287] In-situ OAM (IOAM) with IPv6
[    1.159508] mip6: Mobile IPv6
[    1.160458] NET: Registered PF_PACKET protocol family
[    1.162045] can: controller area network core
[    1.163428] NET: Registered PF_CAN protocol family
[    1.166329] IPI shorthand broadcast: enabled
[    1.171386] sched_clock: Marking stable (822003414, 349090370)->(1385143134, -214049350)
[    1.174508] registered taskstats version 1
[    1.177515] Loading compiled-in X.509 certificates
[    1.186013] Loaded X.509 cert 'Build time autogenerated kernel key: ee71fdbd84a1e7d51c52f7049642deb14d1904d3'
[    1.197594] Demotion targets for Node 0: null
[    1.199018] page_owner is disabled
[    1.200337] Key type .fscrypt registered
[    1.201594] Key type fscrypt-provisioning registered
[    1.203928] Btrfs loaded, zoned=yes, fsverity=yes
[    1.205444] Key type big_key registered
[    1.207531] Key type encrypted registered
[    1.208962] ima: No TPM chip found, activating TPM-bypass!
[    1.210995] Loading compiled-in module X.509 certificates
[    1.213299] Loaded X.509 cert 'Build time autogenerated kernel key: ee71fdbd84a1e7d51c52f7049642deb14d1904d3'
[    1.217052] ima: Allocated hash algorithm: sha256
[    1.219137] ima: No architecture policies found
[    1.220741] evm: Initialising EVM extended attributes:
[    1.222641] evm: security.selinux
[    1.223839] evm: security.SMACK64 (disabled)
[    1.225443] evm: security.SMACK64EXEC (disabled)
[    1.226997] evm: security.SMACK64TRANSMUTE (disabled)
[    1.228762] evm: security.SMACK64MMAP (disabled)
[    1.230290] evm: security.apparmor
[    1.231593] evm: security.ima
[    1.232622] evm: security.capability
[    1.233952] evm: HMAC attrs: 0x1
[    1.236502] alg: No test for 842 (842-scomp)
[    1.245698] PM:   Magic number: 2:378:138
[    1.247579] RAS: Correctable Errors collector initialized.
[    1.249714] clk: Disabling unused clocks
[    1.251267] PM: genpd: Disabling unused power domains
[    1.380840] ata1: SATA link down (SStatus 0 SControl 300)
[    1.389162] ata2: SATA link down (SStatus 0 SControl 300)
[    1.391642] ata5: SATA link down (SStatus 0 SControl 300)
[    1.393710] ata4: SATA link down (SStatus 0 SControl 300)
[    1.395857] ata3: SATA link up 1.5 Gbps (SStatus 113 SControl 300)
[    1.398286] ata3.00: ATAPI: QEMU DVD-ROM, 2.5+, max UDMA/100
[    1.400305] ata3.00: applying bridge limits
[    1.402017] ata6: SATA link down (SStatus 0 SControl 300)
[    1.404106] ata3.00: configured for UDMA/100
[    1.406082] scsi 2:0:0:0: CD-ROM            QEMU     QEMU DVD-ROM     2.5+ PQ: 0 ANSI: 5
[    1.428554] sr 2:0:0:0: [sr0] scsi3-mmc drive: 4x/4x cd/rw xa/form2 tray
[    1.448355] cdrom: Uniform CD-ROM driver Revision: 3.20
[    1.457051] sr 2:0:0:0: Attached scsi generic sg0 type 5
[    1.871567] Freeing initrd memory: 246088K
[    1.875620] Freeing unused decrypted memory: 2028K
[    1.880146] Freeing unused kernel image (initmem) memory: 5300K
[    1.881788] Write protecting the kernel read-only data: 45056k
[    1.884142] Freeing unused kernel image (text/rodata gap) memory: 204K
[    1.887164] Freeing unused kernel image (rodata/data gap) memory: 1728K
[    1.928963] x86/mm: Checked W+X mappings: passed, no W+X pages found.
[    1.930699] Run /init as init process
P+q6E616D65\[    2.284677] fuse: init (API version 7.45)
[    2.303473] systemd[1]: Successfully made /usr/ read-only.
[6n[32766;32766H[6n[!p]104\[0m[?7h[1G[0J[    2.641045] systemd[1]: systemd 259.7-1.fc44 running in system mode (+PAM +AUDIT +SELINUX -APPARMOR +IMA +IPE +SMACK +SECCOMP -GCRYPT +GNUTLS +OPENSSL +ACL +BLKID +CURL +ELFUTILS +FIDO2 +IDN2 -IDN +KMOD +LIBCRYPTSETUP +LIBCRYPTSETUP_PLUGINS +LIBFDISK +PCRE2 +PWQUALITY +P11KIT +QRENCODE +TPM2 +BZIP2 +LZ4 +XZ +ZLIB +ZSTD +BPF_FRAMEWORK +BTF +XKBCOMMON +UTMP +SYSVINIT +LIBARCHIVE)
[    2.652327] systemd[1]: Detected virtualization kvm.
[    2.654596] systemd[1]: Detected architecture x86-64.
[    2.656586] systemd[1]: Running in initrd.
[0;1;39mBooting initrd of [0m[0;38;2;138;43;226mBazzite dracut-108-7.fc44 (Initramfs)[0m[0;1;39m.[0m
[    2.662074] systemd[1]: Initializing machine ID from random generator.
[    2.664611] systemd[1]: No hostname configured, using default hostname.
[    2.667190] systemd[1]: Hostname set to <bazzite>.
]3008;start=a26fdc0d33b84227aa875b5ded5c3a0e;user=root;hostname=bazzite;machineid=dc35234fb345417b88cc05848888a78d;bootid=752f460052054b96bbad58d887c9f7e0;pid=1;pidfdid=1;comm=systemd;type=boot\[    2.793283] systemd[1]: bpf-restrict-fs: LSM BPF program attached
[    2.861422] systemd[1]: /usr/lib/systemd/system/systemd-udevd.service:56: System call bpf cannot be resolved as libseccomp is not available, ignoring: Operation not supported
[    2.885930] systemd[1]: Queued start job for default target initrd.target.
[    2.895973] systemd[1]: Expecting device dev-disk-by\x2duuid-16d6e9ea\x2d19b9\x2d4095\x2d9bf1\x2d4c3c4973c5b8.device - /dev/disk/by-uuid/16d6e9ea-19b9-4095-9bf1-4c3c4973c5b8...
         Expecting device [0;1;39mdev-disk-by\x2duu…[0me9ea-19b9-4095-9bf1-4c3c4973c5b8...
[    2.904592] systemd[1]: Reached target initrd-usr-fs.target - Initrd /usr File System.
[[0;32m  OK  [0m] Reached target [0;1;39minitrd-usr-fs.target[0m - Initrd /usr File System.
[    2.910516] systemd[1]: Reached target slices.target - Slice Units.
[[0;32m  OK  [0m] Reached target [0;1;39mslices.target[0m - Slice Units.
[    2.915603] systemd[1]: Reached target swap.target - Swaps.
[[0;32m  OK  [0m] Reached target [0;1;39mswap.target[0m - Swaps.
[    2.920005] systemd[1]: Reached target timers.target - Timer Units.
[[0;32m  OK  [0m] Reached target [0;1;39mtimers.target[0m - Timer Units.
[    2.924779] systemd[1]: Listening on pcscd.socket - PC/SC Smart Card Daemon Activation Socket (Dracut).
[[0;32m  OK  [0m] Listening on [0;1;39mpcscd.socket[0m - PC/SC … Daemon Activation Socket (Dracut).
[    2.931637] systemd[1]: Listening on systemd-journald-dev-log.socket - Journal Socket (/dev/log).
[[0;32m  OK  [0m] Listening on [0;1;39msystemd-journald-dev-…socket[0m - Journal Socket (/dev/log).
[    2.938295] systemd[1]: Listening on systemd-journald.socket - Journal Sockets.
[[0;32m  OK  [0m] Listening on [0;1;39msystemd-journald.socket[0m - Journal Sockets.
[    2.943833] systemd[1]: Listening on systemd-udevd-control.socket - udev Control Socket.
[[0;32m  OK  [0m] Listening on [0;1;39msystemd-udevd-control.socket[0m - udev Control Socket.
[    2.949973] systemd[1]: Listening on systemd-udevd-kernel.socket - udev Kernel Socket.
[[0;32m  OK  [0m] Listening on [0;1;39msystemd-udevd-kernel.socket[0m - udev Kernel Socket.
[    2.956040] systemd[1]: Reached target sockets.target - Socket Units.
[[0;32m  OK  [0m] Reached target [0;1;39msockets.target[0m - Socket Units.
[    2.962959] systemd[1]: Starting kmod-static-nodes.service - Create List of Static Device Nodes...
         Starting [0;1;39mkmod-static-nodes.service[0m…eate List of Static Device Nodes...
[    2.969278] systemd[1]: memstrack.service - Memstrack Anylazing Service skipped, no trigger condition checks were met.
[    2.980221] systemd[1]: Starting systemd-journald.service - Journal Service...
         Starting [0;1;39msystemd-journald.service[0m - Journal Service...
[    2.992268] systemd[1]: Starting systemd-modules-load.service - Load Kernel Modules...
         Starting [0;1;39msystemd-modules-load.service[0m - Load Kernel Modules...
[    2.997857] systemd-journald[249]: Collecting audit messages is disabled.
[    3.000236] systemd[1]: systemd-pcrphase-initrd.service - TPM PCR Barrier (initrd) skipped, unmet condition check ConditionSecurity=measured-uki
[    3.005245] Asymmetric key parser 'pkcs8' registered
[    3.006185] systemd[1]: Starting systemd-vconsole-setup.service - Virtual Console Setup...
[    3.010303] gcadapter_oc: loading out-of-tree module taints kernel.
[    3.010321] kvmfr: loading out-of-tree module taints kernel.
[    3.012746] gcadapter_oc: module verification failed: signature and/or required key missing - tainting kernel
[    3.017985] i2c_dev: i2c /dev entries driver
         Starting [0;1;39msystemd-vconsole-setu[    3.020356] kvmfr: creating 0 static devices
p.service[0m - [    3.022195] systemd[1]: Finished kmod-static-nodes.service - Create List of Static Device Nodes.
Virtual Console Setup...
[    3.027185] kvmfr: kvmfr_module_init: module loaded
[[0;32m  OK  [0m] Finished [0;1;39mkmod-static-nodes.service[0m…Create List of Static Device Nodes.
[    3.032709] usbcore: registered new interface driver system76-io
[    3.036387] mc: Linux media interface: v0.10
[    3.039445] systemd[1]: Starting systemd-tmpfiles-setup-dev-early.service - Create Static Device Nodes in /dev gracefully...
         Starting [0;1;39msyste[    3.044713] systemd[1]: Started systemd-journald.service - Journal Service.
md-tmpfiles-setup-de…[0m Device Nodes in /dev gracefully...
[[0;32m  OK  [0m] Started [0;1;39msystemd-journald.service[0m - Journal Service.
[    3.052312] system76: Model does not utilize this driver
[    3.056804] videodev: Linux video capture interface: v2.00
[[0;32m  OK  [0m] Finished [0;1;39msystemd-tmpfiles-setup-de…[0mic Device Nodes in /dev gracefully.
         Starting [0;1;39msystemd-tmpfiles-setup-de…[0meate Static Device Nodes in /dev...
[    3.080648] v4l2-loopback driver version 0.15.4 loaded
[[0;32m  OK  [0m] Finished [0;1;39msystemd-tmpfiles-setup-de…[0mCreate Static Device Nodes in /dev.
[[0;32m  OK  [0m] Reached target [0;1;39mlocal-fs-pre.target[0m…Preparation for Local File Systems.
[[0;32m  OK  [0m] Reached target [0;1;39mlocal-fs.target[0m - Local File Systems.
         Starting [0;1;39msystemd-tmpfiles-setup.se…[0mate System Files and Directories...
[[0;32m  OK  [0m] Finished [0;1;39msystemd-modules-load.service[0m - Load Kernel Modules.
         Starting [0;1;39msystemd-sysctl.service[0m - Apply Kernel Variables...
[[0;32m  OK  [0m] Finished [0;1;39msystemd-vconsole-setup.service[0m - Virtual Console Setup.
         Starting [0;1;39mdracut-cmdline-ask.servic…[0mor additional cmdline parameters...
[[0;32m  OK  [0m] Finished [0;1;39msystemd-tmpfiles-setup.se…[0mreate System Files and Directories.
[[0;32m  OK  [0m] Finished [0;1;39msystemd-sysctl.service[0m - Apply Kernel Variables.
[[0;32m  OK  [0m] Finished [0;1;39mdracut-cmdline-ask.servic…[0m for additional cmdline parameters.
         Starting [0;1;39mdracut-cmdline.service[0m - dracut cmdline hook...
[[0;32m  OK  [0m] Finished [0;1;39mdracut-cmdline.service[0m - dracut cmdline hook.
         Starting [0;1;39mdracut-pre-udev.service[0m - dracut pre-udev hook...
[    3.287708] VFIO - User Level meta-driver version: 0.3
[[0;32m  OK  [0m] Finished [0;1;39mdracut-pre-udev.service[0m - dracut pre-udev hook.
         Starting [0;1;39msystemd-udevd.service[0m - R…ager for Device Events and Files...
[[0;32m  OK  [0m] Started [0;1;39msystemd-udevd.service[0m - Ru…anager for Device Events and Files.
         Starting [0;1;39mdracut-pre-trigger.service[0m - dracut pre-trigger hook...
[[0;32m  OK  [0m] Finished [0;1;39mdracut-pre-trigger.service[0m - dracut pre-trigger hook.
         Starting [0;1;39msystemd-udev-trigger.service[0m - Coldplug All udev Devices...
[[0;32m  OK  [0m] Finished [0;1;39msystemd-udev-trigger.service[0m - Coldplug All udev Devices.
         Starting [0;1;39mdracut-initqueue.service[0m - dracut initqueue hook...
         Starting [0;1;39mplymouth-start.service[0m - Show Plymouth Boot Screen...
[[0;32m  OK  [0m] Started [0;1;39mplymouth-start.service[0m - Show Plymouth Boot Screen.
[[0;32m  OK  [0m] Started [0;1;39msystemd-ask-password-plymo…[0mquests to Plymouth Directory Watch.
[[0;32m  OK  [0m] Reached target [0;1;39mcryptsetup.target[0m - Local Encrypted Volumes.
[[0;32m  OK  [0m] Reached target [0;1;39mpaths.target[0m - Path Units.
[[0;32m  OK  [0m] Reached target [0;1;39msysinit.target[0m - System Initialization.
[[0;32m  OK  [0m] Reached target [0;1;39mbasic.target[0m - Basic System.
[[0;32m  OK  [0m] Created slice [0;1;39msystem-modprobe.slice[0m - Slice /system/modprobe.
[[0;32m  OK  [0m] Found device [0;1;39mdev-disk-by\x2duuid-1…[0md6e9ea-19b9-4095-9bf1-4c3c4973c5b8.
[[0;32m  OK  [0m] Reached target [0;1;39minitrd-root-device.target[0m - Initrd Root Device.
[0;21;39m[drm] pci: virtio-vga detected at 0000:00:02.0[0m
[[0;32m  OK  [0m] Stopped [0;1;39msystemd-vconsole-setup.service[0m - Virtual Console Setup.
         Stopping [0;1;39msystemd-vconsole-setup.service[0m - Virtual Console Setup...
         Starting [0;1;39msystemd-vconsole-setup.service[0m - Virtual Console Setup...
[0;21;39mConsole: switching to colour dummy device 80x25[0m
[0;21;39mvirtio-pci 0000:00:02.0: vgaarb: deactivate vga console[0m
[0;21;39m[drm] features: -virgl +edid -resource_blob -host_visible[0m
[0;21;39m[drm] features: -context_init[0m
[0;21;39m[drm] number of scanouts: 1[0m
[0;21;39m[drm] number of cap sets: 0[0m
[0;21;39mvirtio-pci 0000:00:02.0: [drm] Registered 1 planes with drm panic[0m
[0;21;39m[drm] Initialized virtio_gpu 0.1.0 for 0000:00:02.0 on minor 1[0m
[0;21;39mfbcon: virtio_gpudrmfb (fb0) is primary device[0m
[0;21;39mConsole: switching to colour frame buffer device 160x50[0m
[[0;32m  OK  [0m] Stopped [0;1;39msystemd-vconsole-setup.service[0m - Virtual Console Setup.
[0;21;39mvirtio-pci 0000:00:02.0: [drm] fb0: virtio_gpudrmfb frame buffer device[0m
         Starting [0;1;39msystemd-vconsole-setup.service[0m - Virtual Console Setup...
[[0;32m  OK  [0m] Finished [0;1;39mdracut-initqueue.service[0m - dracut initqueue hook.
[[0;32m  OK  [0m] Reached target [0;1;39mremote-fs-pre.targe…[0mreparation for Remote File Systems.
[[0;32m  OK  [0m] Reached target [0;1;39mremote-cryptsetup.target[0m - Remote Encrypted Volumes.
[[0;32m  OK  [0m] Reached target [0;1;39mremote-fs.target[0m - Remote File Systems.
         Starting [0;1;39mdracut-pre-mount.service[0m - dracut pre-mount hook...
[[0;32m  OK  [0m] Finished [0;1;39mdracut-pre-mount.service[0m - dracut pre-mount hook.
         Starting [0;1;39msystemd-fsck-root.service[0m…e9ea-19b9-4095-9bf1-4c3c4973c5b8...
[[0;32m  OK  [0m] Finished [0;1;39msystemd-fsck-root.service[0m…d6e9ea-19b9-4095-9bf1-4c3c4973c5b8.
[[0;32m  OK  [0m] Finished [0;1;39msystemd-vconsole-setup.service[0m - Virtual Console Setup.
         Mounting [0;1;39msys-kernel-config.mount[0m - Kernel Configuration File System...
         Mounting [0;1;39msysroot.mount[0m - /sysroot...
[[0;32m  OK  [0m] Mounted [0;1;39msys-kernel-config.mount[0m - Kernel Configuration File System.
[0;21;39mBTRFS: device label fedora_bazzite-labwc-test devid 1 transid 328 /dev/vda3 (253:3) scanned by mount (557)[0m
[0;21;39mBTRFS info (device vda3): first mount of filesystem 16d6e9ea-19b9-4095-9bf1-4c3c4973c5b8[0m
[0;21;39mBTRFS info (device vda3): using crc32c checksum algorithm[0m
[0;21;39mBTRFS info (device vda3): turning on async discard[0m
[0;21;39mBTRFS info (device vda3): enabling free space tree[0m
[[0;32m  OK  [0m] Mounted [0;1;39msysroot.mount[0m - /sysroot.
         Starting [0;1;39mostree-prepare-root.service[0m - OSTree Prepare OS/...
[0;21;32mnetfs: FS-Cache loaded[0m
[0;21;39merofs (device erofs): mounted with root inode @ nid 36.[0m
[[0;32m  OK  [0m] Finished [0;1;39mostree-prepare-root.service[0m - OSTree Prepare OS/.
[[0;32m  OK  [0m] Reached target [0;1;39minitrd-root-fs.target[0m - Initrd Root File System.
         Starting [0;1;39minitrd-parse-etc.service[0m …ints Configured in the Real Root...
[[0;32m  OK  [0m] Finished [0;1;39minitrd-parse-etc.service[0m …points Configured in the Real Root.
[[0;32m  OK  [0m] Reached target [0;1;39minitrd-fs.target[0m - Initrd File Systems.
[[0;32m  OK  [0m] Reached target [0;1;39minitrd.target[0m - Initrd Default Target.
         Starting [0;1;39mdracut-pre-pivot.service[0m …racut pre-pivot and cleanup hook...
[[0;32m  OK  [0m] Finished [0;1;39mdracut-pre-pivot.service[0m - dracut pre-pivot and cleanup hook.
         Starting [0;1;39minitrd-cleanup.service[0m - …ing Up and Shutting Down Daemons...
[[0;32m  OK  [0m] Stopped target [0;1;39mremote-cryptsetup.target[0m - Remote Encrypted Volumes.
[[0;32m  OK  [0m] Stopped target [0;1;39mtimers.target[0m - Timer Units.
[[0;32m  OK  [0m] Closed [0;1;39mpcscd.socket[0m - PC/SC Smart … Daemon Activation Socket (Dracut).
[[0;32m  OK  [0m] Stopped [0;1;39mdracut-pre-pivot.service[0m - dracut pre-pivot and cleanup hook.
[[0;32m  OK  [0m] Stopped target [0;1;39minitrd.target[0m - Initrd Default Target.
[[0;32m  OK  [0m] Stopped target [0;1;39mbasic.target[0m - Basic System.
[[0;32m  OK  [0m] Stopped target [0;1;39minitrd-root-device.target[0m - Initrd Root Device.
[[0;32m  OK  [0m] Stopped target [0;1;39minitrd-usr-fs.target[0m - Initrd /usr File System.
[[0;32m  OK  [0m] Stopped target [0;1;39mpaths.target[0m - Path Units.
[[0;32m  OK  [0m] Stopped target [0;1;39mremote-fs.target[0m - Remote File Systems.
[[0;32m  OK  [0m] Stopped target [0;1;39mremote-fs-pre.targe…[0mreparation for Remote File Systems.
[[0;32m  OK  [0m] Stopped target [0;1;39mslices.target[0m - Slice Units.
[[0;32m  OK  [0m] Stopped target [0;1;39msockets.target[0m - Socket Units.
[[0;32m  OK  [0m] Stopped target [0;1;39msysinit.target[0m - System Initialization.
[[0;32m  OK  [0m] Stopped target [0;1;39mswap.target[0m - Swaps.
[[0;32m  OK  [0m] Stopped [0;1;39mdracut-pre-mount.service[0m - dracut pre-mount hook.
[[0;32m  OK  [0m] Stopped target [0;1;39mcryptsetup.target[0m - Local Encrypted Volumes.
[[0;32m  OK  [0m] Stopped [0;1;39mdracut-initqueue.service[0m - dracut initqueue hook.
         Starting [0;1;39mplymouth-switch-root.serv…e[0m - Plymouth switch root service...
[[0;32m  OK  [0m] Stopped [0;1;39msystemd-sysctl.service[0m - Apply Kernel Variables.
[[0;32m  OK  [0m] Stopped [0;1;39msystemd-modules-load.service[0m - Load Kernel Modules.
[[0;32m  OK  [0m] Stopped [0;1;39msystemd-tmpfiles-setup.ser…[0mreate System Files and Directories.
[[0;32m  OK  [0m] Stopped target [0;1;39mlocal-fs.target[0m - Local File Systems.
[[0;32m  OK  [0m] Stopped target [0;1;39mlocal-fs-pre.target[0m…Preparation for Local File Systems.
[[0;32m  OK  [0m] Stopped [0;1;39msystemd-udev-trigger.service[0m - Coldplug All udev Devices.
[[0;32m  OK  [0m] Stopped [0;1;39mdracut-pre-trigger.service[0m - dracut pre-trigger hook.
         Stopping [0;1;39msystemd-udevd.service[0m - R…ager for Device Events and Files...
[[0;32m  OK  [0m] Finished [0;1;39minitrd-cleanup.service[0m - …aning Up and Shutting Down Daemons.
[[0;32m  OK  [0m] Stopped [0;1;39msystemd-udevd.service[0m - Ru…anager for Device Events and Files.
[[0;32m  OK  [0m] Closed [0;1;39msystemd-udevd-control.socket[0m - udev Control Socket.
[[0;32m  OK  [0m] Stopped [0;1;39mdracut-pre-udev.service[0m - dracut pre-udev hook.
[[0;32m  OK  [0m] Stopped [0;1;39mdracut-cmdline.service[0m - dracut cmdline hook.
[[0;32m  OK  [0m] Stopped [0;1;39mdracut-cmdline-ask.service[0m… for additional cmdline parameters.
         Starting [0;1;39minitrd-udevadm-cleanup-db.service[0m - Cleanup udev Database...
[[0;32m  OK  [0m] Stopped [0;1;39msystemd-tmpfiles-setup-dev…[0mCreate Static Device Nodes in /dev.
[[0;32m  OK  [0m] Stopped [0;1;39msystemd-tmpfiles-setup-dev…[0mic Device Nodes in /dev gracefully.
[[0;32m  OK  [0m] Stopped [0;1;39mkmod-static-nodes.service[0m …Create List of Static Device Nodes.
[[0;32m  OK  [0m] Finished [0;1;39mplymouth-switch-root.service[0m - Plymouth switch root service.
[[0;32m  OK  [0m] Finished [0;1;39minitrd-udevadm-cleanup-db.service[0m - Cleanup udev Database.
[[0;32m  OK  [0m] Reached target [0;1;39minitrd-switch-root.target[0m - Switch Root.
         Starting [0;1;39minitrd-switch-root.service[0m - Switch Root...
[0;21;39msystemd-journald[249]: Received SIGTERM from PID 1 (systemd).[0m
[0;21;32maudit: type=1404 audit(1784567174.908:2): enforcing=1 old_enforcing=0 auid=4294967295 ses=4294967295 enabled=1 old-enabled=1 lsm=selinux res=1[0m
[0;21;39mSELinux:  Permission firmware_load in class system not defined in policy.[0m
[0;21;39mSELinux:  Permission kexec_image_load in class system not defined in policy.[0m
[0;21;39mSELinux:  Permission kexec_initramfs_load in class system not defined in policy.[0m
[0;21;39mSELinux:  Permission policy_load in class system not defined in policy.[0m
[0;21;39mSELinux:  Permission x509_certificate_load in class system not defined in policy.[0m
[0;21;39mSELinux:  Permission map_create_as in class bpf not defined in policy.[0m
[0;21;39mSELinux:  Permission prog_load_as in class bpf not defined in policy.[0m
[0;21;39mSELinux:  Permission allowed in class io_uring not defined in policy.[0m
[0;21;39mSELinux:  Class memfd_file not defined in policy.[0m
[0;21;39mSELinux: the above unknown classes and permissions will be allowed[0m
[0;21;39mSELinux:  policy capability network_peer_controls=1[0m
[0;21;39mSELinux:  policy capability open_perms=1[0m
[0;21;39mSELinux:  policy capability extended_socket_class=1[0m
[0;21;39mSELinux:  policy capability always_check_network=0[0m
[0;21;39mSELinux:  policy capability cgroup_seclabel=1[0m
[0;21;39mSELinux:  policy capability nnp_nosuid_transition=1[0m
[0;21;39mSELinux:  policy capability genfs_seclabel_symlinks=1[0m
[0;21;39mSELinux:  policy capability ioctl_skip_cloexec=0[0m
[0;21;39mSELinux:  policy capability userspace_initial_context=0[0m
[0;21;39mSELinux:  policy capability netlink_xperm=0[0m
[0;21;39mSELinux:  policy capability netif_wildcard=0[0m
[0;21;39mSELinux:  policy capability genfs_seclabel_wildcard=0[0m
[0;21;39mSELinux:  policy capability functionfs_seclabel=0[0m
[0;21;39mSELinux:  policy capability memfd_class=0[0m
[0;21;39mSELinux:  policy capability bpf_token_perms=0[0m
[0;21;32maudit: type=1403 audit(1784567175.017:3): auid=4294967295 ses=4294967295 lsm=selinux res=1[0m
[0;21;39msystemd[1]: Successfully loaded SELinux policy in 111.673ms.[0m
P+q6E616D65\[0;21;39mNET: Registered PF_VSOCK protocol family[0m
[0;21;39msystemd[1]: Relabeled /dev/, /dev/shm/, /run/ in 19.416ms.[0m
[6n[32766;32766H[6n[!p]104\[0m[?7h[1G[0J[0;21;39msystemd[1]: systemd 259.7-1.fc44 running in system mode (+PAM +AUDIT +SELINUX -APPARMOR +IMA +IPE +SMACK +SECCOMP -GCRYPT +GNUTLS +OPENSSL +ACL +BLKID +CURL +ELFUTILS +FIDO2 +IDN2 -IDN +KMOD +LIBCRYPTSETUP +LIBCRYPTSETUP_PLUGINS +LIBFDISK +PCRE2 +PWQUALITY +P11KIT +QRENCODE +TPM2 +BZIP2 +LZ4 +XZ +ZLIB +ZSTD +BPF_FRAMEWORK +BTF +XKBCOMMON +UTMP +SYSVINIT +LIBARCHIVE)[0m
[0;21;39msystemd[1]: Detected virtualization kvm.[0m
[0;21;39msystemd[1]: Detected architecture x86-64.[0m

[0;1;39mWelcome to [0m[0;38;2;138;43;226mBazzite[0m[0;1;39m![0m

[0;21;39msystemd[1]: Hostname set to <bazzite-labwc-test>.[0m
]3008;start=3602746f92704c46bfc0e9d48b35cbd3;user=root;hostname=bazzite-labwc-test;machineid=d9cf3528b7854471b0750c19885ae066;bootid=752f460052054b96bbad58d887c9f7e0;pid=1;pidfdid=1;comm=systemd;type=boot\[0;21;39msystemd[1]: bpf-restrict-fs: LSM BPF program attached[0m
[0;21;39mzram: Added device: zram0[0m
[[0;32m  OK  [0m] Stopped [0;1;39minitrd-switch-root.service[0m - Switch Root.
[0;21;39msystemd[1]: initrd-switch-root.service: Deactivated successfully.[0m
[0;21;39msystemd[1]: Stopped initrd-switch-root.service - Switch Root.[0m
[[0;32m  OK  [0m] Created slice [0;1;39msystem-getty.slice[0m - Slice /system/getty.
[[0;32m  OK  [0m] Created slice [0;1;39msystem-serial\x2dget…slice[0m - Slice /system/serial-getty.
[0;21;39msystemd[1]: systemd-journald.service: Scheduled restart job, restart counter is at 1.[0m
[[0;32m  OK  [0m] Created slice [0;1;39msystem-sshd\x2dkeygen.slice[0m - Slice /system/sshd-keygen.
[[0;32m  OK  [0m] Created slice [0;1;39msystem-systemd\x2dfs…slice[0m - Slice /system/systemd-fsck.
[0;21;39msystemd[1]: Created slice system-getty.slice - Slice /system/getty.[0m
[0;21;39msystemd[1]: Created slice system-serial\x2dgetty.slice - Slice /system/serial-getty.[0m
[[0;32m  OK  [0m] Created slice [0;1;39msystem-systemd\x2dzr…[0m- Slice /system/systemd-zram-setup.
[[0;32m  OK  [0m] Created slice [0;1;39muser.slice[0m - User and Session Slice.
[[0;32m  OK  [0m] Started [0;1;39msystemd-ask-password-wall.…[0md Requests to Wall Directory Watch.
[0;21;39msystemd[1]: Created slice system-sshd\x2dkeygen.slice - Slice /system/sshd-keygen.[0m
[[0;32m  OK  [0m] Set up automount [0;1;39mproc-sys-fs-binfm…[0mormats File System Automount Point.
         Expecting device [0;1;39mdev-disk-by\x2duu…[0me9ea-19b9-4095-9bf1-4c3c4973c5b8...
         Expecting device [0;1;39mdev-disk-by\x2duu…[0m5235-8f1f-4409-a05b-b2704a0cb280...
         Expecting device [0;1;39mdev-disk-by\x2duu…ce[0m - /dev/disk/by-uuid/9704-D569...
[0;21;39msystemd[1]: Created slice system-systemd\x2dfsck.slice - Slice /system/systemd-fsck.[0m
         Expecting device [0;1;39mdev-ttyS0.device[0m - /dev/ttyS0...
         Expecting device [0;1;39mdev-zram0.device[0m - /dev/zram0...
[[0;32m  OK  [0m] Reached target [0;1;39mimports.target[0m - Image Downloads.
[[0;32m  OK  [0m] Stopped target [0;1;39minitrd-switch-root.target[0m - Switch Root.
[0;21;39msystemd[1]: Created slice system-systemd\x2dzram\x2dsetup.slice - Slice /system/systemd-zram-setup.[0m
[[0;32m  OK  [0m] Stopped target [0;1;39minitrd-fs.target[0m - Initrd File Systems.
[[0;32m  OK  [0m] Stopped target [0;1;39minitrd-root-fs.target[0m - Initrd Root File System.
[[0;32m  OK  [0m] Reached target [0;1;39mintegritysetup.targ…[0m Local Integrity Protected Volumes.
[[0;32m  OK  [0m] Reached target [0;1;39mslices.target[0m - Slice Units.
[[0;32m  OK  [0m] Reached target [0;1;39mveritysetup.target[0m - Local Verity Protected Volumes.
[0;21;39msystemd[1]: Created slice user.slice - User and Session Slice.[0m
[[0;32m  OK  [0m] Listening on [0;1;39mdm-event.socket[0m - Device-mapper event daemon FIFOs.
[[0;32m  OK  [0m] Listening on [0;1;39mlvm2-lvmpolld.socket[0m - LVM2 poll daemon socket.
[0;21;39msystemd[1]: systemd-ask-password-console.path - Dispatch Password Requests to Console Directory Watch skipped, unmet condition check ConditionPathExists=!/run/plymouth/pid[0m
[0;21;39msystemd[1]: Started systemd-ask-password-wall.path - Forward Password Requests to Wall Directory Watch.[0m
[[0;32m  OK  [0m] Listening on [0;1;39msystemd-ask-password.…[0m User Interactively for a Password.
[0;21;39msystemd[1]: Set up automount proc-sys-fs-binfmt_misc.automount - Arbitrary Executable File Formats File System Automount Point.[0m
[0;21;39msystemd[1]: Expecting device dev-disk-by\x2duuid-16d6e9ea\x2d19b9\x2d4095\x2d9bf1\x2d4c3c4973c5b8.device - /dev/disk/by-uuid/16d6e9ea-19b9-4095-9bf1-4c3c4973c5b8...[0m
[[0;32m  OK  [0m] Listening on [0;1;39msystemd-coredump.socket[0m - Process Core Dump Socket.
[0;21;39msystemd[1]: Expecting device dev-disk-by\x2duuid-7fdf5235\x2d8f1f\x2d4409\x2da05b\x2db2704a0cb280.device - /dev/disk/by-uuid/7fdf5235-8f1f-4409-a05b-b2704a0cb280...[0m
[0;21;39msystemd[1]: Expecting device dev-disk-by\x2duuid-9704\x2dD569.device - /dev/disk/by-uuid/9704-D569...[0m
[0;21;39msystemd[1]: Expecting device dev-ttyS0.device - /dev/ttyS0...[0m
[0;21;39msystemd[1]: Expecting device dev-zram0.device - /dev/zram0...[0m
[0;21;39msystemd[1]: Reached target imports.target - Image Downloads.[0m
[0;21;39msystemd[1]: Stopped target initrd-switch-root.target - Switch Root.[0m
[0;21;39msystemd[1]: Stopped target initrd-fs.target - Initrd File Systems.[0m
[0;21;39msystemd[1]: Stopped target initrd-root-fs.target - Initrd Root File System.[0m
[0;21;39msystemd[1]: Reached target integritysetup.target - Local Integrity Protected Volumes.[0m
[0;21;39msystemd[1]: Reached target slices.target - Slice Units.[0m
[0;21;39msystemd[1]: Reached target veritysetup.target - Local Verity Protected Volumes.[0m
[0;21;39msystemd[1]: Listening on dm-event.socket - Device-mapper event daemon FIFOs.[0m
[0;21;39msystemd[1]: Listening on lvm2-lvmpolld.socket - LVM2 poll daemon socket.[0m
[[0;32m  OK  [0m] Listening on [0;1;39msystemd-creds.socket[0m - Credential Encryption/Decryption.
[0;21;39msystemd[1]: Listening on systemd-ask-password.socket - Query the User Interactively for a Password.[0m
[0;21;39msystemd[1]: Listening on systemd-coredump.socket - Process Core Dump Socket.[0m
[[0;32m  OK  [0m] Listening on [0;1;39msystemd-factory-reset.socket[0m - Factory Reset Management.
[[0;32m  OK  [0m] Listening on [0;1;39msystemd-journald-audit.socket[0m - Journal Audit Socket.
[[0;32m  OK  [0m] Listening on [0;1;39msystemd-mountfsd.socket[0m - DDI File System Mounter Socket.
[[0;32m  OK  [0m] Listening on [0;1;39msystemd-mute-console.…[0mnsole Output Muting Service Socket.
[[0;32m  OK  [0m] Listening on [0;1;39msystemd-nsresourced.s…[0m Namespace Resource Manager Socket.
[[0;32m  OK  [0m] Listening on [0;1;39msystemd-oomd.socket[0m -… Out-Of-Memory (OOM) Killer Socket.
[[0;32m  OK  [0m] Listening on [0;1;39msystemd-repart.socket[0m…Disk Repartitioning Service Socket.
[[0;32m  OK  [0m] Listening on [0;1;39msystemd-resolved-moni…t[0m - Resolve Monitor Varlink Socket.
[[0;32m  OK  [0m] Listening on [0;1;39msystemd-resolved-varl…t[0m - Resolve Service Varlink Socket.
[[0;32m  OK  [0m] Listening on [0;1;39msystemd-udevd-control.socket[0m - udev Control Socket.
[[0;32m  OK  [0m] Listening on [0;1;39msystemd-udevd-varlink.socket[0m - udev Varlink Socket.
[[0;32m  OK  [0m] Listening on [0;1;39msystemd-userdbd.socket[0m - User Database Manager Socket.
         Mounting [0;1;39mdev-hugepages.mount[0m - Huge Pages File System...
         Mounting [0;1;39mdev-mqueue.mount[0m - POSIX Message Queue File System...
         Mounting [0;1;39msys-kernel-debug.mount[0m - Kernel Debug File System...
         Mounting [0;1;39msys-kernel-tracing.mount[0m - Kernel Trace File System...
         Starting [0;1;39mkmod-static-nodes.service[0m…eate List of Static Device Nodes...
         Starting [0;1;39mlvm2-monitor.service[0m - Mo…ing dmeventd or progress polling...
         Mounting [0;1;39msys-fs-fuse-connections.mount[0m - FUSE Control File System...
[[0;32m  OK  [0m] Stopped [0;1;39mostree-prepare-root.service[0m - OSTree Prepare OS/.
[[0;32m  OK  [0m] Stopped [0;1;39mplymouth-switch-root.service[0m - Plymouth switch root service.
[[0;32m  OK  [0m] Stopped [0;1;39msystemd-fsck-root.service[0m - File System Check on Root Device.
         Starting [0;1;39msystemd-hwdb-update.service[0m - Rebuild Hardware Database...
         Starting [0;1;39msystemd-journald.service[0m - Journal Service...
         Starting [0;1;39msystemd-modules-load.service[0m - Load Kernel Modules...
[0;21;39msystemd[1]: Listening on systemd-creds.socket - Credential Encryption/Decryption.[0m
[0;21;39msystemd[1]: Listening on systemd-factory-reset.socket - Factory Reset Management.[0m
[0;21;39msystemd[1]: Listening on systemd-journald-audit.socket - Journal Audit Socket.[0m
[0;21;39msystemd[1]: Listening on systemd-mountfsd.socket - DDI File System Mounter Socket.[0m
[0;21;39msystemd[1]: Listening on systemd-mute-console.socket - Console Output Muting Service Socket.[0m
[0;21;39msystemd[1]: Listening on systemd-nsresourced.socket - Namespace Resource Manager Socket.[0m
[0;21;39msystemd[1]: Listening on systemd-oomd.socket - Userspace Out-Of-Memory (OOM) Killer Socket.[0m
[0;21;39msystemd[1]: systemd-pcrextend.socket - TPM PCR Measurements skipped, unmet condition check ConditionSecurity=measured-uki[0m
[0;21;39msystemd[1]: systemd-pcrlock.socket - Make TPM PCR Policy skipped, unmet condition check ConditionSecurity=measured-uki[0m
[0;21;39msystemd[1]: Listening on systemd-repart.socket - Disk Repartitioning Service Socket.[0m
[0;21;39msystemd[1]: Listening on systemd-resolved-monitor.socket - Resolve Monitor Varlink Socket.[0m
[0;21;39msystemd[1]: Listening on systemd-resolved-varlink.socket - Resolve Service Varlink Socket.[0m
[0;21;39msystemd[1]: Listening on systemd-udevd-control.socket - udev Control Socket.[0m
[0;21;39msystemd[1]: Listening on systemd-udevd-varlink.socket - udev Varlink Socket.[0m
[0;21;39msystemd[1]: Listening on systemd-userdbd.socket - User Database Manager Socket.[0m
[0;21;39msystemd[1]: Mounting dev-hugepages.mount - Huge Pages File System...[0m
[0;21;39msystemd[1]: dev-hugepages1G.mount - 1GB Huge Pages File System skipped, unmet condition check ConditionKernelCommandLine=hugepagesz=1G[0m
[0;21;39msystemd[1]: Mounting dev-mqueue.mount - POSIX Message Queue File System...[0m
[0;21;39msystemd[1]: Mounting sys-kernel-debug.mount - Kernel Debug File System...[0m
[0;21;39msystemd[1]: Mounting sys-kernel-tracing.mount - Kernel Trace File System...[0m
[0;21;39msystemd[1]: auth-rpcgss-module.service - Kernel Module supporting RPCSEC_GSS skipped, unmet condition check ConditionPathExists=/etc/krb5.keytab[0m
[0;21;39msystemd[1]: fips-crypto-policy-overlay.service - Bind-mount FIPS crypto-policy in FIPS mode skipped, unmet condition check ConditionKernelCommandLine=fips=1[0m
[0;21;39msystemd[1]: Starting kmod-static-nodes.service - Create List of Static Device Nodes...[0m
[0;21;39msystemd[1]: Starting lvm2-monitor.service - Monitoring of LVM2 mirrors, snapshots etc. using dmeventd or progress polling...[0m
[0;21;39msystemd[1]: modprobe@configfs.service - Load Kernel Module configfs skipped, unmet condition check ConditionKernelModuleLoaded=!configfs[0m
[0;21;39msystemd[1]: modprobe@drm.service - Load Kernel Module drm skipped, unmet condition check ConditionKernelModuleLoaded=!drm[0m
[0;21;39msystemd[1]: modprobe@efi_pstore.service - Load Kernel Module efi_pstore skipped, unmet condition check ConditionKernelModuleLoaded=!efi_pstore[0m
[0;21;39msystemd[1]: modprobe@fuse.service - Load Kernel Module fuse skipped, unmet condition check ConditionKernelModuleLoaded=!fuse[0m
[0;21;39msystemd[1]: Mounting sys-fs-fuse-connections.mount - FUSE Control File System...[0m
[0;21;39msystemd[1]: ostree-prepare-root.service: Deactivated successfully.[0m
[0;21;39msystemd[1]: Stopped ostree-prepare-root.service - OSTree Prepare OS/.[0m
[0;21;39msystemd[1]: plymouth-switch-root.service: Deactivated successfully.[0m
[0;21;39msystemd[1]: Stopped plymouth-switch-root.service - Plymouth switch root service.[0m
[0;21;39msystemd[1]: systemd-boot-clear-sysfail.service - Clear SysFail Entry If The Boot Is Successful skipped, unmet condition check ConditionPathExists=/sys/firmware/efi/efivars/LoaderEntrySysFail-4a67b082-0a4c-41cf-b6c7-440b29bb8c4f[0m
[0;21;39msystemd[1]: systemd-fsck-root.service: Deactivated successfully.[0m
[0;21;39msystemd[1]: Stopped systemd-fsck-root.service - File System Check on Root Device.[0m
[0;21;39msystemd[1]: systemd-hibernate-clear.service - Clear Stale Hibernate Storage Info skipped, unmet condition check ConditionPathExists=/sys/firmware/efi/efivars/HibernateLocation-8cf2644b-4b0b-428f-9387-6d876050dc67[0m
[0;21;39msystemd[1]: Starting systemd-hwdb-update.service - Rebuild Hardware Database...[0m
[0;21;39msystemd[1]: Starting systemd-journald.service - Journal Service...[0m
[0;21;39msystemd[1]: Starting systemd-modules-load.service - Load Kernel Modules...[0m
         Starting [0;1;39msystemd-network-generator…[0mk Units from Kernel Command Line...
[0;21;39msystemd[1]: Starting systemd-network-generator.service - Generate Network Units from Kernel Command Line...[0m
[0;21;39msystemd[1]: systemd-pcrmachine.service - TPM PCR Machine ID Measurement skipped, unmet condition check ConditionSecurity=measured-uki[0m
[0;21;39msystemd[1]: systemd-tpm2-setup-early.service - Early TPM SRK Setup skipped, unmet condition check ConditionSecurity=measured-uki[0m
         Starting [0;1;39msystemd-udev-load-credent…[0mLoad udev Rules from Credentials...
[0;21;39msystemd[1]: Starting systemd-udev-load-credentials.service - Load udev Rules from Credentials...[0m
[0;21;39msystem76: Model does not utilize this driver[0m
         Starting [0;1;39msystemd-udev-trigger.service[0m - Coldplug All udev Devices...
[0;21;39msystemd[1]: Starting systemd-udev-trigger.service - Coldplug All udev Devices...[0m
[[0;32m  OK  [0m] Mounted [0;1;39mdev-hugepages.mount[0m - Huge Pages File System.
[[0;32m  OK  [0m] Mounted [0;1;39mdev-mqueue.mount[0m - POSIX Message Queue File System.
[0;21;39msystemd[1]: Mounted dev-hugepages.mount - Huge Pages File System.[0m
[[0;32m  OK  [0m] Mounted [0;1;39msys-kernel-debug.mount[0m - Kernel Debug File System.
[[0;32m  OK  [0m] Mounted [0;1;39msys-kernel-tracing.mount[0m - Kernel Trace File System.
[[0;32m  OK  [0m] Finished [0;1;39mkmod-static-nodes.service[0m…Create List of Static Device Nodes.
[[0;32m  OK  [0m] Mounted [0;1;39msys-fs-fuse-connections.mount[0m - FUSE Control File System.
[0;21;39msystemd[1]: Mounted dev-mqueue.mount - POSIX Message Queue File System.[0m
         Starting [0;1;39msystemd-tmpfiles-setup-de…[0m Device Nodes in /dev gracefully...
[0;21;39msystemd[1]: Mounted sys-kernel-debug.mount - Kernel Debug File System.[0m
[0;21;39msystemd[1]: Mounted sys-kernel-tracing.mount - Kernel Trace File System.[0m
[0;21;39msystemd[1]: Finished kmod-static-nodes.service - Create List of Static Device Nodes.[0m
[0;21;39msystemd[1]: Mounted sys-fs-fuse-connections.mount - FUSE Control File System.[0m
[0;21;39msystemd-journald[670]: Collecting audit messages is enabled.[0m
[0;21;39msystemd[1]: Starting systemd-tmpfiles-setup-dev-early.service - Create Static Device Nodes in /dev gracefully...[0m
[[0;32m  OK  [0m] Started [0;1;39msystemd-journald.service[0m - Journal Service.
[0;21;39msystemd[1]: Started systemd-journald.service - Journal Service.[0m
[0;21;32maudit: type=1130 audit(1784567177.368:4): pid=1 uid=0 auid=4294967295 ses=4294967295 subj=system_u:system_r:init_t:s0 msg='unit=systemd-journald comm="systemd" exe="/usr/lib/systemd/systemd" hostname=? addr=? terminal=? res=success'[0m
[[0;32m  OK  [0m] Finished [0;1;39msystemd-udev-load-credent…[0m- Load udev Rules from Credentials.
[0;21;32maudit: type=1130 audit(1784567177.415:5): pid=1 uid=0 auid=4294967295 ses=4294967295 subj=system_u:system_r:init_t:s0 msg='unit=systemd-udev-load-credentials comm="systemd" exe="/usr/lib/systemd/systemd" hostname=? addr=? terminal=? res=success'[0m
[[0;32m  OK  [0m] Finished [0;1;39mlvm2-monitor.service[0m - Mo…using dmeventd or progress polling.
[[0;32m  OK  [0m] Finished [0;1;39msystemd-modules-load.service[0m - Load Kernel Modules.
[0;21;32maudit: type=1130 audit(1784567177.428:6): pid=1 uid=0 auid=4294967295 ses=4294967295 subj=system_u:system_r:init_t:s0 msg='unit=lvm2-monitor comm="systemd" exe="/usr/lib/systemd/systemd" hostname=? addr=? terminal=? res=success'[0m
         Starting [0;1;39msystemd-sysctl.service[0m - Apply Kernel Variables...
[0;21;32maudit: type=1130 audit(1784567177.429:7): pid=1 uid=0 auid=4294967295 ses=4294967295 subj=system_u:system_r:init_t:s0 msg='unit=systemd-modules-load comm="systemd" exe="/usr/lib/systemd/systemd" hostname=? addr=? terminal=? res=success'[0m
         Starting [0;1;39mmodprobe@tun.service[0m - Load Kernel Module tun...
[0;21;32maudit: type=1334 audit(1784567177.464:8): prog-id=48 op=LOAD[0m
[0;21;32maudit: type=1334 audit(1784567177.464:9): prog-id=49 op=LOAD[0m
[0;21;32maudit: type=1334 audit(1784567177.464:10): prog-id=50 op=LOAD[0m
         Starting [0;1;39msystemd-userdbd.service[0m - User Database Manager...
[[0;32m  OK  [0m] Finished [0;1;39msystemd-network-generator…[0mork Units from Kernel Command Line.
[0;21;32maudit: type=1130 audit(1784567177.475:11): pid=1 uid=0 auid=4294967295 ses=4294967295 subj=system_u:system_r:init_t:s0 msg='unit=systemd-network-generator comm="systemd" exe="/usr/lib/systemd/systemd" hostname=? addr=? terminal=? res=success'[0m
[0;21;39mtun: Universal TUN/TAP device driver, 1.6[0m
[[0;32m  OK  [0m] Finished [0;1;39mmodprobe@tun.service[0m - Load Kernel Module tun.
         Starting [0;1;39msystemd-nsresourced.service[0m - Namespace Resource Manager...
[0;21;32maudit: type=1130 audit(1784567177.489:12): pid=1 uid=0 auid=4294967295 ses=4294967295 subj=system_u:system_r:init_t:s0 msg='unit=modprobe@tun comm="systemd" exe="/usr/lib/systemd/systemd" hostname=? addr=? terminal=? res=success'[0m
[0;21;32maudit: type=1131 audit(1784567177.489:13): pid=1 uid=0 auid=4294967295 ses=4294967295 subj=system_u:system_r:init_t:s0 msg='unit=modprobe@tun comm="systemd" exe="/usr/lib/systemd/systemd" hostname=? addr=? terminal=? res=success'[0m
[[0;32m  OK  [0m] Finished [0;1;39msystemd-sysctl.service[0m - Apply Kernel Variables.
[[0;32m  OK  [0m] Started [0;1;39msystemd-userdbd.service[0m - User Database Manager.
[[0;32m  OK  [0m] Started [0;1;39msystemd-nsresourced.service[0m - Namespace Resource Manager.
[[0;32m  OK  [0m] Finished [0;1;39msystemd-udev-trigger.service[0m - Coldplug All udev Devices.
[[0;32m  OK  [0m] Finished [0;1;39msystemd-hwdb-update.service[0m - Rebuild Hardware Database.
[[0;32m  OK  [0m] Finished [0;1;39msystemd-tmpfiles-setup-de…[0mic Device Nodes in /dev gracefully.
         Starting [0;1;39msystemd-sysusers.service[0m - Create System Users...
[[0;32m  OK  [0m] Finished [0;1;39msystemd-sysusers.service[0m - Create System Users.
         Starting [0;1;39msystemd-resolved.service[0m - Network Name Resolution...
         Starting [0;1;39msystemd-tmpfiles-setup-de…[0meate Static Device Nodes in /dev...
[[0;32m  OK  [0m] Finished [0;1;39msystemd-tmpfiles-setup-de…[0mCreate Static Device Nodes in /dev.
[[0;32m  OK  [0m] Reached target [0;1;39mlocal-fs-pre.target[0m…Preparation for Local File Systems.
         Starting [0;1;39msystemd-udevd.service[0m - R…ager for Device Events and Files...
[[0;32m  OK  [0m] Started [0;1;39msystemd-resolved.service[0m - Network Name Resolution.
[[0;32m  OK  [0m] Reached target [0;1;39mnss-lookup.target[0m - Host and Network Name Lookups.
         Mounting [0;1;39mvar.mount[0m - /var...
[[0;32m  OK  [0m] Mounted [0;1;39mvar.mount[0m - /var.
[[0;32m  OK  [0m] Reached target [0;1;39mmachines.target[0m - Virtual Machines and Containers.
[[0;32m  OK  [0m] Listening on [0;1;39msystemd-importd.socke…[0mDisk Image Download Service Socket.
         Starting [0;1;39mostree-remount.service[0m - OSTree Remount OS/ Bind Mounts...
[[0;32m  OK  [0m] Reached target [0;1;39mcryptsetup.target[0m - Local Encrypted Volumes.
[[0;32m  OK  [0m] Finished [0;1;39mostree-remount.service[0m - OSTree Remount OS/ Bind Mounts.
         Starting [0;1;39msystemd-journal-flush.ser…[0msh Journal to Persistent Storage...
         Starting [0;1;39msystemd-random-seed.service[0m - Load/Save OS Random Seed...
[0;21;39msystemd-journald[670]: Received client request to flush runtime journal.[0m
[[0;32m  OK  [0m] Started [0;1;39msystemd-udevd.service[0m - Ru…anager for Device Events and Files.
[[0;32m  OK  [0m] Finished [0;1;39msystemd-random-seed.service[0m - Load/Save OS Random Seed.
[[0;32m  OK  [0m] Found device [0;1;39mdev-zram0.device[0m - /dev/zram0.
         Starting [0;1;39msystemd-zram-setup@zram0.…vice[0m - Create swap on /dev/zram0...
[0;21;39mzram0: detected capacity change from 0 to 8110080[0m
[[0;32m  OK  [0m] Finished [0;1;39msystemd-zram-setup@zram0.service[0m - Create swap on /dev/zram0.
         Activating swap [0;1;39mdev-zram0.swap[0m - Compressed Swap on /dev/zram0...
[[0;32m  OK  [0m] Finished [0;1;39msystemd-journal-flush.ser…[0mlush Journal to Persistent Storage.
[0;21;39mAdding 4055036k swap on /dev/zram0.  Priority:100 extents:1 across:4055036k SSDsc[0m
[[0;32m  OK  [0m] Activated swap [0;1;39mdev-zram0.swap[0m - Compressed Swap on /dev/zram0.
[[0;32m  OK  [0m] Reached target [0;1;39mswap.target[0m - Swaps.
         Mounting [0;1;39mtmp.mount[0m - Temporary Directory /tmp...
         Starting [0;1;39msystemd-oomd.service[0m - Us…space Out-Of-Memory (OOM) Killer...
[[0;32m  OK  [0m] Mounted [0;1;39mtmp.mount[0m - Temporary Directory /tmp.
         Starting [0;1;39msystemd-fsck@dev-disk-by\…[0m5235-8f1f-4409-a05b-b2704a0cb280...
         Starting [0;1;39msystemd-fsck@dev-disk-by\…[0mk on /dev/disk/by-uuid/9704-D569...
[[0;32m  OK  [0m] Found device [0;1;39mdev-disk-by\x2duuid-1…[0md6e9ea-19b9-4095-9bf1-4c3c4973c5b8.
         Mounting [0;1;39mvar-home.mount[0m - /var/home...
[0;21;32mlpc_ich 0000:00:1f.0: I/O space for GPIO uninitialized[0m
[[0;32m  OK  [0m] Mounted [0;1;39mvar-home.mount[0m - /var/home.
[[0;32m  OK  [0m] Started [0;1;39msystemd-oomd.service[0m - Userspace Out-Of-Memory (OOM) Killer.
[[0;32m  OK  [0m] Finished [0;1;39msystemd-fsck@dev-disk-by\…[0meck on /dev/disk/by-uuid/9704-D569.
[[0;32m  OK  [0m] Finished [0;1;39msystemd-fsck@dev-disk-by\…[0mdf5235-8f1f-4409-a05b-b2704a0cb280.
[0;21;39minput: QEMU Virtio Tablet as /devices/pci0000:00/0000:00:03.0/virtio2/input/input5[0m
[0;21;39minput: QEMU Virtio Keyboard as /devices/pci0000:00/0000:00:04.0/virtio3/input/input6[0m
[0;21;39mparport_pc 00:02: reported by Plug and Play ACPI[0m
[0;21;39mparport0: PC-style at 0x378, irq 7 [PCSPP,TRISTATE][0m
[0;21;39mi801_smbus 0000:00:1f.3: Enabling SMBus device[0m
[0;21;39mi801_smbus 0000:00:1f.3: SMBus using PCI interrupt[0m
[0;21;39mi2c i2c-0: Memory type 0x07 not supported yet, not instantiating SPD[0m
[0;21;39minput: PC Speaker as /devices/platform/pcspkr/input/input7[0m
[[0;32m  OK  [0m] Stopped [0;1;39msystemd-vconsole-setup.service[0m - Virtual Console Setup.
         Stopping [0;1;39msystemd-vconsole-setup.service[0m - Virtual Console Setup...
         Starting [0;1;39msystemd-vconsole-setup.service[0m - Virtual Console Setup...
[0;21;39miTCO_wdt iTCO_wdt.1.auto: Found a ICH9 TCO device (Version=2, TCOBASE=0x0660)[0m
[[0;32m  OK  [0m] Stopped [0;1;39msystemd-vconsole-setup.service[0m - Virtual Console Setup.
[0;21;39miTCO_wdt iTCO_wdt.1.auto: initialized. heartbeat=30 sec (nowayout=0)[0m
[0;21;39mvirtio_net virtio0 enp0s1: renamed from eth0[0m
[0;21;39mkvm_amd: TSC scaling supported[0m
[0;21;39mkvm_amd: Nested Virtualization enabled[0m
[0;21;39mkvm_amd: Nested Paging enabled[0m
[0;21;39mkvm_amd: LBR virtualization supported[0m
[0;21;39mkvm_amd: Virtual GIF supported[0m
[0;21;39mkvm_amd: Virtual NMI enabled[0m
         Starting [0;1;39msystemd-vconsole-setup.service[0m - Virtual Console Setup...
[0;21;39mppdev: user-space parallel port driver[0m
[[0;32m  OK  [0m] Finished [0;1;39msystemd-vconsole-setup.service[0m - Virtual Console Setup.
         Mounting [0;1;39mboot.mount[0m - /boot...
[0;21;39mEXT4-fs (vda2): mounted filesystem 7fdf5235-8f1f-4409-a05b-b2704a0cb280 r/w with ordered data mode. Quota mode: none.[0m
[[0;32m  OK  [0m] Mounted [0;1;39mboot.mount[0m - /boot.
         Mounting [0;1;39mboot-efi.mount[0m - /boot/efi...
[[0;32m  OK  [0m] Mounted [0;1;39mboot-efi.mount[0m - /boot/efi.
[[0;32m  OK  [0m] Reached target [0;1;39mlocal-fs.target[0m - Local File Systems.
[[0;32m  OK  [0m] Listening on [0;1;39msystemd-bootctl.socket[0m - Boot Entries Service Socket.
[[0;32m  OK  [0m] Listening on [0;1;39msystemd-sysext.socket[0m… System Extension Image Management.
         Starting [0;1;39mgreenboot-set-rollback-tr…ice[0m - Greenboot Rollback trigger...
         Starting [0;1;39mplymouth-read-write.servi…[0mymouth To Write Out Runtime Data...
         Starting [0;1;39msystemd-binfmt.service[0m - Set Up Additional Binary Formats...
         Starting [0;1;39msystemd-tmpfiles-setup.se…[0mate System Files and Directories...
         Starting [0;1;39msystemd-userdb-load-crede…[0mr/group Records from Credentials...
[[0;32m  OK  [0m] Finished [0;1;39mplymouth-read-write.servi…[0mPlymouth To Write Out Runtime Data.
         Mounting [0;1;39mproc-sys-fs-binfmt_misc.m…[0mcutable File Formats File System...
[[0;32m  OK  [0m] Finished [0;1;39msystemd-userdb-load-crede…[0mser/group Records from Credentials.
[[0;32m  OK  [0m] Mounted [0;1;39mproc-sys-fs-binfmt_misc.mo…[0mxecutable File Formats File System.
[[0;32m  OK  [0m] Finished [0;1;39msystemd-binfmt.service[0m - Set Up Additional Binary Formats.
[[0;32m  OK  [0m] Finished [0;1;39mgreenboot-set-rollback-tr…rvice[0m - Greenboot Rollback trigger.
[[0;32m  OK  [0m] Finished [0;1;39msystemd-tmpfiles-setup.se…[0mreate System Files and Directories.
         Starting [0;1;39mauditd.service[0m - Security Audit Logging Service...
         Starting [0;1;39mldconfig.service[0m - Rebuild Dynamic Linker Cache...
         Starting [0;1;39msystemd-journal-catalog-u…ervice[0m - Rebuild Journal Catalog...
[[0;32m  OK  [0m] Started [0;1;39mauditd.service[0m - Security Audit Logging Service.
         Starting [0;1;39maudit-rules.service[0m - Load Audit Rules...
         Starting [0;1;39msystemd-update-utmp.servi…[0mord System Boot/Shutdown in UTMP...
[[0;32m  OK  [0m] Finished [0;1;39msystemd-update-utmp.servi…[0mecord System Boot/Shutdown in UTMP.
[[0;32m  OK  [0m] Finished [0;1;39msystemd-journal-catalog-u….service[0m - Rebuild Journal Catalog.
[[0;32m  OK  [0m] Finished [0;1;39maudit-rules.service[0m - Load Audit Rules.
         Mounting [0;1;39mvar-lib-nfs-rpc_pipefs.mount[0m - RPC Pipe File System...
[0;21;39mRPC: Registered named UNIX socket transport module.[0m
[0;21;39mRPC: Registered udp transport module.[0m
[[0;32m  OK  [0m] Mounted [0;1;39mvar-lib-nfs-rpc_pipefs.mount[0m - RPC Pipe File System.
[[0;32m  OK  [0m] Reached target [0;1;39mrpc_pipefs.target[0m.
[0;21;39mRPC: Registered tcp transport module.[0m
[0;21;39mRPC: Registered tcp-with-tls transport module.[0m
[0;21;39mRPC: Registered tcp NFSv4.1 backchannel transport module.[0m
[[0;32m  OK  [0m] Finished [0;1;39mldconfig.service[0m - Rebuild Dynamic Linker Cache.
         Starting [0;1;39msystemd-update-done.service[0m - Update is Completed...
[[0;32m  OK  [0m] Finished [0;1;39msystemd-update-done.service[0m - Update is Completed.
[[0;32m  OK  [0m] Reached target [0;1;39msysinit.target[0m - System Initialization.
[[0;32m  OK  [0m] Started [0;1;39mbootc-status-updated.path[0m - Monitor bootc for status changes.
[[0;32m  OK  [0m] Started [0;1;39mcups.path[0m - CUPS Scheduler.
[[0;32m  OK  [0m] Created slice [0;1;39msystem-cups.slice[0m - CUPS Slice.
[[0;32m  OK  [0m] Started [0;1;39mlvm-devices-import.path[0m - …es-import to create system.devices.
[[0;32m  OK  [0m] Started [0;1;39mfstrim.timer[0m - Discard unused filesystem blocks once a week.
[[0;32m  OK  [0m] Started [0;1;39mlogrotate.timer[0m - Daily rotation of log files.
[[0;32m  OK  [0m] Started [0;1;39mraid-check.timer[0m - Weekly RAID setup health check.
[[0;32m  OK  [0m] Started [0;1;39mrpm-ostree-countme.timer[0m - Weekly rpm-ostree Count Me timer.
[[0;32m  OK  [0m] Started [0;1;39msystemd-tmpfiles-clean.tim…[0my Cleanup of Temporary Directories.
[[0;32m  OK  [0m] Started [0;1;39munbound-anchor.timer[0m - dai…f the root trust anchor for DNSSEC.
[[0;32m  OK  [0m] Started [0;1;39muupd.timer[0m - Auto Update System Timer For Universal Blue.
[[0;32m  OK  [0m] Reached target [0;1;39mbootc-status-update…[0m - Bootc status trigger state sync.
[[0;32m  OK  [0m] Reached target [0;1;39mpaths.target[0m - Path Units.
[[0;32m  OK  [0m] Reached target [0;1;39mtimers.target[0m - Timer Units.
[[0;32m  OK  [0m] Listening on [0;1;39mavahi-daemon.socket[0m -…DNS/DNS-SD Stack Activation Socket.
[[0;32m  OK  [0m] Listening on [0;1;39mcups.socket[0m - CUPS Scheduler.
[[0;32m  OK  [0m] Listening on [0;1;39mdbus.socket[0m - D-Bus System Message Bus Socket.
         Starting [0;1;39mpcscd.socket[0m - PC/SC Smart Card Daemon Activation Socket...
[[0;32m  OK  [0m] Listening on [0;1;39msshd-unix-local.socke…[0mtemd-ssh-generator, AF_UNIX Local).
         Starting [0;1;39msshd-vsock.socket[0m - OpenS…systemd-ssh-generator, AF_VSOCK)...
[[0;32m  OK  [0m] Listening on [0;1;39msssd-kcm.socket[0m - SSS…ros Cache Manager responder socket.
[[0;32m  OK  [0m] Listening on [0;1;39msystemd-hostnamed.socket[0m - Hostname Service Socket.
[[0;32m  OK  [0m] Listening on [0;1;39msystemd-logind-varlin…[0mer Login Management Varlink Socket.
[[0;32m  OK  [0m] Listening on [0;1;39msystemd-machined.sock…[0mtainer Registration Service Socket.
         Starting [0;1;39mdbus-broker.service[0m - D-Bus System Message Bus...
[[0;32m  OK  [0m] Listening on [0;1;39mpcscd.socket[0m - PC/SC Smart Card Daemon Activation Socket.
[[0;32m  OK  [0m] Listening on [0;1;39msshd-vsock.socket[0m - O… (systemd-ssh-generator, AF_VSOCK).
[[0;32m  OK  [0m] Reached target [0;1;39msockets.target[0m - Socket Units.
[[0;32m  OK  [0m] Reached target [0;1;39mssh-access.target[0m - SSH Access Available.
[[0;32m  OK  [0m] Started [0;1;39mdbus-broker.service[0m - D-Bus System Message Bus.
[[0;32m  OK  [0m] Reached target [0;1;39mbasic.target[0m - Basic System.
         Starting [0;1;39mauthselect-apply-changes.…rvice[0m - Apply authselect changes...
         Starting [0;1;39mavahi-daemon.service[0m - Avahi mDNS/DNS-SD Stack...
         Starting [0;1;39mbootloader-update.service[0m - Update bootloader on boot...
         Starting [0;1;39mchronyd.service[0m - NTP client/server...
[[0;32m  OK  [0m] Started [0;1;39mdmemcg-booster-system.serv…[0ming foreground games, system-level.
         Starting [0;1;39mdracut-shutdown.service[0m -…store /run/initramfs on shutdown...
[[0;32m  OK  [0m] Started [0;1;39mds-inhibit.service[0m - DualShock 4/DualSense mouse inhibitor.
[[0;32m  OK  [0m] Started [0;1;39mfirewalld.service[0m - firewalld - dynamic firewall daemon.
[[0;32m  OK  [0m] Reached target [0;1;39mnetwork-pre.target[0m - Preparation for Network.
         Starting [0;1;39mNetworkManager.service[0m - Network Manager...
         Starting [0;1;39mfoomaticrip-upgrade.servi…[0mtalled printers for foomatic-rip...
         Starting [0;1;39minput-remapper.service[0m - …odes without the GUI application...
         Starting [0;1;39mlm_sensors.service[0m - Hardware Monitoring Sensors...
         Starting [0;1;39mlvm-devices-import.service[0m - Create lvm system.devices...
         Starting [0;1;39mpolkit.service[0m - Authorization Manager...
         Starting [0;1;39mrtkit-daemon.service[0m - Re…imeKit Scheduling Policy Service...
[[0;32m  OK  [0m] Reached target [0;1;39msshd-keygen.target[0m.
         Starting [0;1;39mswitcheroo-control.servic…[0mSwitcheroo Control Proxy service...
         Starting [0;1;39msystemd-homed.service[0m - Home Area Manager...
[[0;32m  OK  [0m] Started [0;1;39mublue-os-media-automount.s…ice[0m - Mount partitons automaticaly.
         Starting [0;1;39mudisks2.service[0m - Disk Manager...
         Starting [0;1;39mupower.service[0m - Daemon for power management...
         Starting [0;1;39mfedora-atomic-desktop-app…[0ms to refresh the appstream cache...
         Starting [0;1;39mfedora-atomic-desktop-man…[0mc Destkops to update mandb cache...
[[0;32m  OK  [0m] Finished [0;1;39mauthselect-apply-changes.service[0m - Apply authselect changes.
[[0;32m  OK  [0m] Finished [0;1;39mdracut-shutdown.service[0m - Restore /run/initramfs on shutdown.
[[0;32m  OK  [0m] Finished [0;1;39mfoomaticrip-upgrade.servi…[0mnstalled printers for foomatic-rip.
[[0;32m  OK  [0m] Finished [0;1;39mlvm-devices-import.service[0m - Create lvm system.devices.
[[0;32m  OK  [0m] Started [0;1;39msystemd-homed.service[0m - Home Area Manager.
[[0;32m  OK  [0m] Finished [0;1;39mlm_sensors.service[0m - Hardware Monitoring Sensors.
[[0;32m  OK  [0m] Started [0;1;39mswitcheroo-control.service[0m - Switcheroo Control Proxy service.
[[0;32m  OK  [0m] Started [0;1;39mrtkit-daemon.service[0m - RealtimeKit Scheduling Policy Service.
[[0;32m  OK  [0m] Reached target [0;1;39mnss-user-lookup.target[0m - User and Group Name Lookups.
         Starting [0;1;39maccounts-daemon.service[0m - Accounts Service...
[[0;32m  OK  [0m] Finished [0;1;39msystemd-homed-activate.service[0m - Home Area Activation.
         Starting [0;1;39msystemd-hostnamed.service[0m - Hostname Service...
         Starting [0;1;39msystemd-logind.service[0m - User Login Management...
[[0;32m  OK  [0m] Started [0;1;39mavahi-daemon.service[0m - Avahi mDNS/DNS-SD Stack.
[[0;32m  OK  [0m] Started [0;1;39mchronyd.service[0m - NTP client/server.
[[0;32m  OK  [0m] Started [0;1;39msystemd-hostnamed.service[0m - Hostname Service.
[[0;32m  OK  [0m] Started [0;1;39msystemd-logind.service[0m - User Login Management.
[[0;32m  OK  [0m] Started [0;1;39mpolkit.service[0m - Authorization Manager.
[[0;32m  OK  [0m] Started [0;1;39maccounts-daemon.service[0m - Accounts Service.
[[0;32m  OK  [0m] Started [0;1;39mNetworkManager.service[0m - Network Manager.
[[0;32m  OK  [0m] Reached target [0;1;39mnetwork.target[0m - Network.
         Starting [0;1;39mModemManager.service[0m - Modem Manager...
         Starting [0;1;39mNetworkManager-dispatcher…[0manager Script Dispatcher Service...
         Starting [0;1;39mNetworkManager-wait-onlin…ce[0m - Network Manager Wait Online...
         Starting [0;1;39mcups.service[0m - CUPS Scheduler...
         Starting [0;1;39mgssproxy.service[0m - GSSAPI Proxy Daemon...
         Starting [0;1;39msshd.service[0m - OpenSSH server daemon...
         Starting [0;1;39mtuned.service[0m - Dynamic System Tuning Daemon...
[[0;32m  OK  [0m] Started [0;1;39mudisks2.service[0m - Disk Manager.
[[0;32m  OK  [0m] Started [0;1;39mNetworkManager-dispatcher.…[0m Manager Script Dispatcher Service.
[[0;32m  OK  [0m] Listening on [0;1;39msystemd-rfkill.socket[0m…ll Switch Status /dev/rfkill Watch.
[[0;32m  OK  [0m] Started [0;1;39mupower.service[0m - Daemon for power management.
[[0;32m  OK  [0m] Started [0;1;39msshd.service[0m - OpenSSH server daemon.
[[0;32m  OK  [0m] Started [0;1;39mcups.service[0m - CUPS Scheduler.
[[0;32m  OK  [0m] Finished [0;1;39mNetworkManager-wait-onlin…vice[0m - Network Manager Wait Online.
[[0;32m  OK  [0m] Reached target [0;1;39mnetwork-online.target[0m - Network is Online.
         Starting [0;1;39mgreenboot-healthcheck.ser…[0m- Greenboot Health Checks Runner...
         Starting [0;1;39mrpc-statd-notify.service[0m - Notify NFS peers of a restart...
[0;21;39mNET: Registered PF_QIPCRTR protocol family[0m
[[0;32m  OK  [0m] Finished [0;1;39mbootloader-update.service[0m - Update bootloader on boot.
[[0;32m  OK  [0m] Started [0;1;39mModemManager.service[0m - Modem Manager.
[[0;32m  OK  [0m] Started [0;1;39mrpc-statd-notify.service[0m - Notify NFS peers of a restart.
[[0;32m  OK  [0m] Started [0;1;39mgssproxy.service[0m - GSSAPI Proxy Daemon.
[[0;32m  OK  [0m] Reached target [0;1;39mnfs-client.target[0m - NFS client services.
[[0;32m  OK  [0m] Reached target [0;1;39mremote-fs-pre.targe…[0mreparation for Remote File Systems.
[[0;32m  OK  [0m] Reached target [0;1;39mremote-cryptsetup.target[0m - Remote Encrypted Volumes.
[[0;32m  OK  [0m] Reached target [0;1;39mremote-fs.target[0m - Remote File Systems.
[[0;32m  OK  [0m] Reached target [0;1;39mremote-integrityset…[0mRemote Integrity Protected Volumes.
[[0;32m  OK  [0m] Reached target [0;1;39mremote-veritysetup.…[0m - Remote Verity Protected Volumes.
[[0;32m  OK  [0m] Started [0;1;39minput-remapper.service[0m - S…ycodes without the GUI application.
         Starting [0;1;39mrpm-ostreed.service[0m - rpm-ostree System Management Daemon...
[[0;32m  OK  [0m] Started [0;1;39mrpm-ostreed.service[0m - rpm-ostree System Management Daemon.
[[0;32m  OK  [0m] Finished [0;1;39mfedora-atomic-desktop-app…[0mops to refresh the appstream cache.
[[0;32m  OK  [0m] Started [0;1;39mtuned.service[0m - Dynamic System Tuning Daemon.
         Starting [0;1;39mbazzite-hardware-setup.se…[0mure Bazzite for current hardware...
         Starting [0;1;39mtuned-ppd.service[0m - PPD-to-TuneD API Translation Daemon...
[[0;32m  OK  [0m] Finished [0;1;39mbazzite-hardware-setup.se…[0migure Bazzite for current hardware.
         Starting [0;1;39mbazzite-flatpak-manager.service[0m - Manage system flatpaks...
         Starting [0;1;39msystemd-user-sessions.service[0m - Permit User Sessions...
[[0;32m  OK  [0m] Finished [0;1;39msystemd-user-sessions.service[0m - Permit User Sessions.
         Starting [0;1;39mplymouth-quit-wait.servic…[0md until boot process finishes up...
         Starting [0;1;39mplymouth-quit.service[0m - Terminate Plymouth Boot Screen...
[[0;32m  OK  [0m] Finished [0;1;39mbazzite-flatpak-manager.service[0m - Manage system flatpaks.
[   12.387890] evdi: [I] Initialising logging on level 4
[   12.390016] evdi: [I] Atomic driver: yes
[!p]104\[0m[?7h[1G[0J[6n[32766;32766H[6n[!p]104\[0m[?7h[1G[0J[6n[32766;32766H[6n]3008;start=dfc38d15c9f44d8698d7831e6e0ff16f;user=root;hostname=bazzite-labwc-test;machineid=d9cf3528b7854471b0750c19885ae066;bootid=752f460052054b96bbad58d887c9f7e0;pid=1239;pidfdid=16582;comm=(agetty);servicename=serial-getty@ttyS0.service;invocationid=a951eb316bc24ee4970e356cfdc6757a;type=service\P+q6E616D65\
Bazzite
Kernel 7.1.3-ogc3.4.fc44.x86_64 on x86_64 (ttyS0)

Try contacting this VM's SSH server via 'ssh vsock%4294967295' from host.

bazzite-labwc-test login: [!p]104\[0m[?7h[1G[0J[6n[32766;32766H[6n[   18.983027] clocksource: Watchdog remote CPU 4 read timed out
]3008;end=dfc38d15c9f44d8698d7831e6e0ff16f\[[0;32m  OK  [0m] Started [0;1;39mplymouth-reboot.service[0m - Show Plymouth Reboot Screen.
[[0;32m  OK  [0m] Stopped [0;1;39msession-1.scope[0m - Session 1 of User user.
         Stopping [0;1;39muser@1000.service[0m - User Manager for UID 1000...
[[0;32m  OK  [0m] Stopped [0;1;39muser@1000.service[0m - User Manager for UID 1000.
         Stopping [0;1;39msystemd-oomd.service[0m - Us…space Out-Of-Memory (OOM) Killer...
         Stopping [0;1;39msystemd-user-sessions.service[0m - Permit User Sessions...
         Stopping [0;1;39muresourced.service[0m - User resource assignment daemon...
         Stopping [0;1;39muser-runtime-dir@1000.ser…[0mRuntime Directory /run/user/1000...
[[0;32m  OK  [0m] Stopped [0;1;39msystemd-oomd.service[0m - Userspace Out-Of-Memory (OOM) Killer.
[[0;32m  OK  [0m] Unmounted [0;1;39mrun-user-1000.mount[0m - /run/user/1000.
[[0;32m  OK  [0m] Stopped [0;1;39msystemd-user-sessions.service[0m - Permit User Sessions.
[[0;32m  OK  [0m] Stopped [0;1;39muser-runtime-dir@1000.serv…[0mr Runtime Directory /run/user/1000.
[[0;32m  OK  [0m] Removed slice [0;1;39muser-1000.slice[0m - User Slice of UID 1000.
[[0;32m  OK  [0m] Stopped target [0;1;39mremote-fs.target[0m - Remote File Systems.
[[0;32m  OK  [0m] Stopped target [0;1;39mremote-fs-pre.targe…[0mreparation for Remote File Systems.
[[0;32m  OK  [0m] Stopped target [0;1;39mnfs-client.target[0m - NFS client services.
[[0;32m  OK  [0m] Stopped [0;1;39mbazzite-hardware-setup.ser…[0migure Bazzite for current hardware.
         Stopping [0;1;39mgssproxy.service[0m - GSSAPI Proxy Daemon...
         Stopping [0;1;39mrpm-ostreed.service[0m - rpm-ostree System Management Daemon...
         Stopping [0;1;39msystemd-homed-activate.service[0m - Home Area Activation...
         Stopping [0;1;39msystemd-logind.service[0m - User Login Management...
         Stopping [0;1;39mtuned.service[0m - Dynamic System Tuning Daemon...
[[0;32m  OK  [0m] Stopped [0;1;39msystemd-logind.service[0m - User Login Management.
[[0;32m  OK  [0m] Stopped [0;1;39mgssproxy.service[0m - GSSAPI Proxy Daemon.
[[0;32m  OK  [0m] Stopped [0;1;39mrpm-ostreed.service[0m - rpm-ostree System Management Daemon.
[[0;32m  OK  [0m] Stopped [0;1;39muresourced.service[0m - User resource assignment daemon.
[[0;32m  OK  [0m] Stopped [0;1;39msystemd-homed-activate.service[0m - Home Area Activation.
[[0;32m  OK  [0m] Stopped target [0;1;39mnss-user-lookup.target[0m - User and Group Name Lookups.
[[0;32m  OK  [0m] Stopped [0;1;39mauthselect-apply-changes.service[0m - Apply authselect changes.
         Stopping [0;1;39msystemd-homed.service[0m - Home Area Manager...
[[0;32m  OK  [0m] Stopped [0;1;39msystemd-userdb-load-creden…[0mser/group Records from Credentials.
[[0;32m  OK  [0m] Stopped [0;1;39msystemd-homed.service[0m - Home Area Manager.
[[0;32m  OK  [0m] Stopped [0;1;39mtuned.service[0m - Dynamic System Tuning Daemon.
[[0;32m  OK  [0m] Stopped target [0;1;39mnetwork.target[0m - Network.
         Stopping [0;1;39mNetworkManager.service[0m - Network Manager...
         Stopping [0;1;39mpolkit.service[0m - Authorization Manager...
[[0;32m  OK  [0m] Stopped [0;1;39mpolkit.service[0m - Authorization Manager.
[[0;32m  OK  [0m] Stopped [0;1;39mNetworkManager.service[0m - Network Manager.
[[0;32m  OK  [0m] Stopped target [0;1;39mnetwork-pre.target[0m - Preparation for Network.
         Stopping [0;1;39mfirewalld.service[0m - firewalld - dynamic firewall daemon...
[[0;32m  OK  [0m] Stopped [0;1;39msystemd-network-generator.…[0mork Units from Kernel Command Line.
[[0;32m  OK  [0m] Stopped [0;1;39mfirewalld.service[0m - firewalld - dynamic firewall daemon.
[[0;32m  OK  [0m] Stopped target [0;1;39mbasic.target[0m - Basic System.
[[0;32m  OK  [0m] Stopped [0;1;39msystemd-ask-password-plymo…[0mquests to Plymouth Directory Watch.
[[0;32m  OK  [0m] Stopped target [0;1;39mpaths.target[0m - Path Units.
[[0;32m  OK  [0m] Stopped [0;1;39mbootc-status-updated.path[0m - Monitor bootc for status changes.
[[0;32m  OK  [0m] Stopped [0;1;39mcups.path[0m - CUPS Scheduler.
[[0;32m  OK  [0m] Stopped [0;1;39mlvm-devices-import.path[0m - …es-import to create system.devices.
[[0;32m  OK  [0m] Stopped target [0;1;39mslices.target[0m - Slice Units.
[[0;32m  OK  [0m] Removed slice [0;1;39muser.slice[0m - User and Session Slice.
[[0;32m  OK  [0m] Stopped target [0;1;39msockets.target[0m - Socket Units.
[[0;32m  OK  [0m] Closed [0;1;39mavahi-daemon.socket[0m - Avahi…DNS/DNS-SD Stack Activation Socket.
[[0;32m  OK  [0m] Closed [0;1;39mcups.socket[0m - CUPS Scheduler.
[[0;32m  OK  [0m] Closed [0;1;39mpcscd.socket[0m - PC/SC Smart Card Daemon Activation Socket.
[[0;32m  OK  [0m] Closed [0;1;39msshd-unix-local.socket[0m - Op…temd-ssh-generator, AF_UNIX Local).
         Stopping [0;1;39msshd-vsock.socket[0m - OpenS…systemd-ssh-generator, AF_VSOCK)...
[[0;32m  OK  [0m] Closed [0;1;39msssd-kcm.socket[0m - SSSD Kerberos Cache Manager responder socket.
[[0;32m  OK  [0m] Closed [0;1;39msystemd-hostnamed.socket[0m - Hostname Service Socket.
[[0;32m  OK  [0m] Closed [0;1;39msystemd-importd.socket[0m - Disk Image Download Service Socket.
[[0;32m  OK  [0m] Closed [0;1;39msystemd-logind-varlink.sock…[0mer Login Management Varlink Socket.
[[0;32m  OK  [0m] Closed [0;1;39msystemd-machined.socket[0m - V…tainer Registration Service Socket.
[[0;32m  OK  [0m] Closed [0;1;39msystemd-mountfsd.socket[0m - DDI File System Mounter Socket.
[[0;32m  OK  [0m] Closed [0;1;39msystemd-mute-console.socket[0m…nsole Output Muting Service Socket.
[[0;32m  OK  [0m] Closed [0;1;39msystemd-oomd.socket[0m - Users… Out-Of-Memory (OOM) Killer Socket.
[[0;32m  OK  [0m] Closed [0;1;39msystemd-repart.socket[0m - Disk Repartitioning Service Socket.
         Stopping [0;1;39mdbus-broker.service[0m - D-Bus System Message Bus...
[[0;32m  OK  [0m] Stopped [0;1;39mdbus-broker.service[0m - D-Bus System Message Bus.
[[0;32m  OK  [0m] Closed [0;1;39mdbus.socket[0m - D-Bus System Message Bus Socket.
[[0;32m  OK  [0m] Closed [0;1;39msshd-vsock.socket[0m - OpenSSH… (systemd-ssh-generator, AF_VSOCK).
[[0;32m  OK  [0m] Stopped target [0;1;39msysinit.target[0m - System Initialization.
[[0;32m  OK  [0m] Stopped target [0;1;39mcryptsetup.target[0m - Local Encrypted Volumes.
[[0;32m  OK  [0m] Stopped [0;1;39msystemd-ask-password-wall.…[0md Requests to Wall Directory Watch.
[[0;32m  OK  [0m] Stopped target [0;1;39mimports.target[0m - Image Downloads.
[[0;32m  OK  [0m] Stopped target [0;1;39mintegritysetup.targ…[0m Local Integrity Protected Volumes.
[[0;32m  OK  [0m] Stopped target [0;1;39mveritysetup.target[0m - Local Verity Protected Volumes.
         Stopping [0;1;39msystemd-binfmt.service[0m - Set Up Additional Binary Formats...
         Stopping [0;1;39msystemd-nsresourced.service[0m - Namespace Resource Manager...
         Stopping [0;1;39msystemd-resolved.service[0m - Network Name Resolution...
[[0;32m  OK  [0m] Stopped [0;1;39msystemd-update-done.service[0m - Update is Completed.
[[0;32m  OK  [0m] Stopped [0;1;39mldconfig.service[0m - Rebuild Dynamic Linker Cache.
[[0;32m  OK  [0m] Stopped [0;1;39msystemd-hwdb-update.service[0m - Rebuild Hardware Database.
[[0;32m  OK  [0m] Stopped [0;1;39msystemd-journal-catalog-up….service[0m - Rebuild Journal Catalog.
         Stopping [0;1;39msystemd-update-utmp.servi…[0mord System Boot/Shutdown in UTMP...
[[0;32m  OK  [0m] Stopped [0;1;39msystemd-nsresourced.service[0m - Namespace Resource Manager.
[[0;32m  OK  [0m] Closed [0;1;39msystemd-nsresourced.socket[0m - Namespace Resource Manager Socket.
[[0;32m  OK  [0m] Stopped [0;1;39msystemd-binfmt.service[0m - Set Up Additional Binary Formats.
[[0;32m  OK  [0m] Unset automount [0;1;39mproc-sys-fs-binfmt…[0mormats File System Automount Point.
[[0;32m  OK  [0m] Stopped [0;1;39msystemd-update-utmp.servic…[0mecord System Boot/Shutdown in UTMP.
         Stopping [0;1;39mauditd.service[0m - Security Audit Logging Service...
[[0;32m  OK  [0m] Stopped [0;1;39msystemd-resolved.service[0m - Network Name Resolution.
[[0;32m  OK  [0m] Closed [0;1;39msystemd-resolved-monitor.so…t[0m - Resolve Monitor Varlink Socket.
[[0;32m  OK  [0m] Closed [0;1;39msystemd-resolved-varlink.so…t[0m - Resolve Service Varlink Socket.
[[0;32m  OK  [0m] Stopped [0;1;39msystemd-sysctl.service[0m - Apply Kernel Variables.
[[0;32m  OK  [0m] Closed [0;1;39msystemd-coredump.socket[0m - Process Core Dump Socket.
[[0;32m  OK  [0m] Stopped [0;1;39msystemd-modules-load.service[0m - Load Kernel Modules.
[0;21;33mkauditd_printk_skb: 89 callbacks suppressed[0m
[0;21;32maudit: type=1305 audit(1784567191.788:332): op=set audit_pid=0 old=896 auid=4294967295 ses=4294967295 subj=system_u:system_r:auditd_t:s0 res=1[0m
[[0;32m  OK  [0m] Stopped [0;1;39mauditd.service[0m - Security Audit Logging Service.
[[0;32m  OK  [0m] Stopped [0;1;39msystemd-tmpfiles-setup.ser…[0mreate System Files and Directories.
[0;21;32maudit: type=1131 audit(1784567191.791:333): pid=1 uid=0 auid=4294967295 ses=4294967295 subj=system_u:system_r:init_t:s0 msg='unit=auditd comm="systemd" exe="/usr/lib/systemd/systemd" hostname=? addr=? terminal=? res=success'[0m
[[0;32m  OK  [0m] Stopped target [0;1;39mlocal-fs.target[0m - Local File Systems.
[0;21;32maudit: type=1131 audit(1784567191.792:334): pid=1 uid=0 auid=4294967295 ses=4294967295 subj=system_u:system_r:init_t:s0 msg='unit=systemd-tmpfiles-setup comm="systemd" exe="/usr/lib/systemd/systemd" hostname=? addr=? terminal=? res=success'[0m
         Unmounting [0;1;39mboot-efi.mount[0m - /boot/efi...
         Unmounting [0;1;39msysroot-ostree-deploy-d…[0mysroot/ostree/deploy/default/var...
         Unmounting [0;1;39mtmp.mount[0m - Temporary Directory /tmp...
         Unmounting [0;1;39mvar-home.mount[0m - /var/home...
[[0;32m  OK  [0m] Stopped [0;1;39mostree-remount.service[0m - OSTree Remount OS/ Bind Mounts.
[0;21;32maudit: type=1131 audit(1784567191.824:335): pid=1 uid=0 auid=4294967295 ses=4294967295 subj=system_u:system_r:init_t:s0 msg='unit=ostree-remount comm="systemd" exe="/usr/lib/systemd/systemd" hostname=? addr=? terminal=? res=success'[0m
[[0;32m  OK  [0m] Unmounted [0;1;39mboot-efi.mount[0m - /boot/efi.
[[0;32m  OK  [0m] Unmounted [0;1;39msysroot-ostree-deploy-de…[0m/sysroot/ostree/deploy/default/var.
[[0;32m  OK  [0m] Unmounted [0;1;39mtmp.mount[0m - Temporary Directory /tmp.
[[0;32m  OK  [0m] Unmounted [0;1;39mvar-home.mount[0m - /var/home.
[[0;32m  OK  [0m] Stopped target [0;1;39mswap.target[0m - Swaps.
         Deactivating swap [0;1;39mdev-disk-by\x2dd…-4.swap[0m - /dev/disk/by-diskseq/4...
         Unmounting [0;1;39mboot.mount[0m - /boot...
[[0;32m  OK  [0m] Stopped [0;1;39msystemd-fsck@dev-disk-by\x…[0meck on /dev/disk/by-uuid/9704-D569.
[0;21;32maudit: type=1131 audit(1784567191.871:336): pid=1 uid=0 auid=4294967295 ses=4294967295 subj=system_u:system_r:init_t:s0 msg='unit=systemd-fsck@dev-disk-by\x2duuid-9704\x2dD569 comm="systemd" exe="/usr/lib/systemd/systemd" hostname=? addr=? terminal=? res=success'[0m
[0;21;39mEXT4-fs (vda2): unmounting filesystem 7fdf5235-8f1f-4409-a05b-b2704a0cb280.[0m
[[0;32m  OK  [0m] Unmounted [0;1;39mboot.mount[0m - /boot.
[[0;32m  OK  [0m] Stopped [0;1;39msystemd-fsck@dev-disk-by\x…[0mdf5235-8f1f-4409-a05b-b2704a0cb280.
[[0;32m  OK  [0m] Removed slice [0;1;39msystem-systemd\x2dfs…slice[0m - Slice /system/systemd-fsck.
[0;21;32maudit: type=1131 audit(1784567191.895:337): pid=1 uid=0 auid=4294967295 ses=4294967295 subj=system_u:system_r:init_t:s0 msg='unit=systemd-fsck@dev-disk-by\x2duuid-7fdf5235\x2d8f1f\x2d4409\x2da05b\x2db2704a0cb280 comm="systemd" exe="/usr/lib/systemd/systemd" hostname=? addr=? terminal=? res=success'[0m
[[0;32m  OK  [0m] Stopped target [0;1;39mlocal-fs-pre.target[0m…Preparation for Local File Systems.
         Stopping [0;1;39mlvm2-monitor.service[0m - Mo…ing dmeventd or progress polling...
[[0;32m  OK  [0m] Stopped [0;1;39msystemd-tmpfiles-setup-dev…[0mCreate Static Device Nodes in /dev.
[[0;32m  OK  [0m] Stopped [0;1;39msystemd-sysusers.service[0m - Create System Users.
[0;21;32maudit: type=1131 audit(1784567191.899:338): pid=1 uid=0 auid=4294967295 ses=4294967295 subj=system_u:system_r:init_t:s0 msg='unit=systemd-tmpfiles-setup-dev comm="systemd" exe="/usr/lib/systemd/systemd" hostname=? addr=? terminal=? res=success'[0m
[[0;32m  OK  [0m] Stopped [0;1;39msystemd-tmpfiles-setup-dev…[0mic Device Nodes in /dev gracefully.
[[0;32m  OK  [0m] Deactivated swap [0;1;39mdev-disk-by\x2duu…[0mcb077e-768a-4603-aec8-ae77de1b856b.
[[0;32m  OK  [0m] Deactivated swap [0;1;39mdev-disk-by\x2ddi…eq-4.swap[0m - /dev/disk/by-diskseq/4.
[0;21;32maudit: type=1131 audit(1784567191.899:339): pid=1 uid=0 auid=4294967295 ses=4294967295 subj=system_u:system_r:init_t:s0 msg='unit=systemd-sysusers comm="systemd" exe="/usr/lib/systemd/systemd" hostname=? addr=? terminal=? res=success'[0m
[[0;32m  OK  [0m] Deactivated swap [0;1;39mdev-disk-by\x2dla…m0.swap[0m - /dev/disk/by-label/zram0.
[0;21;32maudit: type=1131 audit(1784567191.899:340): pid=1 uid=0 auid=4294967295 ses=4294967295 subj=system_u:system_r:init_t:s0 msg='unit=systemd-tmpfiles-setup-dev-early comm="systemd" exe="/usr/lib/systemd/systemd" hostname=? addr=? terminal=? res=success'[0m
[[0;32m  OK  [0m] Deactivated swap [0;1;39mdev-zram0.swap[0m - Compressed Swap on /dev/zram0.
[[0;32m  OK  [0m] Reached target [0;1;39mumount.target[0m - Unmount All Filesystems.
         Stopping [0;1;39msystemd-zram-setup@zram0.…vice[0m - Create swap on /dev/zram0...
[0;21;39mzram0: detected capacity change from 8110080 to 0[0m
[[0;32m  OK  [0m] Stopped [0;1;39msystemd-zram-setup@zram0.service[0m - Create swap on /dev/zram0.
[0;21;32maudit: type=1131 audit(1784567191.986:341): pid=1 uid=0 auid=4294967295 ses=4294967295 subj=system_u:system_r:init_t:s0 msg='unit=systemd-zram-setup@zram0 comm="systemd" exe="/usr/lib/systemd/systemd" hostname=? addr=? terminal=? res=success'[0m
[[0;32m  OK  [0m] Removed slice [0;1;39msystem-systemd\x2dzr…[0m- Slice /system/systemd-zram-setup.
[[0;32m  OK  [0m] Stopped [0;1;39mlvm2-monitor.service[0m - Mon…using dmeventd or progress polling.
[[0;32m  OK  [0m] Reached target [0;1;39mshutdown.target[0m - System Shutdown.
[[0;32m  OK  [0m] Reached target [0;1;39mfinal.target[0m - Late Shutdown Services.
[[0;32m  OK  [0m] Finished [0;1;39msystemd-reboot.service[0m - System Reboot.
[[0;32m  OK  [0m] Reached target [0;1;39mreboot.target[0m - System Reboot.
]3008;end=3602746f92704c46bfc0e9d48b35cbd3\[0;21;31mwatchdog: watchdog0: watchdog did not stop![0m
[0;21;39msystemd-shutdown[1]: Using hardware watchdog /dev/watchdog0: 'iTCO_wdt', version 2.[0m
[0;21;39msystemd-shutdown[1]: Watchdog running with a hardware timeout of 10min.[0m
[0;21;39msystemd-shutdown[1]: Syncing filesystems and block devices.[0m
[0;21;39msystemd-shutdown[1]: Sending SIGTERM to remaining processes...[0m
[0;21;39msystemd-journald[670]: Received SIGTERM from PID 1 (systemd-shutdow).[0m
[   20.574204] systemd-shutdown[1]: Sending SIGKILL to remaining processes...
[   20.583323] systemd-shutdown[1]: Unmounting file systems.
[   20.586411] (sd-remount)[2627]: Remounting '/var' read-only with options 'seclabel,discard=async,space_cache=v2,subvolid=257,subvol=/root'.
[   20.612620] (sd-umount)[2628]: Unmounting '/var'.
[   20.615433] (sd-umount)[2629]: Unmounting '/run/credentials/systemd-journald.service'.
[   20.618943] (sd-remount)[2630]: Remounting '/sysroot' read-only with options 'seclabel,discard=async,space_cache=v2,subvolid=257,subvol=/root'.
[   20.623984] (sd-umount)[2631]: Unmounting '/sysroot'.
[   20.626593] (sd-remount)[2632]: Remounting '/etc' read-only with options 'seclabel,discard=async,space_cache=v2,subvolid=257,subvol=/root'.
[   20.631511] (sd-umount)[2633]: Unmounting '/etc'.
[   20.633543] systemd-shutdown[1]: All filesystems unmounted.
[   20.635352] systemd-shutdown[1]: Deactivating swaps.
[   20.636982] systemd-shutdown[1]: All swaps deactivated.
[   20.638736] systemd-shutdown[1]: Detaching loop devices.
[   20.640638] systemd-shutdown[1]: All loop devices detached.
[   20.642427] systemd-shutdown[1]: Stopping MD devices.
[   20.644325] systemd-shutdown[1]: All MD devices stopped.
[   20.646181] systemd-shutdown[1]: Detaching DM devices.
[   20.647997] systemd-shutdown[1]: All DM devices detached.
[   20.649761] systemd-shutdown[1]: All filesystems, swaps, loop devices, MD devices and DM devices detached.
[   20.652821] watchdog: watchdog0: watchdog did not stop!
[   20.662773] systemd-shutdown[1]: Syncing filesystems and block devices.
[   20.665235] systemd-shutdown[1]: Rebooting.
[   20.685154] Console: switching to colour dummy device 80x25
[   20.708809] ACPI: PM: Preparing to enter system sleep state S5
[   20.710779] kvm: exiting hardware virtualization
[   20.712306] reboot: Restarting system
[   20.713458] reboot: machine restart
[2J[001;001H[=3h[2J[001;001H[2J[001;001H[8;056;240t[2J[001;001H[2J[001;001H[=3h[2J[001;001H[2J[001;001H[8;042;160t[2J[001;001HBdsDxe: loading Boot0002 "Bazzite" from HD(1,GPT,48E1E3E3-E014-49D3-A5C9-B6A962B829F9,0x800,0x12C000)/\EFI\fedora\shimx64.efi
BdsDxe: starting Boot0002 "Bazzite" from HD(1,GPT,48E1E3E3-E014-49D3-A5C9-B6A962B829F9,0x800,0x12C000)/\EFI\fedora\shimx64.efi
[0m[30m[40m[2J[001;001H[0m[37m[40m[002;072HGRUB version 2.12

[004;002H┌────────────────────────────────────────────────────────────────────────────────────────────────────────────────────────────────────────────────────────────┐[005;002H│[005;159H│[006;002H│[006;159H│[007;002H│[007;159H│[008;002H│[008;159H│[009;002H│[009;159H│[010;002H│[010;159H│[011;002H│[011;159H│[012;002H│[012;159H│[013;002H│[013;159H│[014;002H│[014;159H│[015;002H│[015;159H│[016;002H│[016;159H│[017;002H│[017;159H│[018;002H│[018;159H│[019;002H│[019;159H│[020;002H│[020;159H│[021;002H│[021;159H│[022;002H│[022;159H│[023;002H│[023;159H│[024;002H│[024;159H│[025;002H│[025;159H│[026;002H│[026;159H│[027;002H│[027;159H│[028;002H│[028;159H│[029;002H│[029;159H│[030;002H│[030;159H│[031;002H│[031;159H│[032;002H│[032;159H│[033;002H│[033;159H│[034;002H│[034;159H│[035;002H│[035;159H│[036;002H└────────────────────────────────────────────────────────────────────────────────────────────────────────────────────────────────────────────────────────────┘[037;002H[038;002H     Use the ▲ and ▼ keys to select which entry is highlighted.                                                                                          
      Press enter to boot the selected OS, `e' to edit the commands before booting or `c' for a command-line. ESC to return previous menu.                [005;160H [0m[30m[47m[005;003H*Bazzite (ostree:0)                                                                                                                                         [0m[37m[40m[005;158H[006;003H Bazzite (ostree:1)                                                                                                                                         [006;158H[007;003H UEFI Firmware Settings                                                                                                                                     [007;158H[008;003H                                                                                                                                                            [008;158H[009;003H                                                                                                                                                            [009;158H[010;003H                                                                                                                                                            [010;158H[011;003H                                                                                                                                                            [011;158H[012;003H                                                                                                                                                            [012;158H[013;003H                                                                                                                                                            [013;158H[014;003H                                                                                                                                                            [014;158H[015;003H                                                                                                                                                            [015;158H[016;003H                                                                                                                                                            [016;158H[017;003H                                                                                                                                                            [017;158H[018;003H                                                                                                                                                            [018;158H[019;003H                                                                                                                                                            [019;158H[020;003H                                                                                                                                                            [020;158H[021;003H                                                                                                                                                            [021;158H[022;003H                                                                                                                                                            [022;158H[023;003H                                                                                                                                                            [023;158H[024;003H                                                                                                                                                            [024;158H[025;003H                                                                                                                                                            [025;158H[026;003H                                                                                                                                                            [026;158H[027;003H                                                                                                                                                            [027;158H[028;003H                                                                                                                                                            [028;158H[029;003H                                                                                                                                                            [029;158H[030;003H                                                                                                                                                            [030;158H[031;003H                                                                                                                                                            [031;158H[032;003H                                                                                                                                                            [032;158H[033;003H                                                                                                                                                            [033;158H[034;003H                                                                                                                                                            [034;158H[035;003H                                                                                                                                                            [035;158H[035;160H [005;158H[040;001H   The highlighted entry will be executed automatically in 1s.                                                                                                 [005;158H[040;001H   The highlighted entry will be executed automatically in 0s.                                                                                                 [005;158H[0m[30m[40m[2J[001;001H[0m[37m[40m[0m[30m[40m[2J[001;001H[0m[37m[40m  Booting `Bazzite (ostree:0)'

[    0.000000] Linux version 7.1.3-ogc3.4.fc44.x86_64 (root@b94170d5dfd0) (gcc (GCC) 16.1.1 20260515 (Red Hat 16.1.1-2), GNU ld version 2.46-3.fc44) #1 SMP PREEMPT_DYNAMIC Fri Jul 10 04:06:08 UTC 2026
[    0.000000] Command line: BOOT_IMAGE=(hd0,gpt2)/ostree/default-a68fdf669824e7bea84f6339c1b0a162c5382aa3213bb37b639d9879f3bc9dc0/vmlinuz-7.1.3-ogc3.4.fc44.x86_64 ostree=/ostree/boot.0/default/a68fdf669824e7bea84f6339c1b0a162c5382aa3213bb37b639d9879f3bc9dc0/0 console=tty0 console=ttyS0,115200 root=UUID=16d6e9ea-19b9-4095-9bf1-4c3c4973c5b8 vconsole.keymap=us rootflags=subvol=root rw bluetooth.disable_ertm=1
[    0.000000] BIOS-provided physical RAM map:
[    0.000000] BIOS-e820: [mem 0x0000000000000000-0x000000000009ffff]  System RAM
[    0.000000] BIOS-e820: [gap 0x00000000000a0000-0x00000000000fffff]
[    0.000000] BIOS-e820: [mem 0x0000000000100000-0x00000000007fffff]  System RAM
[    0.000000] BIOS-e820: [mem 0x0000000000800000-0x0000000000807fff]  ACPI NVS
[    0.000000] BIOS-e820: [mem 0x0000000000808000-0x000000000080afff]  System RAM
[    0.000000] BIOS-e820: [mem 0x000000000080b000-0x000000000080bfff]  ACPI NVS
[    0.000000] BIOS-e820: [mem 0x000000000080c000-0x0000000000811fff]  System RAM
[    0.000000] BIOS-e820: [mem 0x0000000000812000-0x0000000000812fff]  device reserved
[    0.000000] BIOS-e820: [mem 0x0000000000813000-0x0000000000813fff]  System RAM
[    0.000000] BIOS-e820: [mem 0x0000000000814000-0x00000000008fffff]  ACPI NVS
[    0.000000] BIOS-e820: [mem 0x0000000000900000-0x000000007def9fff]  System RAM
[    0.000000] BIOS-e820: [mem 0x000000007defa000-0x000000007defbfff]  device reserved
[    0.000000] BIOS-e820: [mem 0x000000007defc000-0x000000007f8ecfff]  System RAM
[    0.000000] BIOS-e820: [mem 0x000000007f8ed000-0x000000007fb6cfff]  device reserved
[    0.000000] BIOS-e820: [mem 0x000000007fb6d000-0x000000007fb7efff]  ACPI data
[    0.000000] BIOS-e820: [mem 0x000000007fb7f000-0x000000007fbfefff]  ACPI NVS
[    0.000000] BIOS-e820: [mem 0x000000007fbff000-0x000000007ff1ffff]  System RAM
[    0.000000] BIOS-e820: [mem 0x000000007ff20000-0x000000007ff3ffff]  device reserved
[    0.000000] BIOS-e820: [mem 0x000000007ff40000-0x000000007fffffff]  ACPI NVS
[    0.000000] BIOS-e820: [gap 0x0000000080000000-0x00000000dfffffff]
[    0.000000] BIOS-e820: [mem 0x00000000e0000000-0x00000000efffffff]  device reserved
[    0.000000] BIOS-e820: [gap 0x00000000f0000000-0x00000000feffbfff]
[    0.000000] BIOS-e820: [mem 0x00000000feffc000-0x00000000feffffff]  device reserved
[    0.000000] BIOS-e820: [gap 0x00000000ff000000-0x00000000ffdfffff]
[    0.000000] BIOS-e820: [mem 0x00000000ffe00000-0x00000000ffffffff]  device reserved
[    0.000000] BIOS-e820: [mem 0x0000000100000000-0x000000027fffffff]  System RAM
[    0.000000] BIOS-e820: [gap 0x0000000280000000-0x000000fcffffffff]
[    0.000000] BIOS-e820: [mem 0x000000fd00000000-0x000000ffffffffff]  device reserved
[    0.000000] NX (Execute Disable) protection: active
[    0.000000] APIC: Static calls initialized
[    0.000000] efi: EFI v2.7 by EDK II
[    0.000000] efi: SMBIOS=0x7f8f0000 ACPI=0x7fb7e000 ACPI 2.0=0x7fb7e014 MEMATTR=0x7def7018 MOKvar=0x7defa000 RNG=0x7fb73018 
[    0.000000] random: crng init done
[    0.000000] efi: Remove mem114: MMIO range=[0xffe00000-0xffffffff] (2MB) from e820 map
[    0.000000] DMI: SMBIOS 2.8 present.
[    0.000000] DMI: QEMU Standard PC (Q35 + ICH9, 2009), BIOS edk2-20260508-6.fc44 05/08/2026
[    0.000000] DMI: Memory slots populated: 1/1
[    0.000000] Hypervisor detected: KVM
[    0.000000] last_pfn = 0x7ff20 max_arch_pfn = 0x400000000
[    0.000000] kvm-clock: Using msrs 4b564d01 and 4b564d00
[    0.000001] kvm-clock: using sched offset of 250861568754 cycles
[    0.000003] clocksource: kvm-clock: mask: 0xffffffffffffffff max_cycles: 0x1cd42e4dffb, max_idle_ns: 881590591483 ns
[    0.000006] tsc: Detected 4099.996 MHz processor
[    0.000110] last_pfn = 0x280000 max_arch_pfn = 0x400000000
[    0.000146] MTRR map: 4 entries (2 fixed + 2 variable; max 18), built from 8 variable MTRRs
[    0.000149] x86/PAT: Configuration [0-7]: WB  WC  UC- UC  WB  WP  UC- WT  
[    0.000198] last_pfn = 0x7ff20 max_arch_pfn = 0x400000000
[    0.003992] Using GB pages for direct mapping
[    0.004260] Secure boot disabled
[    0.004260] RAMDISK: [mem 0x65837000-0x74888fff]
[    0.004265] ACPI: Early table checksum verification disabled
[    0.004267] ACPI: RSDP 0x000000007FB7E014 000024 (v02 BOCHS )
[    0.004270] ACPI: XSDT 0x000000007FB7D0E8 000054 (v01 BOCHS  BXPC     00000001      01000013)
[    0.004274] ACPI: FACP 0x000000007FB79000 0000F4 (v03 BOCHS  BXPC     00000001 BXPC 00000001)
[    0.004280] ACPI: DSDT 0x000000007FB7A000 002379 (v01 BOCHS  BXPC     00000001 BXPC 00000001)
[    0.004284] ACPI: FACS 0x000000007FBDD000 000040
[    0.004287] ACPI: APIC 0x000000007FB78000 0000B0 (v03 BOCHS  BXPC     00000001 BXPC 00000001)
[    0.004291] ACPI: HPET 0x000000007FB77000 000038 (v01 BOCHS  BXPC     00000001 BXPC 00000001)
[    0.004294] ACPI: MCFG 0x000000007FB76000 00003C (v01 BOCHS  BXPC     00000001 BXPC 00000001)
[    0.004297] ACPI: WAET 0x000000007FB75000 000028 (v01 BOCHS  BXPC     00000001 BXPC 00000001)
[    0.004301] ACPI: BGRT 0x000000007FB74000 000038 (v01 INTEL  EDK2     00000002      01000013)
[    0.004302] ACPI: Reserving FACP table memory at [mem 0x7fb79000-0x7fb790f3]
[    0.004303] ACPI: Reserving DSDT table memory at [mem 0x7fb7a000-0x7fb7c378]
[    0.004304] ACPI: Reserving FACS table memory at [mem 0x7fbdd000-0x7fbdd03f]
[    0.004304] ACPI: Reserving APIC table memory at [mem 0x7fb78000-0x7fb780af]
[    0.004305] ACPI: Reserving HPET table memory at [mem 0x7fb77000-0x7fb77037]
[    0.004305] ACPI: Reserving MCFG table memory at [mem 0x7fb76000-0x7fb7603b]
[    0.004306] ACPI: Reserving WAET table memory at [mem 0x7fb75000-0x7fb75027]
[    0.004306] ACPI: Reserving BGRT table memory at [mem 0x7fb74000-0x7fb74037]
[    0.004819] No NUMA configuration found
[    0.004820] Faking a node at [mem 0x0000000000000000-0x000000027fffffff]
[    0.004829] NODE_DATA(0) allocated [mem 0x27ffd4f80-0x27fffffff]
[    0.005758] ACPI: PM-Timer IO Port: 0x608
[    0.005770] ACPI: LAPIC_NMI (acpi_id[0xff] dfl dfl lint[0x1])
[    0.005793] IOAPIC[0]: apic_id 0, version 17, address 0xfec00000, GSI 0-23
[    0.005796] ACPI: INT_SRC_OVR (bus 0 bus_irq 0 global_irq 2 dfl dfl)
[    0.005797] ACPI: INT_SRC_OVR (bus 0 bus_irq 5 global_irq 5 high level)
[    0.005798] ACPI: INT_SRC_OVR (bus 0 bus_irq 9 global_irq 9 high level)
[    0.005799] ACPI: INT_SRC_OVR (bus 0 bus_irq 10 global_irq 10 high level)
[    0.005800] ACPI: INT_SRC_OVR (bus 0 bus_irq 11 global_irq 11 high level)
[    0.005802] ACPI: Using ACPI (MADT) for SMP configuration information
[    0.005803] ACPI: HPET id: 0x8086a201 base: 0xfed00000
[    0.005824] TSC deadline timer available
[    0.005826] CPU topo: Max. logical packages:   1
[    0.005827] CPU topo: Max. logical nodes:      1
[    0.005827] CPU topo: Num. nodes per package:  1
[    0.005829] CPU topo: Max. logical dies:       1
[    0.005829] CPU topo: Max. dies per package:   1
[    0.005832] CPU topo: Max. threads per core:   1
[    0.005833] CPU topo: Num. cores per package:     8
[    0.005833] CPU topo: Num. threads per package:   8
[    0.005833] CPU topo: Allowing 8 present CPUs plus 0 hotplug CPUs
[    0.005848] kvm-guest: APIC: eoi() replaced with kvm_guest_apic_eoi_write()
[    0.005860] kvm-guest: KVM setup pv remote TLB flush
[    0.005863] kvm-guest: setup PV sched yield
[    0.005878] PM: hibernation: Registered nosave memory: [mem 0x00000000-0x00000fff]
[    0.005879] PM: hibernation: Registered nosave memory: [mem 0x000a0000-0x000fffff]
[    0.005880] PM: hibernation: Registered nosave memory: [mem 0x00800000-0x00807fff]
[    0.005881] PM: hibernation: Registered nosave memory: [mem 0x0080b000-0x0080bfff]
[    0.005882] PM: hibernation: Registered nosave memory: [mem 0x00812000-0x00812fff]
[    0.005883] PM: hibernation: Registered nosave memory: [mem 0x00814000-0x008fffff]
[    0.005884] PM: hibernation: Registered nosave memory: [mem 0x7defa000-0x7defbfff]
[    0.005885] PM: hibernation: Registered nosave memory: [mem 0x7df06000-0x7df0efff]
[    0.005886] PM: hibernation: Registered nosave memory: [mem 0x7f8ed000-0x7fbfefff]
[    0.005887] PM: hibernation: Registered nosave memory: [mem 0x7ff20000-0xffffffff]
[    0.005889] [gap 0x80000000-0xdfffffff] available for PCI devices
[    0.005890] Booting paravirtualized kernel on KVM
[    0.005891] clocksource: refined-jiffies: mask: 0xffffffff max_cycles: 0xffffffff, max_idle_ns: 1910969940391419 ns
[    0.011870] Zone ranges:
[    0.011871]   DMA      [mem 0x0000000000001000-0x0000000000ffffff]
[    0.011874]   DMA32    [mem 0x0000000001000000-0x00000000ffffffff]
[    0.011875]   Normal   [mem 0x0000000100000000-0x000000027fffffff]
[    0.011876]   Device   empty
[    0.011877] Movable zone start for each node
[    0.011878] Early memory node ranges
[    0.011879]   node   0: [mem 0x0000000000001000-0x000000000009ffff]
[    0.011880]   node   0: [mem 0x0000000000100000-0x00000000007fffff]
[    0.011880]   node   0: [mem 0x0000000000808000-0x000000000080afff]
[    0.011881]   node   0: [mem 0x000000000080c000-0x0000000000811fff]
[    0.011881]   node   0: [mem 0x0000000000813000-0x0000000000813fff]
[    0.011882]   node   0: [mem 0x0000000000900000-0x000000007def9fff]
[    0.011882]   node   0: [mem 0x000000007defc000-0x000000007f8ecfff]
[    0.011883]   node   0: [mem 0x000000007fbff000-0x000000007ff1ffff]
[    0.011883]   node   0: [mem 0x0000000100000000-0x000000027fffffff]
[    0.011885] Initmem setup node 0 [mem 0x0000000000001000-0x000000027fffffff]
[    0.011897] On node 0, zone DMA: 1 pages in unavailable ranges
[    0.011957] On node 0, zone DMA: 96 pages in unavailable ranges
[    0.011961] On node 0, zone DMA: 8 pages in unavailable ranges
[    0.011962] On node 0, zone DMA: 1 pages in unavailable ranges
[    0.011962] On node 0, zone DMA: 1 pages in unavailable ranges
[    0.012025] On node 0, zone DMA: 236 pages in unavailable ranges
[    0.027415] On node 0, zone DMA32: 2 pages in unavailable ranges
[    0.027465] On node 0, zone DMA32: 786 pages in unavailable ranges
[    0.074648] On node 0, zone Normal: 224 pages in unavailable ranges
[    0.074670] setup_percpu: NR_CPUS:8192 nr_cpumask_bits:8 nr_cpu_ids:8 nr_node_ids:1
[    0.076601] percpu: Embedded 85 pages/cpu s225280 r8192 d114688 u524288
[    0.076653] kvm-guest: PV spinlocks enabled
[    0.076655] PV qspinlock hash table entries: 256 (order: 0, 4096 bytes, linear)
[    0.076658] Kernel command line: BOOT_IMAGE=(hd0,gpt2)/ostree/default-a68fdf669824e7bea84f6339c1b0a162c5382aa3213bb37b639d9879f3bc9dc0/vmlinuz-7.1.3-ogc3.4.fc44.x86_64 ostree=/ostree/boot.0/default/a68fdf669824e7bea84f6339c1b0a162c5382aa3213bb37b639d9879f3bc9dc0/0 console=tty0 console=ttyS0,115200 root=UUID=16d6e9ea-19b9-4095-9bf1-4c3c4973c5b8 vconsole.keymap=us rootflags=subvol=root rw bluetooth.disable_ertm=1
[    0.076884] Unknown kernel command line parameters "ostree=/ostree/boot.0/default/a68fdf669824e7bea84f6339c1b0a162c5382aa3213bb37b639d9879f3bc9dc0/0", will be passed to user space.
[    0.077075] printk: log buffer data + meta data: 262144 + 1114112 = 1376256 bytes
[    0.081086] Dentry cache hash table entries: 1048576 (order: 11, 8388608 bytes, linear)
[    0.083121] Inode-cache hash table entries: 524288 (order: 10, 4194304 bytes, linear)
[    0.083211] software IO TLB: area num 8.
[    0.097103] Fallback order for Node 0: 0 
[    0.097112] Built 1 zonelists, mobility grouping on.  Total pages: 2095797
[    0.097114] Policy zone: Normal
[    0.098336] mem auto-init: stack:all(zero), heap alloc:on, heap free:off
[    0.109334] SLUB: HWalign=64, Order=0-3, MinObjects=0, CPUs=8, Nodes=1
[    0.119646] ftrace: allocating 64544 entries in 254 pages
[    0.119649] ftrace: allocated 254 pages with 7 groups
[    0.120478] Dynamic Preempt: lazy
[    0.120600] rcu: Preemptible hierarchical RCU implementation.
[    0.120601] rcu: 	RCU event tracing is enabled.
[    0.120602] rcu: 	RCU restricting CPUs from NR_CPUS=8192 to nr_cpu_ids=8.
[    0.120603] 	Trampoline variant of Tasks RCU enabled.
[    0.120604] 	Rude variant of Tasks RCU enabled.
[    0.120604] 	Tracing variant of Tasks RCU enabled.
[    0.120605] rcu: RCU calculated value of scheduler-enlistment delay is 100 jiffies.
[    0.120605] rcu: Adjusting geometry for rcu_fanout_leaf=16, nr_cpu_ids=8
[    0.120619] RCU Tasks: Setting shift to 3 and lim to 1 rcu_task_cb_adjust=1 rcu_task_cpu_ids=8.
[    0.120620] RCU Tasks Rude: Setting shift to 3 and lim to 1 rcu_task_cb_adjust=1 rcu_task_cpu_ids=8.
[    0.124802] NR_IRQS: 524544, nr_irqs: 488, preallocated irqs: 16
[    0.125050] rcu: srcu_init: Setting srcu_struct sizes based on contention.
[    0.125243] kfence: initialized - using 2097152 bytes for 255 objects at 0x(____ptrval____)-0x(____ptrval____)
[    0.125359] Console: colour dummy device 80x25
[    0.125361] printk: legacy console [tty0] enabled
[    0.125618] printk: legacy console [ttyS0] enabled
[    0.465639] ACPI: Core revision 20251212
[    0.467123] clocksource: hpet: mask: 0xffffffff max_cycles: 0xffffffff, max_idle_ns: 19112604467 ns
[    0.469950] APIC: Switch to symmetric I/O mode setup
[    0.471601] x2apic enabled
[    0.472716] APIC: Switched APIC routing to: physical x2apic
[    0.474385] kvm-guest: APIC: send_IPI_mask() replaced with kvm_send_ipi_mask()
[    0.476537] kvm-guest: APIC: send_IPI_mask_allbutself() replaced with kvm_send_ipi_mask_allbutself()
[    0.479257] kvm-guest: setup PV IPIs
[    0.481235] ..TIMER: vector=0x30 apic1=0 pin1=2 apic2=-1 pin2=-1
[    0.483062] clocksource: tsc-early: mask: 0xffffffffffffffff max_cycles: 0x3b195b6e39b, max_idle_ns: 440795394037 ns
[    0.486183] Calibrating delay loop (skipped) preset value.. 8199.99 BogoMIPS (lpj=4099996)
[    0.487310] x86/cpu: User Mode Instruction Prevention (UMIP) activated
[    0.488285] Last level iTLB entries: 4KB 512, 2MB 255, 4MB 127
[    0.489186] Last level dTLB entries: 4KB 512, 2MB 255, 4MB 127, 1GB 0
[    0.490191] mitigations: Enabled attack vectors: user_kernel, user_user, guest_host, guest_guest, SMT mitigations: auto
[    0.491186] Speculative Store Bypass: Mitigation: Speculative Store Bypass disabled via prctl
[    0.492186] Transient Scheduler Attacks: Mitigation: Clear CPU buffers
[    0.493186] Spectre V2 : Mitigation: Enhanced / Automatic IBRS
[    0.494186] Speculative Return Stack Overflow: Mitigation: Safe RET
[    0.495186] Spectre V1 : Mitigation: usercopy/swapgs barriers and __user pointer sanitization
[    0.496192] Spectre V2 : mitigation: Enabling conditional Indirect Branch Prediction Barrier
[    0.497187] active return thunk: srso_alias_return_thunk
[    0.498210] x86/fpu: Supporting XSAVE feature 0x001: 'x87 floating point registers'
[    0.499186] x86/fpu: Supporting XSAVE feature 0x002: 'SSE registers'
[    0.500186] x86/fpu: Supporting XSAVE feature 0x004: 'AVX registers'
[    0.501185] x86/fpu: Supporting XSAVE feature 0x020: 'AVX-512 opmask'
[    0.502186] x86/fpu: Supporting XSAVE feature 0x040: 'AVX-512 Hi256'
[    0.503185] x86/fpu: Supporting XSAVE feature 0x080: 'AVX-512 ZMM_Hi256'
[    0.504185] x86/fpu: Supporting XSAVE feature 0x200: 'Protection Keys User registers'
[    0.505186] x86/fpu: xstate_offset[2]:  576, xstate_sizes[2]:  256
[    0.506185] x86/fpu: xstate_offset[5]:  832, xstate_sizes[5]:   64
[    0.507186] x86/fpu: xstate_offset[6]:  896, xstate_sizes[6]:  512
[    0.508185] x86/fpu: xstate_offset[7]: 1408, xstate_sizes[7]: 1024
[    0.509185] x86/fpu: xstate_offset[9]: 2432, xstate_sizes[9]:    8
[    0.510185] x86/fpu: Enabled xstate features 0x2e7, context size is 2440 bytes, using 'compacted' format.
[    0.539147] pid_max: default: 32768 minimum: 301
[    0.539339] Yama: becoming mindful.
[    0.540193] SELinux:  Initializing.
[    0.542288] LSM support for eBPF active
[    0.543213] landlock: Up and running.
[    0.544342] Mount-cache hash table entries: 16384 (order: 5, 131072 bytes, linear)
[    0.545256] Mountpoint-cache hash table entries: 16384 (order: 5, 131072 bytes, linear)
[    0.546401] VFS: Finished mounting rootfs on nullfs
[    0.548719] smpboot: CPU0: AMD Ryzen 7 8700F 8-Core Processor (family: 0x19, model: 0x75, stepping: 0x2)
[    0.549626] Performance Events: Fam17h+ core perfctr, AMD PMU driver.
[    0.550192] ... version:                   2
[    0.551188] ... bit width:                 48
[    0.552202] ... generic counters:          6
[    0.553188] ... generic bitmap:            000000000000003f
[    0.554188] ... fixed-purpose counters:    0
[    0.555188] ... fixed-purpose bitmap:      0000000000000000
[    0.556188] ... value mask:                0000ffffffffffff
[    0.557188] ... max period:                00007fffffffffff
[    0.558188] ... global_ctrl mask:          000000000000003f
[    0.559309] signal: max sigframe size: 3376
[    0.560257] rcu: Hierarchical SRCU implementation.
[    0.561193] rcu: 	Max phase no-delay instances is 400.
[    0.562312] Timer migration: 1 hierarchy levels; 8 children per group; 1 crossnode level
[    0.568681] smp: Bringing up secondary CPUs ...
[    0.569435] smpboot: x86: Booting SMP configuration:
[    0.570201] .... node  #0, CPUs:      #1 #2 #3 #4 #5 #6 #7
[    0.574222] smp: Brought up 1 node, 8 CPUs
[    0.576189] smpboot: Total of 8 processors activated (65599.93 BogoMIPS)
[    0.577864] Memory: 7798128K/8383188K available (24368K kernel code, 4756K rwdata, 18752K rodata, 5300K init, 4316K bss, 572428K reserved, 0K cma-reserved)
[    0.578452] devtmpfs: initialized
[    0.579325] x86/mm: Memory block size: 128MB
[    0.581710] ACPI: PM: Registering ACPI NVS region [mem 0x00800000-0x00807fff] (32768 bytes)
[    0.582191] ACPI: PM: Registering ACPI NVS region [mem 0x0080b000-0x0080bfff] (4096 bytes)
[    0.583191] ACPI: PM: Registering ACPI NVS region [mem 0x00814000-0x008fffff] (966656 bytes)
[    0.584213] ACPI: PM: Registering ACPI NVS region [mem 0x7fb7f000-0x7fbfefff] (524288 bytes)
[    0.585204] ACPI: PM: Registering ACPI NVS region [mem 0x7ff40000-0x7fffffff] (786432 bytes)
[    0.586399] clocksource: jiffies: mask: 0xffffffff max_cycles: 0xffffffff, max_idle_ns: 1911260446275000 ns
[    0.587235] posixtimers hash table entries: 4096 (order: 4, 65536 bytes, linear)
[    0.588256] futex hash table entries: 2048 (131072 bytes on 1 NUMA nodes, total 128 KiB, linear).
[    0.589342] xor: automatically using best checksumming function   avx       
[    0.590577] PM: RTC time: 17:06:37, date: 2026-07-20
[    0.592594] NET: Registered PF_NETLINK/PF_ROUTE protocol family
[    0.593894] DMA: preallocated 1024 KiB GFP_KERNEL pool for atomic allocations
[    0.594662] DMA: preallocated 1024 KiB GFP_KERNEL|GFP_DMA pool for atomic allocations
[    0.595669] DMA: preallocated 1024 KiB GFP_KERNEL|GFP_DMA32 pool for atomic allocations
[    0.596219] audit: initializing netlink subsys (disabled)
[    0.597241] audit: type=2000 audit(1784567197.237:1): state=initialized audit_enabled=0 res=1
[    0.597355] thermal_sys: Registered thermal governor 'fair_share'
[    0.598190] thermal_sys: Registered thermal governor 'bang_bang'
[    0.599189] thermal_sys: Registered thermal governor 'step_wise'
[    0.600189] thermal_sys: Registered thermal governor 'user_space'
[    0.601201] cpuidle: using governor menu
[    0.604387] Freeing SMP alternatives memory: 60K
[    0.607461] efi: Freeing EFI boot services memory: 44748K
[    0.608191] acpiphp: ACPI Hot Plug PCI Controller Driver version: 0.5
[    0.609431] PCI: ECAM [mem 0xe0000000-0xefffffff] (base 0xe0000000) for domain 0000 [bus 00-ff]
[    0.610205] PCI: Using configuration type 1 for base access
[    0.611303] virt/tdx: TDX not supported by the host platform
[    0.612254] kprobes: kprobe jump-optimization is enabled. All kprobes are optimized if possible.
[    0.613496] HugeTLB: registered 1.00 GiB page size, pre-allocated 0 pages
[    0.614191] HugeTLB: 16380 KiB vmemmap can be freed for a 1.00 GiB page
[    0.615190] HugeTLB: registered 2.00 MiB page size, pre-allocated 0 pages
[    0.616194] HugeTLB: 28 KiB vmemmap can be freed for a 2.00 MiB page
[    0.621151] raid6: skipped pq benchmark and selected avx512x4
[    0.621189] raid6: using avx512x2 recovery algorithm
[    0.622313] fbcon: Taking over console
[    0.623229] ACPI: Added _OSI(Module Device)
[    0.623231] ACPI: Added _OSI(Processor Device)
[    0.623232] ACPI: Added _OSI(Processor Aggregator Device)
[    0.626181] ACPI: 1 ACPI AML tables successfully acquired and loaded
[    0.630262] ACPI: \_SB_: platform _OSC: OS support mask [006e7eff]
[    0.631422] ACPI: Interpreter enabled
[    0.632202] ACPI: PM: (supports S0 S3 S4 S5)
[    0.633189] ACPI: Using IOAPIC for interrupt routing
[    0.634385] PCI: Using host bridge windows from ACPI; if necessary, use "pci=nocrs" and report a bug
[    0.635190] PCI: Ignoring E820 reservations for host bridge windows
[    0.636335] ACPI: Enabled 2 GPEs in block 00 to 3F
[    0.641190] ACPI: PCI Root Bridge [PCI0] (domain 0000 [bus 00-ff])
[    0.642194] acpi PNP0A08:00: _OSC: OS supports [ExtendedConfig ASPM ClockPM Segments MSI EDR HPX-Type3]
[    0.643259] acpi PNP0A08:00: _OSC: platform does not support [PCIeHotplug LTR DPC]
[    0.644301] acpi PNP0A08:00: _OSC: OS now controls [SHPCHotplug PME AER PCIeCapability]
[    0.645510] PCI host bridge to bus 0000:00
[    0.646193] pci_bus 0000:00: root bus resource [io  0x0000-0x0cf7 window]
[    0.647190] pci_bus 0000:00: root bus resource [io  0x0d00-0xffff window]
[    0.648190] pci_bus 0000:00: root bus resource [mem 0x000a0000-0x000bffff window]
[    0.649190] pci_bus 0000:00: root bus resource [mem 0x80000000-0xdfffffff window]
[    0.650190] pci_bus 0000:00: root bus resource [mem 0xf0000000-0xfebfffff window]
[    0.651190] pci_bus 0000:00: root bus resource [mem 0x380000000000-0x3807ffffffff window]
[    0.652191] pci_bus 0000:00: root bus resource [bus 00-ff]
[    0.653289] pci 0000:00:00.0: [8086:29c0] type 00 class 0x060000 conventional PCI endpoint
[    0.655308] pci 0000:00:01.0: [1af4:1000] type 00 class 0x020000 conventional PCI endpoint
[    0.658086] pci 0000:00:01.0: BAR 0 [io  0x60e0-0x60ff]
[    0.658204] pci 0000:00:01.0: BAR 1 [mem 0x80845000-0x80845fff]
[    0.659258] pci 0000:00:01.0: BAR 4 [mem 0x380000000000-0x380000003fff 64bit pref]
[    0.660214] pci 0000:00:01.0: ROM [mem 0xfffc0000-0xffffffff pref]
[    0.662621] pci 0000:00:02.0: [1af4:1050] type 00 class 0x030000 conventional PCI endpoint
[    0.665276] pci 0000:00:02.0: BAR 0 [mem 0x80000000-0x807fffff pref]
[    0.666258] pci 0000:00:02.0: BAR 2 [mem 0x380000004000-0x380000007fff 64bit pref]
[    0.667212] pci 0000:00:02.0: BAR 4 [mem 0x80844000-0x80844fff]
[    0.668221] pci 0000:00:02.0: ROM [mem 0xffff0000-0xffffffff pref]
[    0.669417] pci 0000:00:02.0: Video device with shadowed ROM at [mem 0x000c0000-0x000dffff]
[    0.671948] pci 0000:00:03.0: [1af4:1052] type 00 class 0x098000 conventional PCI endpoint
[    0.673230] pci 0000:00:03.0: BAR 1 [mem 0x80843000-0x80843fff]
[    0.674244] pci 0000:00:03.0: BAR 4 [mem 0x380000008000-0x38000000bfff 64bit pref]
[    0.676444] pci 0000:00:04.0: [1af4:1052] type 00 class 0x090000 conventional PCI endpoint
[    0.679228] pci 0000:00:04.0: BAR 1 [mem 0x80842000-0x80842fff]
[    0.680244] pci 0000:00:04.0: BAR 4 [mem 0x38000000c000-0x38000000ffff 64bit pref]
[    0.682420] pci 0000:00:05.0: [1af4:1001] type 00 class 0x010000 conventional PCI endpoint
[    0.685411] pci 0000:00:05.0: BAR 0 [io  0x6000-0x607f]
[    0.686208] pci 0000:00:05.0: BAR 1 [mem 0x80841000-0x80841fff]
[    0.687256] pci 0000:00:05.0: BAR 4 [mem 0x380000010000-0x380000013fff 64bit pref]
[    0.689809] pci 0000:00:1f.0: [8086:2918] type 00 class 0x060100 conventional PCI endpoint
[    0.690836] pci 0000:00:1f.0: quirk: [io  0x0600-0x067f] claimed by ICH6 ACPI/GPIO/TCO
[    0.691649] pci 0000:00:1f.2: [8086:2922] type 00 class 0x010601 conventional PCI endpoint
[    0.693253] pci 0000:00:1f.2: BAR 4 [io  0x60c0-0x60df]
[    0.694204] pci 0000:00:1f.2: BAR 5 [mem 0x80840000-0x80840fff]
[    0.695838] pci 0000:00:1f.3: [8086:2930] type 00 class 0x0c0500 conventional PCI endpoint
[    0.696769] pci 0000:00:1f.3: BAR 4 [io  0x6080-0x60bf]
[    0.700748] ACPI: PCI: Interrupt link LNKA configured for IRQ 10
[    0.701341] ACPI: PCI: Interrupt link LNKB configured for IRQ 10
[    0.702334] ACPI: PCI: Interrupt link LNKC configured for IRQ 11
[    0.703335] ACPI: PCI: Interrupt link LNKD configured for IRQ 11
[    0.704334] ACPI: PCI: Interrupt link LNKE configured for IRQ 10
[    0.705332] ACPI: PCI: Interrupt link LNKF configured for IRQ 10
[    0.706333] ACPI: PCI: Interrupt link LNKG configured for IRQ 11
[    0.707329] ACPI: PCI: Interrupt link LNKH configured for IRQ 11
[    0.708245] ACPI: PCI: Interrupt link GSIA configured for IRQ 16
[    0.709208] ACPI: PCI: Interrupt link GSIB configured for IRQ 17
[    0.710204] ACPI: PCI: Interrupt link GSIC configured for IRQ 18
[    0.711204] ACPI: PCI: Interrupt link GSID configured for IRQ 19
[    0.712204] ACPI: PCI: Interrupt link GSIE configured for IRQ 20
[    0.713204] ACPI: PCI: Interrupt link GSIF configured for IRQ 21
[    0.714208] ACPI: PCI: Interrupt link GSIG configured for IRQ 22
[    0.715208] ACPI: PCI: Interrupt link GSIH configured for IRQ 23
[    0.717573] iommu: Default domain type: Translated
[    0.718190] iommu: DMA domain TLB invalidation policy: lazy mode
[    0.720290] SCSI subsystem initialized
[    0.721287] ACPI: bus type USB registered
[    0.722245] usbcore: registered new interface driver usbfs
[    0.723217] usbcore: registered new interface driver hub
[    0.724203] usbcore: registered new device driver usb
[    0.725250] pps_core: LinuxPPS API ver. 1 registered
[    0.726189] pps_core: Software ver. 5.3.6 - Copyright 2005-2007 Rodolfo Giometti <giometti@linux.it>
[    0.727198] PTP clock support registered
[    0.728239] EDAC MC: Ver: 3.0.0
[    0.729492] efivars: Registered efivars operations
[    0.730815] NetLabel: Initializing
[    0.731190] NetLabel:  domain hash size = 128
[    0.732188] NetLabel:  protocols = UNLABELED CIPSOv4 CALIPSO
[    0.733237] NetLabel:  unlabeled traffic allowed by default
[    0.734200] mctp: management component transport protocol core
[    0.735193] NET: Registered PF_MCTP protocol family
[    0.736222] PCI: Using ACPI for IRQ routing
[    0.845952] e820: register RAM buffer resource [mem 0x0080b000-0x008fffff]
[    0.846320] e820: register RAM buffer resource [mem 0x00812000-0x008fffff]
[    0.847197] e820: register RAM buffer resource [mem 0x00814000-0x008fffff]
[    0.848190] e820: register RAM buffer resource [mem 0x7defa000-0x7fffffff]
[    0.849192] e820: register RAM buffer resource [mem 0x7df06000-0x7fffffff]
[    0.850190] e820: register RAM buffer resource [mem 0x7f8ed000-0x7fffffff]
[    0.851190] e820: register RAM buffer resource [mem 0x7ff20000-0x7fffffff]
[    0.852453] pci 0000:00:02.0: vgaarb: setting as boot VGA device
[    0.853181] pci 0000:00:02.0: vgaarb: bridge control possible
[    0.853181] pci 0000:00:02.0: vgaarb: VGA device added: decodes=io+mem,owns=io+mem,locks=none
[    0.853194] vgaarb: loaded
[    0.854495] hpet0: at MMIO 0xfed00000, IRQs 2, 8, 0
[    0.855189] hpet0: 3 comparators, 64-bit 100.000000 MHz counter
[    0.859375] clocksource: Switched to clocksource kvm-clock
[    0.861595] VFS: Disk quotas dquot_6.6.0
[    0.862824] VFS: Dquot-cache hash table entries: 512 (order 0, 4096 bytes)
[    0.865333] acpi PNP0C01:00: Reserved [mem 0xe0000000-0xefffffff]
[    0.867226] pnp: PnP ACPI init
[    0.868819] pnp: PnP ACPI: found 4 devices
[    0.877357] clocksource: acpi_pm: mask: 0xffffff max_cycles: 0xffffff, max_idle_ns: 2085701024 ns
[    0.880099] NET: Registered PF_INET protocol family
[    0.882092] IP idents hash table entries: 131072 (order: 8, 1048576 bytes, linear)
[    0.903999] tcp_listen_portaddr_hash hash table entries: 4096 (order: 4, 65536 bytes, linear)
[    0.906553] Table-perturb hash table entries: 65536 (order: 6, 262144 bytes, linear)
[    0.908897] TCP established hash table entries: 65536 (order: 7, 524288 bytes, linear)
[    0.911318] TCP bind hash table entries: 65536 (order: 9, 2097152 bytes, linear)
[    0.913598] TCP: Hash tables configured (established 65536 bind 65536)
[    0.915672] MPTCP token hash table entries: 8192 (order: 6, 196608 bytes, linear)
[    0.917954] UDP hash table entries: 4096 (order: 6, 262144 bytes, linear)
[    0.920111] NET: Registered PF_UNIX/PF_LOCAL protocol family
[    0.921835] NET: Registered PF_XDP protocol family
[    0.923273] pci 0000:00:01.0: ROM [mem 0xfffc0000-0xffffffff pref]: can't claim; no compatible bridge window
[    0.926186] pci 0000:00:01.0: ROM [mem 0x80800000-0x8083ffff pref]: assigned
[    0.928287] pci_bus 0000:00: resource 4 [io  0x0000-0x0cf7 window]
[    0.930142] pci_bus 0000:00: resource 5 [io  0x0d00-0xffff window]
[    0.932103] pci_bus 0000:00: resource 6 [mem 0x000a0000-0x000bffff window]
[    0.934272] pci_bus 0000:00: resource 7 [mem 0x80000000-0xdfffffff window]
[    0.936401] pci_bus 0000:00: resource 8 [mem 0xf0000000-0xfebfffff window]
[    0.938595] pci_bus 0000:00: resource 9 [mem 0x380000000000-0x3807ffffffff window]
[    0.941179] PCI: CLS 0 bytes, default 64
[    0.942531] PCI-DMA: Using software bounce buffering for IO (SWIOTLB)
[    0.942668] Trying to unpack rootfs image as initramfs...
[    0.944589] software IO TLB: mapped [mem 0x0000000077e7e000-0x000000007be7e000] (64MB)
[    0.949194] clocksource: tsc: mask: 0xffffffffffffffff max_cycles: 0x3b195b6e39b, max_idle_ns: 440795394037 ns
[    0.957384] Initialise system trusted keyrings
[    0.958782] Key type blacklist registered
[    0.960162] workingset: timestamp_bits=36 (anon: 32) max_order=21 bucket_order=0 (anon: 0)
[    0.964603] integrity: Platform Keyring initialized
[    0.966189] integrity: Machine keyring initialized
[    0.967857] cryptd: max_cpu_qlen set to 1000
[    0.977850] NET: Registered PF_ALG protocol family
[    0.979459] Key type asymmetric registered
[    0.980727] Asymmetric key parser 'x509' registered
[    0.982871] Block layer SCSI generic (bsg) driver version 0.4 loaded (major 244)
[    0.985260] io scheduler mq-deadline registered
[    0.986683] io scheduler kyber registered
[    0.987922] io scheduler bfq registered
[    0.990290] atomic64_test: passed for x86-64 platform with CX8 and with SSE
[    0.992713] input: Power Button as /devices/platform/LNXPWRBN:00/input/input0
[    0.995126] ACPI: button: Power Button [PWRF]
[    0.998446] ACPI: \_SB_.GSIF: Enabled at IRQ 21
[    1.001550] ACPI: \_SB_.GSIG: Enabled at IRQ 22
[    1.005030] ACPI: \_SB_.GSIH: Enabled at IRQ 23
[    1.007972] ACPI: \_SB_.GSIE: Enabled at IRQ 20
[    1.012608] Serial: 8250/16550 driver, 32 ports, IRQ sharing enabled
[    1.014950] 00:03: ttyS0 at I/O 0x3f8 (irq = 4, base_baud = 115200) is a 16550A
[    1.020579] Non-volatile memory driver v1.3
[    1.022236] ACPI: bus type drm_connector registered
[    1.026195] virtio_blk virtio4: 8/0/0 default/read/poll queues
[    1.032137] virtio_blk virtio4: [vda] 134217728 512-byte logical blocks (68.7 GB/64.0 GiB)
[    1.036435]  vda: vda1 vda2 vda3
[    1.038606] ACPI: \_SB_.GSIA: Enabled at IRQ 16
[    1.041141] ahci 0000:00:1f.2: AHCI vers 0001.0000, 32 command slots, 1.5 Gbps, SATA mode
[    1.043579] ahci 0000:00:1f.2: 6/6 ports implemented (port mask 0x3f)
[    1.045528] ahci 0000:00:1f.2: flags: 64bit ncq only 
[    1.050495] scsi host0: ahci
[    1.051918] scsi host1: ahci
[    1.053345] scsi host2: ahci
[    1.054509] scsi host3: ahci
[    1.055628] scsi host4: ahci
[    1.056760] scsi host5: ahci
[    1.057732] ata1: SATA max UDMA/133 abar m4096@0x80840000 port 0x80840100 irq 33 lpm-pol 1
[    1.060319] ata2: SATA max UDMA/133 abar m4096@0x80840000 port 0x80840180 irq 33 lpm-pol 1
[    1.062832] ata3: SATA max UDMA/133 abar m4096@0x80840000 port 0x80840200 irq 33 lpm-pol 1
[    1.065338] ata4: SATA max UDMA/133 abar m4096@0x80840000 port 0x80840280 irq 33 lpm-pol 1
[    1.067834] ata5: SATA max UDMA/133 abar m4096@0x80840000 port 0x80840300 irq 33 lpm-pol 1
[    1.070322] ata6: SATA max UDMA/133 abar m4096@0x80840000 port 0x80840380 irq 33 lpm-pol 1
[    1.073225] CAN device driver interface
[    1.075008] usbcore: registered new interface driver usbserial_generic
[    1.077022] usbserial: USB Serial support registered for generic
[    1.078931] i8042: PNP: PS/2 Controller [PNP0303:KBD,PNP0f13:MOU] at 0x60,0x64 irq 1,12
[    1.082407] serio: i8042 KBD port at 0x60,0x64 irq 1
[    1.083965] serio: i8042 AUX port at 0x60,0x64 irq 12
[    1.085645] mousedev: PS/2 mouse device common for all mice
[    1.087580] rtc_cmos PNP0B00:00: RTC can wake from S4
[    1.089891] rtc_cmos PNP0B00:00: registered as rtc0
[    1.091520] rtc_cmos PNP0B00:00: setting system clock to 2026-07-20T17:06:38 UTC (1784567198)
[    1.094251] rtc_cmos PNP0B00:00: alarms up to one day, y3k, 242 bytes nvram
[    1.096504] device-mapper: core: CONFIG_IMA_DISABLE_HTABLE is disabled. Duplicate IMA measurements will not be recorded in the IMA log.
[    1.100506] device-mapper: uevent: version 1.0.3
[    1.100737] input: AT Translated Set 2 keyboard as /devices/platform/i8042/serio0/input/input1
[    1.102436] device-mapper: ioctl: 4.50.0-ioctl (2025-04-28) initialised: dm-devel@lists.linux.dev
[    1.107911] amd_pstate: The CPPC feature is supported but currently disabled by the BIOS.
[    1.107911] Please enable it if your BIOS has the CPPC option.
[    1.109440] input: VirtualPS/2 VMware VMMouse as /devices/platform/i8042/serio1/input/input4
[    1.112482] amd_pstate: the _CPC object is not present in SBIOS or ACPI disabled
[    1.116010] input: VirtualPS/2 VMware VMMouse as /devices/platform/i8042/serio1/input/input3
[    1.118193] simple-framebuffer simple-framebuffer.0: [drm] Registered 1 planes with drm panic
[    1.122638] [drm] Initialized simpledrm 1.0.0 for simple-framebuffer.0 on minor 0
[    1.130273] Console: switching to colour frame buffer device 160x50
[    1.132810] simple-framebuffer simple-framebuffer.0: [drm] fb0: simpledrmdrmfb frame buffer device
[    1.135637] hid: raw HID events driver (C) Jiri Kosina
[    1.137261] usbcore: registered new interface driver usbhid
[    1.139098] usbhid: USB HID core driver
[    1.140547] drop_monitor: Initializing network drop monitor service
[    1.142729] Initializing XFRM netlink socket
[    1.144479] NET: Registered PF_INET6 protocol family
[    1.146902] Segment Routing with IPv6
[    1.148315] RPL Segment Routing with IPv6
[    1.149560] In-situ OAM (IOAM) with IPv6
[    1.150911] mip6: Mobile IPv6
[    1.152165] NET: Registered PF_PACKET protocol family
[    1.153741] can: controller area network core
[    1.155187] NET: Registered PF_CAN protocol family
[    1.158437] IPI shorthand broadcast: enabled
[    1.163452] sched_clock: Marking stable (810002994, 353115444)->(1377275048, -214156610)
[    1.166512] registered taskstats version 1
[    1.171567] Loading compiled-in X.509 certificates
[    1.180230] Loaded X.509 cert 'Build time autogenerated kernel key: ee71fdbd84a1e7d51c52f7049642deb14d1904d3'
[    1.192740] Demotion targets for Node 0: null
[    1.194215] page_owner is disabled
[    1.195458] Key type .fscrypt registered
[    1.196704] Key type fscrypt-provisioning registered
[    1.199017] Btrfs loaded, zoned=yes, fsverity=yes
[    1.200522] Key type big_key registered
[    1.202433] Key type encrypted registered
[    1.203885] ima: No TPM chip found, activating TPM-bypass!
[    1.205956] Loading compiled-in module X.509 certificates
[    1.208329] Loaded X.509 cert 'Build time autogenerated kernel key: ee71fdbd84a1e7d51c52f7049642deb14d1904d3'
[    1.212595] ima: Allocated hash algorithm: sha256
[    1.214718] ima: No architecture policies found
[    1.216497] evm: Initialising EVM extended attributes:
[    1.218456] evm: security.selinux
[    1.219670] evm: security.SMACK64 (disabled)
[    1.221265] evm: security.SMACK64EXEC (disabled)
[    1.222860] evm: security.SMACK64TRANSMUTE (disabled)
[    1.224663] evm: security.SMACK64MMAP (disabled)
[    1.226297] evm: security.apparmor
[    1.227729] evm: security.ima
[    1.228811] evm: security.capability
[    1.230206] evm: HMAC attrs: 0x1
[    1.232828] alg: No test for 842 (842-scomp)
[    1.241581] PM:   Magic number: 2:378:138
[    1.243400] RAS: Correctable Errors collector initialized.
[    1.245927] clk: Disabling unused clocks
[    1.247300] PM: genpd: Disabling unused power domains
[    1.380003] ata5: SATA link down (SStatus 0 SControl 300)
[    1.382137] ata3: SATA link up 1.5 Gbps (SStatus 113 SControl 300)
[    1.384540] ata2: SATA link down (SStatus 0 SControl 300)
[    1.386763] ata4: SATA link down (SStatus 0 SControl 300)
[    1.388902] ata1: SATA link down (SStatus 0 SControl 300)
[    1.390782] ata3.00: ATAPI: QEMU DVD-ROM, 2.5+, max UDMA/100
[    1.392724] ata3.00: applying bridge limits
[    1.394759] ata6: SATA link down (SStatus 0 SControl 300)
[    1.396916] ata3.00: configured for UDMA/100
[    1.398935] scsi 2:0:0:0: CD-ROM            QEMU     QEMU DVD-ROM     2.5+ PQ: 0 ANSI: 5
[    1.423543] sr 2:0:0:0: [sr0] scsi3-mmc drive: 4x/4x cd/rw xa/form2 tray
[    1.442380] cdrom: Uniform CD-ROM driver Revision: 3.20
[    1.456875] sr 2:0:0:0: Attached scsi generic sg0 type 5
[    1.856662] Freeing initrd memory: 246088K
[    1.861254] Freeing unused decrypted memory: 2028K
[    1.865582] Freeing unused kernel image (initmem) memory: 5300K
[    1.867389] Write protecting the kernel read-only data: 45056k
[    1.869487] Freeing unused kernel image (text/rodata gap) memory: 204K
[    1.872387] Freeing unused kernel image (rodata/data gap) memory: 1728K
[    1.913672] x86/mm: Checked W+X mappings: passed, no W+X pages found.
[    1.915429] Run /init as init process
P+q6E616D65\[    2.266046] fuse: init (API version 7.45)
[    2.279567] systemd[1]: Successfully made /usr/ read-only.
[6n[32766;32766H[6n[!p]104\[0m[?7h[1G[0J[    2.616600] systemd[1]: systemd 259.7-1.fc44 running in system mode (+PAM +AUDIT +SELINUX -APPARMOR +IMA +IPE +SMACK +SECCOMP -GCRYPT +GNUTLS +OPENSSL +ACL +BLKID +CURL +ELFUTILS +FIDO2 +IDN2 -IDN +KMOD +LIBCRYPTSETUP +LIBCRYPTSETUP_PLUGINS +LIBFDISK +PCRE2 +PWQUALITY +P11KIT +QRENCODE +TPM2 +BZIP2 +LZ4 +XZ +ZLIB +ZSTD +BPF_FRAMEWORK +BTF +XKBCOMMON +UTMP +SYSVINIT +LIBARCHIVE)
[    2.625948] systemd[1]: Detected virtualization kvm.
[    2.627683] systemd[1]: Detected architecture x86-64.
[    2.629385] systemd[1]: Running in initrd.
[0;1;39mBooting initrd of [0m[0;38;2;138;43;226mBazzite dracut-108-7.fc44 (Initramfs)[0m[0;1;39m.[0m
[    2.634601] systemd[1]: Initializing machine ID from random generator.
[    2.636856] systemd[1]: No hostname configured, using default hostname.
[    2.638811] systemd[1]: Hostname set to <bazzite>.
]3008;start=fa7bbf9e3d024192baecd6833af189d8;user=root;hostname=bazzite;machineid=646ff26e5c244383a25cf92b753b59e7;bootid=279c1d91a8fe415580b51544b6ea687d;pid=1;pidfdid=1;comm=systemd;type=boot\[    2.732514] systemd[1]: bpf-restrict-fs: LSM BPF program attached
[    2.787708] systemd[1]: /usr/lib/systemd/system/systemd-udevd.service:56: System call bpf cannot be resolved as libseccomp is not available, ignoring: Operation not supported
[    2.806352] systemd[1]: Queued start job for default target initrd.target.
[    2.817968] systemd[1]: Expecting device dev-disk-by\x2duuid-16d6e9ea\x2d19b9\x2d4095\x2d9bf1\x2d4c3c4973c5b8.device - /dev/disk/by-uuid/16d6e9ea-19b9-4095-9bf1-4c3c4973c5b8...
         Expecting device [0;1;39mdev-disk-by\x2duu…[0me9ea-19b9-4095-9bf1-4c3c4973c5b8...
[    2.824478] systemd[1]: Reached target initrd-usr-fs.target - Initrd /usr File System.
[[0;32m  OK  [0m] Reached target [0;1;39minitrd-usr-fs.target[0m - Initrd /usr File System.
[    2.829578] systemd[1]: Reached target slices.target - Slice Units.
[[0;32m  OK  [0m] Reached target [0;1;39mslices.target[0m - Slice Units.
[    2.833737] systemd[1]: Reached target swap.target - Swaps.
[[0;32m  OK  [0m] Reached target [0;1;39mswap.target[0m - Swaps.
[    2.837256] systemd[1]: Reached target timers.target - Timer Units.
[[0;32m  OK  [0m] Reached target [0;1;39mtimers.target[0m - Timer Units.
[    2.841355] systemd[1]: Listening on pcscd.socket - PC/SC Smart Card Daemon Activation Socket (Dracut).
[[0;32m  OK  [0m] Listening on [0;1;39mpcscd.socket[0m - PC/SC … Daemon Activation Socket (Dracut).
[    2.846623] systemd[1]: Listening on systemd-journald-dev-log.socket - Journal Socket (/dev/log).
[[0;32m  OK  [0m] Listening on [0;1;39msystemd-journald-dev-…socket[0m - Journal Socket (/dev/log).
[    2.852204] systemd[1]: Listening on systemd-journald.socket - Journal Sockets.
[[0;32m  OK  [0m] Listening on [0;1;39msystemd-journald.socket[0m - Journal Sockets.
[    2.856617] systemd[1]: Listening on systemd-udevd-control.socket - udev Control Socket.
[[0;32m  OK  [0m] Listening on [0;1;39msystemd-udevd-control.socket[0m - udev Control Socket.
[    2.861428] systemd[1]: Listening on systemd-udevd-kernel.socket - udev Kernel Socket.
[[0;32m  OK  [0m] Listening on [0;1;39msystemd-udevd-kernel.socket[0m - udev Kernel Socket.
[    2.866040] systemd[1]: Reached target sockets.target - Socket Units.
[[0;32m  OK  [0m] Reached target [0;1;39msockets.target[0m - Socket Units.
[    2.871272] systemd[1]: Starting kmod-static-nodes.service - Create List of Static Device Nodes...
         Starting [0;1;39mkmod-static-nodes.service[0m…eate List of Static Device Nodes...
[    2.875987] systemd[1]: memstrack.service - Memstrack Anylazing Service skipped, no trigger condition checks were met.
[    2.885606] systemd[1]: Starting systemd-journald.service - Journal Service...
         Starting [0;1;39msystemd-journald.service[0m - Journal Service...
[    2.890369] systemd[1]: Starting systemd-modules-load.service - Load Kernel Modules...
         Starting [0;1;39msystemd-modules-load.service[0m - Load Kernel Modules...
[    2.894676] systemd[1]: systemd-pcrphase-initrd.service - TPM PCR Barrier (initrd) skipped, unmet condition check ConditionSecurity=measured-uki
[    2.895401] systemd-journald[249]: Collecting audit messages is disabled.
[    2.898574] systemd[1]: Starting systemd-vconsole-setup.service - Virtual Console Setup...
         Starting [0;1;39msystemd-vconsole-setup.service[0m - Virtual Console Setup...
[    2.904856] Asymmetric key parser 'pkcs8' registered
[    2.904949] i2c_dev: i2c /dev entries driver
[    2.908036] hid_fanatec: loading out-of-tree module taints kernel.
[    2.908044] hid_tmff_new: loading out-of-tree module taints kernel.
[    2.908461] systemd[1]: Finished kmod-static-nodes.service - Create List of Static Device Nodes.
[    2.909575] gcadapter_oc: loading out-of-tree module taints kernel.
[    2.909585] hid_fanatec: module verification failed: signature and/or required key missing - tainting kernel
[[0;32m  OK  [0m] Finished [0;1;39mkmod-static-nodes.service[0m…Create List of Static Device Nodes.
[    2.922815] kvmfr: creating 0 static devices
[    2.924125] usbcore: registered new interface driver system76-io
[    2.924447] kvmfr: kvmfr_module_init: module loaded
[    2.926084] systemd[1]: Starting systemd-tmpfiles-setup-dev-early.service - Create Static Device Nodes in /dev gracefully...
[    2.930503] mc: Linux media interface: v0.10
         Starting [0;1;39msystemd-tmpfiles-setu[    2.932868] systemd[1]: Started systemd-journald.service - Journal Service.
p-de…[0m Device Nodes in /dev gracefully...
[[0;32m  OK  [0m] Started [0;1;39msystemd-journald.service[0m - Journal Service.
[[0;32m  OK  [0m] Finished [0;1;39msystemd-tmpfiles-setup-de…[0mic Device Nodes in /dev gracefully.
         Starting [0;1;39msystemd-tmpfiles-setup-de…[0meate [    2.939060] system76: Model does not utilize this driver
Static Device No[    2.948921] videodev: Linux video capture interface: v2.00
des in /dev...
[[0;32m  OK  [0m] Finished [0;1;39msystemd-vconsole-setup.service[0m - Virtual Console Setup.
         Starting [0;1;39mdracut-cmdline-ask.servic…[0mor additional cmdline parameters...
[    2.966970] v4l2-loopback driver version 0.15.4 loaded
[[0;32m  OK  [0m] Finished [0;1;39msystemd-tmpfiles-setup-de…[0mCreate Static Device Nodes in /dev.
[[0;32m  OK  [0m] Reached target [0;1;39mlocal-fs-pre.target[0m…Preparation for Local File Systems.
[[0;32m  OK  [0m] Reached target [0;1;39mlocal-fs.target[0m - Local File Systems.
         Starting [0;1;39msystemd-tmpfiles-setup.se…[0mate System Files and Directories...
[[0;32m  OK  [0m] Finished [0;1;39msystemd-modules-load.service[0m - Load Kernel Modules.
         Starting [0;1;39msystemd-sysctl.service[0m - Apply Kernel Variables...
[[0;32m  OK  [0m] Finished [0;1;39mdracut-cmdline-ask.servic…[0m for additional cmdline parameters.
[[0;32m  OK  [0m] Finished [0;1;39msystemd-tmpfiles-setup.se…[0mreate System Files and Directories.
         Starting [0;1;39mdracut-cmdline.service[0m - dracut cmdline hook...
[[0;32m  OK  [0m] Finished [0;1;39msystemd-sysctl.service[0m - Apply Kernel Variables.
[[0;32m  OK  [0m] Finished [0;1;39mdracut-cmdline.service[0m - dracut cmdline hook.
         Starting [0;1;39mdracut-pre-udev.service[0m - dracut pre-udev hook...
[    3.112148] VFIO - User Level meta-driver version: 0.3
[[0;32m  OK  [0m] Finished [0;1;39mdracut-pre-udev.service[0m - dracut pre-udev hook.
         Starting [0;1;39msystemd-udevd.service[0m - R…ager for Device Events and Files...
[[0;32m  OK  [0m] Started [0;1;39msystemd-udevd.service[0m - Ru…anager for Device Events and Files.
         Starting [0;1;39mdracut-pre-trigger.service[0m - dracut pre-trigger hook...
[[0;32m  OK  [0m] Finished [0;1;39mdracut-pre-trigger.service[0m - dracut pre-trigger hook.
         Starting [0;1;39msystemd-udev-trigger.service[0m - Coldplug All udev Devices...
[[0;32m  OK  [0m] Finished [0;1;39msystemd-udev-trigger.service[0m - Coldplug All udev Devices.
         Starting [0;1;39mdracut-initqueue.service[0m - dracut initqueue hook...
         Starting [0;1;39mplymouth-start.service[0m - Show Plymouth Boot Screen...
[[0;32m  OK  [0m] Created slice [0;1;39msystem-modprobe.slice[0m - Slice /system/modprobe.
[[0;32m  OK  [0m] Started [0;1;39mplymouth-start.service[0m - Show Plymouth Boot Screen.
[[0;32m  OK  [0m] Started [0;1;39msystemd-ask-password-plymo…[0mquests to Plymouth Directory Watch.
[[0;32m  OK  [0m] Reached target [0;1;39mcryptsetup.target[0m - Local Encrypted Volumes.
[[0;32m  OK  [0m] Reached target [0;1;39mpaths.target[0m - Path Units.
[[0;32m  OK  [0m] Found device [0;1;39mdev-disk-by\x2duuid-1…[0md6e9ea-19b9-4095-9bf1-4c3c4973c5b8.
[[0;32m  OK  [0m] Reached target [0;1;39minitrd-root-device.target[0m - Initrd Root Device.
[0;21;39m[drm] pci: virtio-vga detected at 0000:00:02.0[0m
[[0;32m  OK  [0m] Stopped [0;1;39msystemd-vconsole-setup.service[0m - Virtual Console Setup.
         Stopping [0;1;39msystemd-vconsole-setup.service[0m - Virtual Console Setup...
         Starting [0;1;39msystemd-vconsole-setup.service[0m - Virtual Console Setup...
[[0;32m  OK  [0m] Stopped [0;1;39msystemd-vconsole-setup.service[0m - Virtual Console Setup.
         Starting [0;1;39msystemd-vconsole-setup.service[0m - Virtual Console Setup...
[0;21;39mConsole: switching to colour dummy device 80x25[0m
[0;21;39mvirtio-pci 0000:00:02.0: vgaarb: deactivate vga console[0m
[0;21;39m[drm] features: -virgl +edid -resource_blob -host_visible[0m
[0;21;39m[drm] features: -context_init[0m
[0;21;39m[drm] number of scanouts: 1[0m
[0;21;39m[drm] number of cap sets: 0[0m
[0;21;39mvirtio-pci 0000:00:02.0: [drm] Registered 1 planes with drm panic[0m
[0;21;39m[drm] Initialized virtio_gpu 0.1.0 for 0000:00:02.0 on minor 1[0m
[0;21;39mfbcon: virtio_gpudrmfb (fb0) is primary device[0m
[0;21;39mConsole: switching to colour frame buffer device 160x50[0m
[0;21;39mvirtio-pci 0000:00:02.0: [drm] fb0: virtio_gpudrmfb frame buffer device[0m
[[0;32m  OK  [0m] Stopped [0;1;39msystemd-vconsole-setup.service[0m - Virtual Console Setup.
         Starting [0;1;39msystemd-vconsole-setup.service[0m - Virtual Console Setup...
[[0;32m  OK  [0m] Finished [0;1;39mdracut-initqueue.service[0m - dracut initqueue hook.
[[0;32m  OK  [0m] Reached target [0;1;39mremote-fs-pre.targe…[0mreparation for Remote File Systems.
[[0;32m  OK  [0m] Reached target [0;1;39mremote-cryptsetup.target[0m - Remote Encrypted Volumes.
[[0;32m  OK  [0m] Reached target [0;1;39mremote-fs.target[0m - Remote File Systems.
         Starting [0;1;39mdracut-pre-mount.service[0m - dracut pre-mount hook...
[[0;32m  OK  [0m] Finished [0;1;39mdracut-pre-mount.service[0m - dracut pre-mount hook.
         Starting [0;1;39msystemd-fsck-root.service[0m…e9ea-19b9-4095-9bf1-4c3c4973c5b8...
[[0;32m  OK  [0m] Finished [0;1;39msystemd-fsck-root.service[0m…d6e9ea-19b9-4095-9bf1-4c3c4973c5b8.
[[0;32m  OK  [0m] Finished [0;1;39msystemd-vconsole-setup.service[0m - Virtual Console Setup.
         Mounting [0;1;39msys-kernel-config.mount[0m - Kernel Configuration File System...
         Mounting [0;1;39msysroot.mount[0m - /sysroot...
[[0;32m  OK  [0m] Mounted [0;1;39msys-kernel-config.mount[0m - Kernel Configuration File System.
[[0;32m  OK  [0m] Reached target [0;1;39msysinit.target[0m - System Initialization.
[[0;32m  OK  [0m] Reached target [0;1;39mbasic.target[0m - Basic System.
[0;21;39mBTRFS: device label fedora_bazzite-labwc-test devid 1 transid 338 /dev/vda3 (253:3) scanned by mount (558)[0m
[0;21;39mBTRFS info (device vda3): first mount of filesystem 16d6e9ea-19b9-4095-9bf1-4c3c4973c5b8[0m
[0;21;39mBTRFS info (device vda3): using crc32c checksum algorithm[0m
[0;21;39mBTRFS info (device vda3): turning on async discard[0m
[0;21;39mBTRFS info (device vda3): enabling free space tree[0m
[[0;32m  OK  [0m] Mounted [0;1;39msysroot.mount[0m - /sysroot.
         Starting [0;1;39mostree-prepare-root.service[0m - OSTree Prepare OS/...
[0;21;32mnetfs: FS-Cache loaded[0m
[0;21;39merofs (device erofs): mounted with root inode @ nid 36.[0m
[[0;32m  OK  [0m] Finished [0;1;39mostree-prepare-root.service[0m - OSTree Prepare OS/.
[[0;32m  OK  [0m] Reached target [0;1;39minitrd-root-fs.target[0m - Initrd Root File System.
         Starting [0;1;39minitrd-parse-etc.service[0m …ints Configured in the Real Root...
[[0;32m  OK  [0m] Finished [0;1;39minitrd-parse-etc.service[0m …points Configured in the Real Root.
[[0;32m  OK  [0m] Reached target [0;1;39minitrd-fs.target[0m - Initrd File Systems.
[[0;32m  OK  [0m] Reached target [0;1;39minitrd.target[0m - Initrd Default Target.
         Starting [0;1;39mdracut-pre-pivot.service[0m …racut pre-pivot and cleanup hook...
[[0;32m  OK  [0m] Finished [0;1;39mdracut-pre-pivot.service[0m - dracut pre-pivot and cleanup hook.
         Starting [0;1;39minitrd-cleanup.service[0m - …ing Up and Shutting Down Daemons...
[[0;32m  OK  [0m] Stopped target [0;1;39mremote-cryptsetup.target[0m - Remote Encrypted Volumes.
[[0;32m  OK  [0m] Stopped target [0;1;39mtimers.target[0m - Timer Units.
[[0;32m  OK  [0m] Closed [0;1;39mpcscd.socket[0m - PC/SC Smart … Daemon Activation Socket (Dracut).
[[0;32m  OK  [0m] Stopped [0;1;39mdracut-pre-pivot.service[0m - dracut pre-pivot and cleanup hook.
[[0;32m  OK  [0m] Stopped target [0;1;39minitrd.target[0m - Initrd Default Target.
[[0;32m  OK  [0m] Stopped target [0;1;39mbasic.target[0m - Basic System.
[[0;32m  OK  [0m] Stopped target [0;1;39minitrd-root-device.target[0m - Initrd Root Device.
[[0;32m  OK  [0m] Stopped target [0;1;39minitrd-usr-fs.target[0m - Initrd /usr File System.
[[0;32m  OK  [0m] Stopped target [0;1;39mpaths.target[0m - Path Units.
[[0;32m  OK  [0m] Stopped target [0;1;39mremote-fs.target[0m - Remote File Systems.
[[0;32m  OK  [0m] Stopped target [0;1;39mremote-fs-pre.targe…[0mreparation for Remote File Systems.
[[0;32m  OK  [0m] Stopped target [0;1;39mslices.target[0m - Slice Units.
[[0;32m  OK  [0m] Stopped target [0;1;39msockets.target[0m - Socket Units.
[[0;32m  OK  [0m] Stopped target [0;1;39msysinit.target[0m - System Initialization.
[[0;32m  OK  [0m] Stopped target [0;1;39mswap.target[0m - Swaps.
[[0;32m  OK  [0m] Stopped [0;1;39mdracut-pre-mount.service[0m - dracut pre-mount hook.
[[0;32m  OK  [0m] Stopped target [0;1;39mcryptsetup.target[0m - Local Encrypted Volumes.
[[0;32m  OK  [0m] Stopped [0;1;39mdracut-initqueue.service[0m - dracut initqueue hook.
         Starting [0;1;39mplymouth-switch-root.serv…e[0m - Plymouth switch root service...
[[0;32m  OK  [0m] Stopped [0;1;39msystemd-sysctl.service[0m - Apply Kernel Variables.
[[0;32m  OK  [0m] Stopped [0;1;39msystemd-modules-load.service[0m - Load Kernel Modules.
[[0;32m  OK  [0m] Stopped [0;1;39msystemd-tmpfiles-setup.ser…[0mreate System Files and Directories.
[[0;32m  OK  [0m] Stopped target [0;1;39mlocal-fs.target[0m - Local File Systems.
[[0;32m  OK  [0m] Stopped target [0;1;39mlocal-fs-pre.target[0m…Preparation for Local File Systems.
[[0;32m  OK  [0m] Stopped [0;1;39msystemd-udev-trigger.service[0m - Coldplug All udev Devices.
[[0;32m  OK  [0m] Stopped [0;1;39mdracut-pre-trigger.service[0m - dracut pre-trigger hook.
         Stopping [0;1;39msystemd-udevd.service[0m - R…ager for Device Events and Files...
[[0;32m  OK  [0m] Finished [0;1;39minitrd-cleanup.service[0m - …aning Up and Shutting Down Daemons.
[[0;32m  OK  [0m] Stopped [0;1;39msystemd-udevd.service[0m - Ru…anager for Device Events and Files.
[[0;32m  OK  [0m] Closed [0;1;39msystemd-udevd-control.socket[0m - udev Control Socket.
[[0;32m  OK  [0m] Stopped [0;1;39mdracut-pre-udev.service[0m - dracut pre-udev hook.
[[0;32m  OK  [0m] Stopped [0;1;39mdracut-cmdline.service[0m - dracut cmdline hook.
[[0;32m  OK  [0m] Stopped [0;1;39mdracut-cmdline-ask.service[0m… for additional cmdline parameters.
         Starting [0;1;39minitrd-udevadm-cleanup-db.service[0m - Cleanup udev Database...
[[0;32m  OK  [0m] Stopped [0;1;39msystemd-tmpfiles-setup-dev…[0mCreate Static Device Nodes in /dev.
[[0;32m  OK  [0m] Stopped [0;1;39msystemd-tmpfiles-setup-dev…[0mic Device Nodes in /dev gracefully.
[[0;32m  OK  [0m] Stopped [0;1;39mkmod-static-nodes.service[0m …Create List of Static Device Nodes.
[[0;32m  OK  [0m] Finished [0;1;39mplymouth-switch-root.service[0m - Plymouth switch root service.
[[0;32m  OK  [0m] Finished [0;1;39minitrd-udevadm-cleanup-db.service[0m - Cleanup udev Database.
[[0;32m  OK  [0m] Reached target [0;1;39minitrd-switch-root.target[0m - Switch Root.
         Starting [0;1;39minitrd-switch-root.service[0m - Switch Root...
[0;21;39msystemd-journald[249]: Received SIGTERM from PID 1 (systemd).[0m
[0;21;32maudit: type=1404 audit(1784567201.723:2): enforcing=1 old_enforcing=0 auid=4294967295 ses=4294967295 enabled=1 old-enabled=1 lsm=selinux res=1[0m
[0;21;39mSELinux:  Permission firmware_load in class system not defined in policy.[0m
[0;21;39mSELinux:  Permission kexec_image_load in class system not defined in policy.[0m
[0;21;39mSELinux:  Permission kexec_initramfs_load in class system not defined in policy.[0m
[0;21;39mSELinux:  Permission policy_load in class system not defined in policy.[0m
[0;21;39mSELinux:  Permission x509_certificate_load in class system not defined in policy.[0m
[0;21;39mSELinux:  Permission map_create_as in class bpf not defined in policy.[0m
[0;21;39mSELinux:  Permission prog_load_as in class bpf not defined in policy.[0m
[0;21;39mSELinux:  Permission allowed in class io_uring not defined in policy.[0m
[0;21;39mSELinux:  Class memfd_file not defined in policy.[0m
[0;21;39mSELinux: the above unknown classes and permissions will be allowed[0m
[0;21;39mSELinux:  policy capability network_peer_controls=1[0m
[0;21;39mSELinux:  policy capability open_perms=1[0m
[0;21;39mSELinux:  policy capability extended_socket_class=1[0m
[0;21;39mSELinux:  policy capability always_check_network=0[0m
[0;21;39mSELinux:  policy capability cgroup_seclabel=1[0m
[0;21;39mSELinux:  policy capability nnp_nosuid_transition=1[0m
[0;21;39mSELinux:  policy capability genfs_seclabel_symlinks=1[0m
[0;21;39mSELinux:  policy capability ioctl_skip_cloexec=0[0m
[0;21;39mSELinux:  policy capability userspace_initial_context=0[0m
[0;21;39mSELinux:  policy capability netlink_xperm=0[0m
[0;21;39mSELinux:  policy capability netif_wildcard=0[0m
[0;21;39mSELinux:  policy capability genfs_seclabel_wildcard=0[0m
[0;21;39mSELinux:  policy capability functionfs_seclabel=0[0m
[0;21;39mSELinux:  policy capability memfd_class=0[0m
[0;21;39mSELinux:  policy capability bpf_token_perms=0[0m
[0;21;32maudit: type=1403 audit(1784567201.832:3): auid=4294967295 ses=4294967295 lsm=selinux res=1[0m
[0;21;39msystemd[1]: Successfully loaded SELinux policy in 110.084ms.[0m
P+q6E616D65\[0;21;39mNET: Registered PF_VSOCK protocol family[0m
[0;21;39msystemd[1]: Relabeled /dev/, /dev/shm/, /run/ in 13.989ms.[0m
[6n[32766;32766H[6n[!p]104\[0m[?7h[1G[0J[0;21;39msystemd[1]: systemd 259.7-1.fc44 running in system mode (+PAM +AUDIT +SELINUX -APPARMOR +IMA +IPE +SMACK +SECCOMP -GCRYPT +GNUTLS +OPENSSL +ACL +BLKID +CURL +ELFUTILS +FIDO2 +IDN2 -IDN +KMOD +LIBCRYPTSETUP +LIBCRYPTSETUP_PLUGINS +LIBFDISK +PCRE2 +PWQUALITY +P11KIT +QRENCODE +TPM2 +BZIP2 +LZ4 +XZ +ZLIB +ZSTD +BPF_FRAMEWORK +BTF +XKBCOMMON +UTMP +SYSVINIT +LIBARCHIVE)[0m
[0;21;39msystemd[1]: Detected virtualization kvm.[0m
[0;21;39msystemd[1]: Detected architecture x86-64.[0m

[0;1;39mWelcome to [0m[0;38;2;138;43;226mBazzite[0m[0;1;39m![0m

]3008;start=8fa9962d8a424b0dbc6195c55b826649;user=root;hostname=bazzite-labwc-test;machineid=d9cf3528b7854471b0750c19885ae066;bootid=279c1d91a8fe415580b51544b6ea687d;pid=1;pidfdid=1;comm=systemd;type=boot\[0;21;39msystemd[1]: Hostname set to <bazzite-labwc-test>.[0m
[0;21;39msystemd[1]: bpf-restrict-fs: LSM BPF program attached[0m
[0;21;39mzram: Added device: zram0[0m
[0;21;39msystemd[1]: initrd-switch-root.service: Deactivated successfully.[0m
[0;21;39msystemd[1]: Stopped initrd-switch-root.service - Switch Root.[0m
[[0;32m  OK  [0m] Stopped [0;1;39minitrd-switch-root.service[0m - Switch Root.
[[0;32m  OK  [0m] Created slice [0;1;39msystem-getty.slice[0m - Slice /system/getty.
[[0;32m  OK  [0m] Created slice [0;1;39msystem-serial\x2dget…slice[0m - Slice /system/serial-getty.
[[0;32m  OK  [0m] Created slice [0;1;39msystem-sshd\x2dkeygen.slice[0m - Slice /system/sshd-keygen.
[0;21;39msystemd[1]: systemd-journald.service: Scheduled restart job, restart counter is at 1.[0m
[[0;32m  OK  [0m] Created slice [0;1;39msystem-systemd\x2dfs…slice[0m - Slice /system/systemd-fsck.
[[0;32m  OK  [0m] Created slice [0;1;39msystem-systemd\x2dzr…[0m- Slice /system/systemd-zram-setup.
[[0;32m  OK  [0m] Created slice [0;1;39muser.slice[0m - User and Session Slice.
[[0;32m  OK  [0m] Started [0;1;39msystemd-ask-password-wall.…[0md Requests to Wall Directory Watch.
[[0;32m  OK  [0m] Set up automount [0;1;39mproc-sys-fs-binfm…[0mormats File System Automount Point.
         Expecting device [0;1;39mdev-disk-by\x2duu…[0me9ea-19b9-4095-9bf1-4c3c4973c5b8...
         Expecting device [0;1;39mdev-disk-by\x2duu…[0m5235-8f1f-4409-a05b-b2704a0cb280...
         Expecting device [0;1;39mdev-disk-by\x2duu…ce[0m - /dev/disk/by-uuid/9704-D569...
         Expecting device [0;1;39mdev-ttyS0.device[0m - /dev/ttyS0...
         Expecting device [0;1;39mdev-zram0.device[0m - /dev/zram0...
[[0;32m  OK  [0m] Reached target [0;1;39mimports.target[0m - Image Downloads.
[[0;32m  OK  [0m] Stopped target [0;1;39minitrd-switch-root.target[0m - Switch Root.
[[0;32m  OK  [0m] Stopped target [0;1;39minitrd-fs.target[0m - Initrd File Systems.
[[0;32m  OK  [0m] Stopped target [0;1;39minitrd-root-fs.target[0m - Initrd Root File System.
[[0;32m  OK  [0m] Reached target [0;1;39mintegritysetup.targ…[0m Local Integrity Protected Volumes.
[[0;32m  OK  [0m] Reached target [0;1;39mslices.target[0m - Slice Units.
[[0;32m  OK  [0m] Reached target [0;1;39mveritysetup.target[0m - Local Verity Protected Volumes.
[[0;32m  OK  [0m] Listening on [0;1;39mdm-event.socket[0m - Device-mapper event daemon FIFOs.
[[0;32m  OK  [0m] Listening on [0;1;39mlvm2-lvmpolld.socket[0m - LVM2 poll daemon socket.
[[0;32m  OK  [0m] Listening on [0;1;39msystemd-ask-password.…[0m User Interactively for a Password.
[[0;32m  OK  [0m] Listening on [0;1;39msystemd-coredump.socket[0m - Process Core Dump Socket.
[0;21;39msystemd[1]: Created slice system-getty.slice - Slice /system/getty.[0m
[[0;32m  OK  [0m] Listening on [0;1;39msystemd-creds.socket[0m - Credential Encryption/Decryption.
[[0;32m  OK  [0m] Listening on [0;1;39msystemd-factory-reset.socket[0m - Factory Reset Management.
[[0;32m  OK  [0m] Listening on [0;1;39msystemd-journald-audit.socket[0m - Journal Audit Socket.
[[0;32m  OK  [0m] Listening on [0;1;39msystemd-mountfsd.socket[0m - DDI File System Mounter Socket.
[[0;32m  OK  [0m] Listening on [0;1;39msystemd-mute-console.…[0mnsole Output Muting Service Socket.
[[0;32m  OK  [0m] Listening on [0;1;39msystemd-nsresourced.s…[0m Namespace Resource Manager Socket.
[[0;32m  OK  [0m] Listening on [0;1;39msystemd-oomd.socket[0m -… Out-Of-Memory (OOM) Killer Socket.
[[0;32m  OK  [0m] Listening on [0;1;39msystemd-repart.socket[0m…Disk Repartitioning Service Socket.
[[0;32m  OK  [0m] Listening on [0;1;39msystemd-resolved-moni…t[0m - Resolve Monitor Varlink Socket.
[[0;32m  OK  [0m] Listening on [0;1;39msystemd-resolved-varl…t[0m - Resolve Service Varlink Socket.
[[0;32m  OK  [0m] Listening on [0;1;39msystemd-udevd-control.socket[0m - udev Control Socket.
[[0;32m  OK  [0m] Listening on [0;1;39msystemd-udevd-varlink.socket[0m - udev Varlink Socket.
[[0;32m  OK  [0m] Listening on [0;1;39msystemd-userdbd.socket[0m - User Database Manager Socket.
         Mounting [0;1;39mdev-hugepages.mount[0m - Huge Pages File System...
         Mounting [0;1;39mdev-mqueue.mount[0m - POSIX Message Queue File System...
         Mounting [0;1;39msys-kernel-debug.mount[0m - Kernel Debug File System...
         Mounting [0;1;39msys-kernel-tracing.mount[0m - Kernel Trace File System...
         Starting [0;1;39mkmod-static-nodes.service[0m…eate List of Static Device Nodes...
         Starting [0;1;39mlvm2-monitor.service[0m - Mo…ing dmeventd or progress polling...
         Mounting [0;1;39msys-fs-fuse-connections.mount[0m - FUSE Control File System...
[[0;32m  OK  [0m] Stopped [0;1;39mostree-prepare-root.service[0m - OSTree Prepare OS/.
[[0;32m  OK  [0m] Stopped [0;1;39mplymouth-switch-root.service[0m - Plymouth switch root service.
[[0;32m  OK  [0m] Stopped [0;1;39msystemd-fsck-root.service[0m - File System Check on Root Device.
         Starting [0;1;39msystemd-journald.service[0m - Journal Service...
         Starting [0;1;39msystemd-modules-load.service[0m - Load Kernel Modules...
         Starting [0;1;39msystemd-network-generator…[0mk Units from Kernel Command Line...
         Starting [0;1;39msystemd-udev-load-credent…[0mLoad udev Rules from Credentials...
         Starting [0;1;39msystemd-udev-trigger.service[0m - Coldplug All udev Devices...
[[0;32m  OK  [0m] Mounted [0;1;39mdev-hugepages.mount[0m - Huge Pages File System.
[[0;32m  OK  [0m] Mounted [0;1;39mdev-mqueue.mount[0m - POSIX Message Queue File System.
[[0;32m  OK  [0m] Mounted [0;1;39msys-kernel-debug.mount[0m - Kernel Debug File System.
[[0;32m  OK  [0m] Mounted [0;1;39msys-kernel-tracing.mount[0m - Kernel Trace File System.
[[0;32m  OK  [0m] Finished [0;1;39mkmod-static-nodes.service[0m…Create List of Static Device Nodes.
[[0;32m  OK  [0m] Mounted [0;1;39msys-fs-fuse-connections.mount[0m - FUSE Control File System.
         Starting [0;1;39msystemd-tmpfiles-setup-de…[0m Device Nodes in /dev gracefully...
[[0;32m  OK  [0m] Finished [0;1;39msystemd-network-generator…[0mork Units from Kernel Command Line.
[[0;32m  OK  [0m] Finished [0;1;39msystemd-udev-load-credent…[0m- Load udev Rules from Credentials.
[0;21;39msystemd[1]: Created slice system-serial\x2dgetty.slice - Slice /system/serial-getty.[0m
[0;21;39msystemd[1]: Created slice system-sshd\x2dkeygen.slice - Slice /system/sshd-keygen.[0m
[0;21;39msystemd[1]: Created slice system-systemd\x2dfsck.slice - Slice /system/systemd-fsck.[0m
[0;21;39msystemd[1]: Created slice system-systemd\x2dzram\x2dsetup.slice - Slice /system/systemd-zram-setup.[0m
[0;21;39msystemd[1]: Created slice user.slice - User and Session Slice.[0m
[0;21;39msystemd[1]: systemd-ask-password-console.path - Dispatch Password Requests to Console Directory Watch skipped, unmet condition check ConditionPathExists=!/run/plymouth/pid[0m
[0;21;39msystemd[1]: Started systemd-ask-password-wall.path - Forward Password Requests to Wall Directory Watch.[0m
[0;21;39msystemd[1]: Set up automount proc-sys-fs-binfmt_misc.automount - Arbitrary Executable File Formats File System Automount Point.[0m
[0;21;39msystemd[1]: Expecting device dev-disk-by\x2duuid-16d6e9ea\x2d19b9\x2d4095\x2d9bf1\x2d4c3c4973c5b8.device - /dev/disk/by-uuid/16d6e9ea-19b9-4095-9bf1-4c3c4973c5b8...[0m
[0;21;39msystemd[1]: Expecting device dev-disk-by\x2duuid-7fdf5235\x2d8f1f\x2d4409\x2da05b\x2db2704a0cb280.device - /dev/disk/by-uuid/7fdf5235-8f1f-4409-a05b-b2704a0cb280...[0m
[0;21;39msystemd[1]: Expecting device dev-disk-by\x2duuid-9704\x2dD569.device - /dev/disk/by-uuid/9704-D569...[0m
[0;21;39msystemd[1]: Expecting device dev-ttyS0.device - /dev/ttyS0...[0m
[0;21;39msystemd[1]: Expecting device dev-zram0.device - /dev/zram0...[0m
[0;21;39msystemd[1]: Reached target imports.target - Image Downloads.[0m
[0;21;39msystemd[1]: Stopped target initrd-switch-root.target - Switch Root.[0m
[0;21;39msystemd[1]: Stopped target initrd-fs.target - Initrd File Systems.[0m
[0;21;39msystemd[1]: Stopped target initrd-root-fs.target - Initrd Root File System.[0m
[0;21;39msystemd[1]: Reached target integritysetup.target - Local Integrity Protected Volumes.[0m
[0;21;39msystemd[1]: Reached target slices.target - Slice Units.[0m
[0;21;39msystemd[1]: Reached target veritysetup.target - Local Verity Protected Volumes.[0m
[0;21;39msystemd[1]: Listening on dm-event.socket - Device-mapper event daemon FIFOs.[0m
[0;21;39msystemd[1]: Listening on lvm2-lvmpolld.socket - LVM2 poll daemon socket.[0m
[0;21;39msystemd[1]: Listening on systemd-ask-password.socket - Query the User Interactively for a Password.[0m
[0;21;39msystemd[1]: Listening on systemd-coredump.socket - Process Core Dump Socket.[0m
[0;21;39msystemd[1]: Listening on systemd-creds.socket - Credential Encryption/Decryption.[0m
[0;21;39msystemd[1]: Listening on systemd-factory-reset.socket - Factory Reset Management.[0m
[0;21;39msystemd[1]: Listening on systemd-journald-audit.socket - Journal Audit Socket.[0m
[0;21;39msystemd[1]: Listening on systemd-mountfsd.socket - DDI File System Mounter Socket.[0m
[0;21;39msystemd[1]: Listening on systemd-mute-console.socket - Console Output Muting Service Socket.[0m
[0;21;39msystemd[1]: Listening on systemd-nsresourced.socket - Namespace Resource Manager Socket.[0m
[0;21;39msystemd[1]: Listening on systemd-oomd.socket - Userspace Out-Of-Memory (OOM) Killer Socket.[0m
[0;21;39msystemd[1]: systemd-pcrextend.socket - TPM PCR Measurements skipped, unmet condition check ConditionSecurity=measured-uki[0m
[0;21;39msystemd[1]: systemd-pcrlock.socket - Make TPM PCR Policy skipped, unmet condition check ConditionSecurity=measured-uki[0m
[0;21;39msystemd[1]: Listening on systemd-repart.socket - Disk Repartitioning Service Socket.[0m
[0;21;39msystemd[1]: Listening on systemd-resolved-monitor.socket - Resolve Monitor Varlink Socket.[0m
[0;21;39msystemd[1]: Listening on systemd-resolved-varlink.socket - Resolve Service Varlink Socket.[0m
[0;21;39msystemd[1]: Listening on systemd-udevd-control.socket - udev Control Socket.[0m
[0;21;39msystemd[1]: Listening on systemd-udevd-varlink.socket - udev Varlink Socket.[0m
[0;21;39msystemd[1]: Listening on systemd-userdbd.socket - User Database Manager Socket.[0m
[0;21;39msystemd[1]: Mounting dev-hugepages.mount - Huge Pages File System...[0m
[0;21;39msystemd[1]: dev-hugepages1G.mount - 1GB Huge Pages File System skipped, unmet condition check ConditionKernelCommandLine=hugepagesz=1G[0m
[0;21;39msystemd[1]: Mounting dev-mqueue.mount - POSIX Message Queue File System...[0m
[0;21;39msystemd[1]: Mounting sys-kernel-debug.mount - Kernel Debug File System...[0m
[0;21;39msystemd[1]: Mounting sys-kernel-tracing.mount - Kernel Trace File System...[0m
[0;21;39msystemd[1]: auth-rpcgss-module.service - Kernel Module supporting RPCSEC_GSS skipped, unmet condition check ConditionPathExists=/etc/krb5.keytab[0m
[0;21;39msystemd[1]: fips-crypto-policy-overlay.service - Bind-mount FIPS crypto-policy in FIPS mode skipped, unmet condition check ConditionKernelCommandLine=fips=1[0m
[0;21;39msystemd[1]: Starting kmod-static-nodes.service - Create List of Static Device Nodes...[0m
[0;21;39msystemd[1]: Starting lvm2-monitor.service - Monitoring of LVM2 mirrors, snapshots etc. using dmeventd or progress polling...[0m
[0;21;39msystemd[1]: modprobe@configfs.service - Load Kernel Module configfs skipped, unmet condition check ConditionKernelModuleLoaded=!configfs[0m
[0;21;39msystemd[1]: modprobe@drm.service - Load Kernel Module drm skipped, unmet condition check ConditionKernelModuleLoaded=!drm[0m
[0;21;39msystemd[1]: modprobe@efi_pstore.service - Load Kernel Module efi_pstore skipped, unmet condition check ConditionKernelModuleLoaded=!efi_pstore[0m
[0;21;39msystemd[1]: modprobe@fuse.service - Load Kernel Module fuse skipped, unmet condition check ConditionKernelModuleLoaded=!fuse[0m
[0;21;39msystemd[1]: Mounting sys-fs-fuse-connections.mount - FUSE Control File System...[0m
[0;21;39msystemd[1]: ostree-prepare-root.service: Deactivated successfully.[0m
[0;21;39msystemd[1]: Stopped ostree-prepare-root.service - OSTree Prepare OS/.[0m
[0;21;39msystemd[1]: plymouth-switch-root.service: Deactivated successfully.[0m
[0;21;39msystemd[1]: Stopped plymouth-switch-root.service - Plymouth switch root service.[0m
[0;21;39msystemd[1]: systemd-boot-clear-sysfail.service - Clear SysFail Entry If The Boot Is Successful skipped, unmet condition check ConditionPathExists=/sys/firmware/efi/efivars/LoaderEntrySysFail-4a67b082-0a4c-41cf-b6c7-440b29bb8c4f[0m
[0;21;39msystemd[1]: systemd-fsck-root.service: Deactivated successfully.[0m
[0;21;39msystemd[1]: Stopped systemd-fsck-root.service - File System Check on Root Device.[0m
[[0;32m  OK  [0m] Started [0;1;39msystemd-journald.service[0m - Journal Service.
[0;21;39msystemd[1]: systemd-hibernate-clear.service - Clear Stale Hibernate Storage Info skipped, unmet condition check ConditionPathExists=/sys/firmware/efi/efivars/HibernateLocation-8cf2644b-4b0b-428f-9387-6d876050dc67[0m
[0;21;39msystemd[1]: systemd-hwdb-update.service - Rebuild Hardware Database skipped, unmet condition check ConditionNeedsUpdate=/etc[0m
[0;21;39msystemd[1]: Starting systemd-journald.service - Journal Service...[0m
[0;21;39msystemd[1]: Starting systemd-modules-load.service - Load Kernel Modules...[0m
[0;21;39msystemd[1]: Starting systemd-network-generator.service - Generate Network Units from Kernel Command Line...[0m
[0;21;39msystemd[1]: systemd-pcrmachine.service - TPM PCR Machine ID Measurement skipped, unmet condition check ConditionSecurity=measured-uki[0m
[0;21;39msystemd[1]: systemd-tpm2-setup-early.service - Early TPM SRK Setup skipped, unmet condition check ConditionSecurity=measured-uki[0m
[0;21;39msystemd[1]: Starting systemd-udev-load-credentials.service - Load udev Rules from Credentials...[0m
[0;21;39msystemd[1]: Starting systemd-udev-trigger.service - Coldplug All udev Devices...[0m
[0;21;39msystemd[1]: Mounted dev-hugepages.mount - Huge Pages File System.[0m
[0;21;39msystemd[1]: Mounted dev-mqueue.mount - POSIX Message Queue File System.[0m
[0;21;39msystemd[1]: Mounted sys-kernel-debug.mount - Kernel Debug File System.[0m
[0;21;39msystemd[1]: Mounted sys-kernel-tracing.mount - Kernel Trace File System.[0m
[0;21;39msystemd[1]: Finished kmod-static-nodes.service - Create List of Static Device Nodes.[0m
[0;21;39msystemd[1]: Mounted sys-fs-fuse-connections.mount - FUSE Control File System.[0m
[0;21;39msystemd[1]: Starting systemd-tmpfiles-setup-dev-early.service - Create Static Device Nodes in /dev gracefully...[0m
[0;21;39msystemd[1]: Finished systemd-network-generator.service - Generate Network Units from Kernel Command Line.[0m
[0;21;39msystemd[1]: Finished systemd-udev-load-credentials.service - Load udev Rules from Credentials.[0m
[0;21;39msystem76: Model does not utilize this driver[0m
[0;21;39msystemd-journald[669]: Collecting audit messages is enabled.[0m
[0;21;39msystemd[1]: Started systemd-journald.service - Journal Service.[0m
[0;21;32maudit: type=1130 audit(1784567203.570:4): pid=1 uid=0 auid=4294967295 ses=4294967295 subj=system_u:system_r:init_t:s0 msg='unit=systemd-journald comm="systemd" exe="/usr/lib/systemd/systemd" hostname=? addr=? terminal=? res=success'[0m
[[0;32m  OK  [0m] Finished [0;1;39msystemd-udev-trigger.service[0m - Coldplug All udev Devices.
[0;21;32maudit: type=1130 audit(1784567203.667:5): pid=1 uid=0 auid=4294967295 ses=4294967295 subj=system_u:system_r:init_t:s0 msg='unit=systemd-udev-trigger comm="systemd" exe="/usr/lib/systemd/systemd" hostname=? addr=? terminal=? res=success'[0m
         Starting [0;1;39mmodprobe@tun.service[0m - Load Kernel Module tun...
[0;21;32maudit: type=1334 audit(1784567203.676:6): prog-id=48 op=LOAD[0m
[0;21;32maudit: type=1334 audit(1784567203.676:7): prog-id=49 op=LOAD[0m
         Starting [0;1;39msystemd-userdbd.service[0m - User Database Manager...
[0;21;32maudit: type=1334 audit(1784567203.676:8): prog-id=50 op=LOAD[0m
[[0;32m  OK  [0m] Finished [0;1;39mlvm2-monitor.service[0m - Mo…using dmeventd or progress polling.
[0;21;32maudit: type=1130 audit(1784567203.692:9): pid=1 uid=0 auid=4294967295 ses=4294967295 subj=system_u:system_r:init_t:s0 msg='unit=lvm2-monitor comm="systemd" exe="/usr/lib/systemd/systemd" hostname=? addr=? terminal=? res=success'[0m
[0;21;39mtun: Universal TUN/TAP device driver, 1.6[0m
[0;21;32maudit: type=1130 audit(1784567203.701:10): pid=1 uid=0 auid=4294967295 ses=4294967295 subj=system_u:system_r:init_t:s0 msg='unit=systemd-modules-load comm="systemd" exe="/usr/lib/systemd/systemd" hostname=? addr=? terminal=? res=success'[0m
[[0;32m  OK  [0m] Finished [0;1;39msystemd-modules-load.service[0m - Load Kernel Modules.
[[0;32m  OK  [0m] Finished [0;1;39mmodprobe@tun.service[0m - Load Kernel Module tun.
[0;21;32maudit: type=1130 audit(1784567203.702:11): pid=1 uid=0 auid=4294967295 ses=4294967295 subj=system_u:system_r:init_t:s0 msg='unit=modprobe@tun comm="systemd" exe="/usr/lib/systemd/systemd" hostname=? addr=? terminal=? res=success'[0m
[0;21;32maudit: type=1131 audit(1784567203.702:12): pid=1 uid=0 auid=4294967295 ses=4294967295 subj=system_u:system_r:init_t:s0 msg='unit=modprobe@tun comm="systemd" exe="/usr/lib/systemd/systemd" hostname=? addr=? terminal=? res=success'[0m
         Starting [0;1;39msystemd-nsresourced.service[0m - Namespace Resource Manager...
         Starting [0;1;39msystemd-sysctl.service[0m - Apply Kernel Variables...
[0;21;32maudit: type=1334 audit(1784567203.726:13): prog-id=51 op=LOAD[0m
[[0;32m  OK  [0m] Started [0;1;39msystemd-userdbd.service[0m - User Database Manager.
[[0;32m  OK  [0m] Finished [0;1;39msystemd-sysctl.service[0m - Apply Kernel Variables.
[[0;32m  OK  [0m] Started [0;1;39msystemd-nsresourced.service[0m - Namespace Resource Manager.
[[0;32m  OK  [0m] Finished [0;1;39msystemd-tmpfiles-setup-de…[0mic Device Nodes in /dev gracefully.
         Starting [0;1;39msystemd-resolved.service[0m - Network Name Resolution...
         Starting [0;1;39msystemd-tmpfiles-setup-de…[0meate Static Device Nodes in /dev...
[[0;32m  OK  [0m] Finished [0;1;39msystemd-tmpfiles-setup-de…[0mCreate Static Device Nodes in /dev.
[[0;32m  OK  [0m] Reached target [0;1;39mlocal-fs-pre.target[0m…Preparation for Local File Systems.
         Starting [0;1;39msystemd-udevd.service[0m - R…ager for Device Events and Files...
[[0;32m  OK  [0m] Started [0;1;39msystemd-resolved.service[0m - Network Name Resolution.
[[0;32m  OK  [0m] Reached target [0;1;39mnss-lookup.target[0m - Host and Network Name Lookups.
[[0;32m  OK  [0m] Started [0;1;39msystemd-udevd.service[0m - Ru…anager for Device Events and Files.
[[0;32m  OK  [0m] Found device [0;1;39mdev-zram0.device[0m - /dev/zram0.
         Starting [0;1;39msystemd-zram-setup@zram0.…vice[0m - Create swap on /dev/zram0...
[0;21;39mzram0: detected capacity change from 0 to 8110080[0m
[[0;32m  OK  [0m] Finished [0;1;39msystemd-zram-setup@zram0.service[0m - Create swap on /dev/zram0.
         Activating swap [0;1;39mdev-zram0.swap[0m - Compressed Swap on /dev/zram0...
[0;21;39mAdding 4055036k swap on /dev/zram0.  Priority:100 extents:1 across:4055036k SSDsc[0m
[[0;32m  OK  [0m] Activated swap [0;1;39mdev-zram0.swap[0m - Compressed Swap on /dev/zram0.
[[0;32m  OK  [0m] Reached target [0;1;39mswap.target[0m - Swaps.
         Starting [0;1;39msystemd-oomd.service[0m - Us…space Out-Of-Memory (OOM) Killer...
         Starting [0;1;39msystemd-fsck@dev-disk-by\…[0m5235-8f1f-4409-a05b-b2704a0cb280...
[[0;32m  OK  [0m] Found device [0;1;39mdev-disk-by\x2duuid-1…[0md6e9ea-19b9-4095-9bf1-4c3c4973c5b8.
         Mounting [0;1;39mtmp.mount[0m - Temporary Directory /tmp...
         Mounting [0;1;39mvar.mount[0m - /var...
         Starting [0;1;39msystemd-fsck@dev-disk-by\…[0mk on /dev/disk/by-uuid/9704-D569...
[[0;32m  OK  [0m] Started [0;1;39msystemd-oomd.service[0m - Userspace Out-Of-Memory (OOM) Killer.
[[0;32m  OK  [0m] Finished [0;1;39msystemd-fsck@dev-disk-by\…[0mdf5235-8f1f-4409-a05b-b2704a0cb280.
[[0;32m  OK  [0m] Mounted [0;1;39mtmp.mount[0m - Temporary Directory /tmp.
[[0;32m  OK  [0m] Mounted [0;1;39mvar.mount[0m - /var.
[0;21;32mlpc_ich 0000:00:1f.0: I/O space for GPIO uninitialized[0m
         Mounting [0;1;39mboot.mount[0m - /boot...
         Mounting [0;1;39mvar-home.mount[0m - /var/home...
[[0;32m  OK  [0m] Reached target [0;1;39mmachines.target[0m - Virtual Machines and Containers.
[[0;32m  OK  [0m] Listening on [0;1;39msystemd-importd.socke…[0mDisk Image Download Service Socket.
         Starting [0;1;39mostree-remount.service[0m - OSTree Remount OS/ Bind Mounts...
[[0;32m  OK  [0m] Reached target [0;1;39mcryptsetup.target[0m - Local Encrypted Volumes.
[[0;32m  OK  [0m] Mounted [0;1;39mvar-home.mount[0m - /var/home.
[[0;32m  OK  [0m] Finished [0;1;39mostree-remount.service[0m - OSTree Remount OS/ Bind Mounts.
[0;21;39mEXT4-fs (vda2): mounted filesystem 7fdf5235-8f1f-4409-a05b-b2704a0cb280 r/w with ordered data mode. Quota mode: none.[0m
[0;21;39minput: QEMU Virtio Tablet as /devices/pci0000:00/0000:00:03.0/virtio2/input/input5[0m
[0;21;39mi801_smbus 0000:00:1f.3: Enabling SMBus device[0m
[0;21;39mi801_smbus 0000:00:1f.3: SMBus using PCI interrupt[0m
         Starting [0;1;39msystemd-journal-flush.ser…[0msh Journal to Persistent Storage...
         Starting [0;1;39msystemd-random-seed.service[0m - Load/Save OS Random Seed...
[0;21;39mi2c i2c-0: Memory type 0x07 not supported yet, not instantiating SPD[0m
[[0;32m  OK  [0m] Finished [0;1;39msystemd-fsck@dev-disk-by\…[0meck on /dev/disk/by-uuid/9704-D569.
[0;21;39msystemd-journald[669]: Received client request to flush runtime journal.[0m
[0;21;39minput: QEMU Virtio Keyboard as /devices/pci0000:00/0000:00:04.0/virtio3/input/input6[0m
[[0;32m  OK  [0m] Mounted [0;1;39mboot.mount[0m - /boot.
[0;21;39minput: PC Speaker as /devices/platform/pcspkr/input/input7[0m
[[0;32m  OK  [0m] Finished [0;1;39msystemd-random-seed.service[0m - Load/Save OS Random Seed.
[0;21;39mparport_pc 00:02: reported by Plug and Play ACPI[0m
[0;21;39mparport0: PC-style at 0x378, irq 7 [PCSPP,TRISTATE][0m
[[0;32m  OK  [0m] Stopped [0;1;39msystemd-vconsole-setup.service[0m - Virtual Console Setup.
[0;21;39mvirtio_net virtio0 enp0s1: renamed from eth0[0m
         Stopping [0;1;39msystemd-vconsole-setup.service[0m - Virtual Console Setup...
[0;21;39mkvm_amd: TSC scaling supported[0m
         Starting [0;1;39msystemd-vconsole-setup.service[0m - Virtual Console Setup...
[0;21;39mkvm_amd: Nested Virtualization enabled[0m
[0;21;39mkvm_amd: Nested Paging enabled[0m
[0;21;39mkvm_amd: LBR virtualization supported[0m
[0;21;39mkvm_amd: Virtual GIF supported[0m
[0;21;39mkvm_amd: Virtual NMI enabled[0m
[0;21;39miTCO_wdt iTCO_wdt.1.auto: Found a ICH9 TCO device (Version=2, TCOBASE=0x0660)[0m
[0;21;39miTCO_wdt iTCO_wdt.1.auto: initialized. heartbeat=30 sec (nowayout=0)[0m
[0;21;39mppdev: user-space parallel port driver[0m
[[0;32m  OK  [0m] Finished [0;1;39msystemd-journal-flush.ser…[0mlush Journal to Persistent Storage.
[[0;32m  OK  [0m] Finished [0;1;39msystemd-vconsole-setup.service[0m - Virtual Console Setup.
         Mounting [0;1;39mboot-efi.mount[0m - /boot/efi...
[[0;32m  OK  [0m] Mounted [0;1;39mboot-efi.mount[0m - /boot/efi.
[[0;32m  OK  [0m] Reached target [0;1;39mlocal-fs.target[0m - Local File Systems.
[[0;32m  OK  [0m] Listening on [0;1;39msystemd-bootctl.socket[0m - Boot Entries Service Socket.
[[0;32m  OK  [0m] Listening on [0;1;39msystemd-sysext.socket[0m… System Extension Image Management.
         Starting [0;1;39mplymouth-read-write.servi…[0mymouth To Write Out Runtime Data...
         Starting [0;1;39msystemd-binfmt.service[0m - Set Up Additional Binary Formats...
         Starting [0;1;39msystemd-tmpfiles-setup.se…[0mate System Files and Directories...
         Starting [0;1;39msystemd-userdb-load-crede…[0mr/group Records from Credentials...
         Mounting [0;1;39mproc-sys-fs-binfmt_misc.m…[0mcutable File Formats File System...
[[0;32m  OK  [0m] Finished [0;1;39msystemd-userdb-load-crede…[0mser/group Records from Credentials.
[[0;32m  OK  [0m] Finished [0;1;39mplymouth-read-write.servi…[0mPlymouth To Write Out Runtime Data.
[[0;32m  OK  [0m] Mounted [0;1;39mproc-sys-fs-binfmt_misc.mo…[0mxecutable File Formats File System.
[[0;32m  OK  [0m] Finished [0;1;39msystemd-binfmt.service[0m - Set Up Additional Binary Formats.
[[0;32m  OK  [0m] Finished [0;1;39msystemd-tmpfiles-setup.se…[0mreate System Files and Directories.
         Starting [0;1;39mauditd.service[0m - Security Audit Logging Service...
[[0;32m  OK  [0m] Started [0;1;39mauditd.service[0m - Security Audit Logging Service.
         Starting [0;1;39maudit-rules.service[0m - Load Audit Rules...
         Starting [0;1;39msystemd-update-utmp.servi…[0mord System Boot/Shutdown in UTMP...
[[0;32m  OK  [0m] Finished [0;1;39msystemd-update-utmp.servi…[0mecord System Boot/Shutdown in UTMP.
[[0;32m  OK  [0m] Reached target [0;1;39msysinit.target[0m - System Initialization.
[[0;32m  OK  [0m] Started [0;1;39mbootc-status-updated.path[0m - Monitor bootc for status changes.
[[0;32m  OK  [0m] Started [0;1;39mcups.path[0m - CUPS Scheduler.
[[0;32m  OK  [0m] Created slice [0;1;39msystem-cups.slice[0m - CUPS Slice.
[[0;32m  OK  [0m] Started [0;1;39mlvm-devices-import.path[0m - …es-import to create system.devices.
[[0;32m  OK  [0m] Started [0;1;39mfstrim.timer[0m - Discard unused filesystem blocks once a week.
[[0;32m  OK  [0m] Started [0;1;39mlogrotate.timer[0m - Daily rotation of log files.
[[0;32m  OK  [0m] Started [0;1;39mraid-check.timer[0m - Weekly RAID setup health check.
[[0;32m  OK  [0m] Started [0;1;39mrpm-ostree-countme.timer[0m - Weekly rpm-ostree Count Me timer.
[[0;32m  OK  [0m] Started [0;1;39msystemd-tmpfiles-clean.tim…[0my Cleanup of Temporary Directories.
[[0;32m  OK  [0m] Started [0;1;39munbound-anchor.timer[0m - dai…f the root trust anchor for DNSSEC.
[[0;32m  OK  [0m] Started [0;1;39muupd.timer[0m - Auto Update System Timer For Universal Blue.
[[0;32m  OK  [0m] Reached target [0;1;39mbootc-status-update…[0m - Bootc status trigger state sync.
[[0;32m  OK  [0m] Reached target [0;1;39mpaths.target[0m - Path Units.
[[0;32m  OK  [0m] Reached target [0;1;39mtimers.target[0m - Timer Units.
[[0;32m  OK  [0m] Listening on [0;1;39mavahi-daemon.socket[0m -…DNS/DNS-SD Stack Activation Socket.
[[0;32m  OK  [0m] Listening on [0;1;39mcups.socket[0m - CUPS Scheduler.
[[0;32m  OK  [0m] Listening on [0;1;39mdbus.socket[0m - D-Bus System Message Bus Socket.
         Starting [0;1;39mpcscd.socket[0m - PC/SC Smart Card Daemon Activation Socket...
[[0;32m  OK  [0m] Listening on [0;1;39msshd-unix-local.socke…[0mtemd-ssh-generator, AF_UNIX Local).
         Starting [0;1;39msshd-vsock.socket[0m - OpenS…systemd-ssh-generator, AF_VSOCK)...
[[0;32m  OK  [0m] Listening on [0;1;39msssd-kcm.socket[0m - SSS…ros Cache Manager responder socket.
[[0;32m  OK  [0m] Listening on [0;1;39msystemd-hostnamed.socket[0m - Hostname Service Socket.
[[0;32m  OK  [0m] Listening on [0;1;39msystemd-logind-varlin…[0mer Login Management Varlink Socket.
[[0;32m  OK  [0m] Listening on [0;1;39msystemd-machined.sock…[0mtainer Registration Service Socket.
         Starting [0;1;39mdbus-broker.service[0m - D-Bus System Message Bus...
[[0;32m  OK  [0m] Finished [0;1;39maudit-rules.service[0m - Load Audit Rules.
[[0;32m  OK  [0m] Listening on [0;1;39msshd-vsock.socket[0m - O… (systemd-ssh-generator, AF_VSOCK).
[[0;32m  OK  [0m] Reached target [0;1;39mssh-access.target[0m - SSH Access Available.
[[0;32m  OK  [0m] Listening on [0;1;39mpcscd.socket[0m - PC/SC Smart Card Daemon Activation Socket.
[[0;32m  OK  [0m] Reached target [0;1;39msockets.target[0m - Socket Units.
[[0;32m  OK  [0m] Started [0;1;39mdbus-broker.service[0m - D-Bus System Message Bus.
[[0;32m  OK  [0m] Reached target [0;1;39mbasic.target[0m - Basic System.
         Starting [0;1;39mauthselect-apply-changes.…rvice[0m - Apply authselect changes...
         Starting [0;1;39mavahi-daemon.service[0m - Avahi mDNS/DNS-SD Stack...
         Starting [0;1;39mbootloader-update.service[0m - Update bootloader on boot...
         Starting [0;1;39mchronyd.service[0m - NTP client/server...
[[0;32m  OK  [0m] Started [0;1;39mdmemcg-booster-system.serv…[0ming foreground games, system-level.
         Starting [0;1;39mdracut-shutdown.service[0m -…store /run/initramfs on shutdown...
[[0;32m  OK  [0m] Started [0;1;39mds-inhibit.service[0m - DualShock 4/DualSense mouse inhibitor.
[[0;32m  OK  [0m] Started [0;1;39mfirewalld.service[0m - firewalld - dynamic firewall daemon.
[[0;32m  OK  [0m] Reached target [0;1;39mnetwork-pre.target[0m - Preparation for Network.
         Starting [0;1;39mNetworkManager.service[0m - Network Manager...
         Starting [0;1;39mfoomaticrip-upgrade.servi…[0mtalled printers for foomatic-rip...
         Starting [0;1;39minput-remapper.service[0m - …odes without the GUI application...
         Starting [0;1;39mlm_sensors.service[0m - Hardware Monitoring Sensors...
         Starting [0;1;39mlvm-devices-import.service[0m - Create lvm system.devices...
         Starting [0;1;39mpolkit.service[0m - Authorization Manager...
         Starting [0;1;39mrtkit-daemon.service[0m - Re…imeKit Scheduling Policy Service...
[[0;32m  OK  [0m] Reached target [0;1;39msshd-keygen.target[0m.
         Starting [0;1;39mswitcheroo-control.servic…[0mSwitcheroo Control Proxy service...
         Starting [0;1;39msystemd-homed.service[0m - Home Area Manager...
[[0;32m  OK  [0m] Started [0;1;39mublue-os-media-automount.s…ice[0m - Mount partitons automaticaly.
         Starting [0;1;39mudisks2.service[0m - Disk Manager...
         Starting [0;1;39mupower.service[0m - Daemon for power management...
         Starting [0;1;39mfedora-atomic-desktop-app…[0ms to refresh the appstream cache...
         Starting [0;1;39mfedora-atomic-desktop-man…[0mc Destkops to update mandb cache...
[[0;32m  OK  [0m] Finished [0;1;39mauthselect-apply-changes.service[0m - Apply authselect changes.
[[0;32m  OK  [0m] Finished [0;1;39mdracut-shutdown.service[0m - Restore /run/initramfs on shutdown.
[[0;32m  OK  [0m] Finished [0;1;39mfoomaticrip-upgrade.servi…[0mnstalled printers for foomatic-rip.
[[0;32m  OK  [0m] Finished [0;1;39mlvm-devices-import.service[0m - Create lvm system.devices.
[[0;32m  OK  [0m] Reached target [0;1;39mnss-user-lookup.target[0m - User and Group Name Lookups.
         Starting [0;1;39maccounts-daemon.service[0m - Accounts Service...
         Starting [0;1;39msystemd-logind.service[0m - User Login Management...
[[0;32m  OK  [0m] Finished [0;1;39mlm_sensors.service[0m - Hardware Monitoring Sensors.
[[0;32m  OK  [0m] Started [0;1;39mavahi-daemon.service[0m - Avahi mDNS/DNS-SD Stack.
[[0;32m  OK  [0m] Started [0;1;39msystemd-homed.service[0m - Home Area Manager.
[[0;32m  OK  [0m] Finished [0;1;39msystemd-homed-activate.service[0m - Home Area Activation.
[[0;32m  OK  [0m] Started [0;1;39mrtkit-daemon.service[0m - RealtimeKit Scheduling Policy Service.
         Starting [0;1;39msystemd-hostnamed.service[0m - Hostname Service...
[[0;32m  OK  [0m] Started [0;1;39mswitcheroo-control.service[0m - Switcheroo Control Proxy service.
[[0;32m  OK  [0m] Started [0;1;39msystemd-logind.service[0m - User Login Management.
[[0;32m  OK  [0m] Started [0;1;39mchronyd.service[0m - NTP client/server.
[[0;32m  OK  [0m] Started [0;1;39mpolkit.service[0m - Authorization Manager.
         Starting [0;1;39mModemManager.service[0m - Modem Manager...
[[0;32m  OK  [0m] Started [0;1;39msystemd-hostnamed.service[0m - Hostname Service.
[[0;32m  OK  [0m] Started [0;1;39maccounts-daemon.service[0m - Accounts Service.
[[0;32m  OK  [0m] Started [0;1;39mudisks2.service[0m - Disk Manager.
[[0;32m  OK  [0m] Listening on [0;1;39msystemd-rfkill.socket[0m…ll Switch Status /dev/rfkill Watch.
[[0;32m  OK  [0m] Started [0;1;39mNetworkManager.service[0m - Network Manager.
[[0;32m  OK  [0m] Reached target [0;1;39mnetwork.target[0m - Network.
         Starting [0;1;39mNetworkManager-dispatcher…[0manager Script Dispatcher Service...
         Starting [0;1;39mNetworkManager-wait-onlin…ce[0m - Network Manager Wait Online...
         Starting [0;1;39mcups.service[0m - CUPS Scheduler...
         Starting [0;1;39mgssproxy.service[0m - GSSAPI Proxy Daemon...
         Starting [0;1;39msshd.service[0m - OpenSSH server daemon...
         Starting [0;1;39mtuned.service[0m - Dynamic System Tuning Daemon...
[[0;32m  OK  [0m] Started [0;1;39mupower.service[0m - Daemon for power management.
[[0;32m  OK  [0m] Started [0;1;39mNetworkManager-dispatcher.…[0m Manager Script Dispatcher Service.
[[0;32m  OK  [0m] Started [0;1;39msshd.service[0m - OpenSSH server daemon.
[0;21;39mNET: Registered PF_QIPCRTR protocol family[0m
[[0;32m  OK  [0m] Started [0;1;39mModemManager.service[0m - Modem Manager.
[[0;32m  OK  [0m] Started [0;1;39mcups.service[0m - CUPS Scheduler.
[[0;32m  OK  [0m] Finished [0;1;39mNetworkManager-wait-onlin…vice[0m - Network Manager Wait Online.
[[0;32m  OK  [0m] Reached target [0;1;39mnetwork-online.target[0m - Network is Online.
         Starting [0;1;39mgreenboot-healthcheck.ser…[0m- Greenboot Health Checks Runner...
         Starting [0;1;39mrpc-statd-notify.service[0m - Notify NFS peers of a restart...
[[0;32m  OK  [0m] Started [0;1;39minput-remapper.service[0m - S…ycodes without the GUI application.
[[0;32m  OK  [0m] Started [0;1;39mrpc-statd-notify.service[0m - Notify NFS peers of a restart.
[[0;32m  OK  [0m] Finished [0;1;39mbootloader-update.service[0m - Update bootloader on boot.
[[0;32m  OK  [0m] Started [0;1;39mgssproxy.service[0m - GSSAPI Proxy Daemon.
         Mounting [0;1;39mvar-lib-nfs-rpc_pipefs.mount[0m - RPC Pipe File System...
         Starting [0;1;39mrpm-ostreed.service[0m - rpm-ostree System Management Daemon...
[[0;32m  OK  [0m] Finished [0;1;39mfedora-atomic-desktop-app…[0mops to refresh the appstream cache.
[0;21;39mRPC: Registered named UNIX socket transport module.[0m
[0;21;39mRPC: Registered udp transport module.[0m
[0;21;39mRPC: Registered tcp transport module.[0m
[0;21;39mRPC: Registered tcp-with-tls transport module.[0m
[0;21;39mRPC: Registered tcp NFSv4.1 backchannel transport module.[0m
[[0;32m  OK  [0m] Started [0;1;39mrpm-ostreed.service[0m - rpm-ostree System Management Daemon.
[[0;32m  OK  [0m] Mounted [0;1;39mvar-lib-nfs-rpc_pipefs.mount[0m - RPC Pipe File System.
[[0;32m  OK  [0m] Reached target [0;1;39mrpc_pipefs.target[0m.
[[0;32m  OK  [0m] Reached target [0;1;39mnfs-client.target[0m - NFS client services.
[[0;32m  OK  [0m] Reached target [0;1;39mremote-fs-pre.targe…[0mreparation for Remote File Systems.
[[0;32m  OK  [0m] Reached target [0;1;39mremote-cryptsetup.target[0m - Remote Encrypted Volumes.
[[0;32m  OK  [0m] Reached target [0;1;39mremote-fs.target[0m - Remote File Systems.
[[0;32m  OK  [0m] Reached target [0;1;39mremote-integrityset…[0mRemote Integrity Protected Volumes.
[[0;32m  OK  [0m] Reached target [0;1;39mremote-veritysetup.…[0m - Remote Verity Protected Volumes.
[[0;32m  OK  [0m] Started [0;1;39mtuned.service[0m - Dynamic System Tuning Daemon.
         Starting [0;1;39mbazzite-hardware-setup.se…[0mure Bazzite for current hardware...
         Starting [0;1;39mtuned-ppd.service[0m - PPD-to-TuneD API Translation Daemon...
[[0;32m  OK  [0m] Finished [0;1;39mbazzite-hardware-setup.se…[0migure Bazzite for current hardware.
         Starting [0;1;39mbazzite-flatpak-manager.service[0m - Manage system flatpaks...
         Starting [0;1;39msystemd-user-sessions.service[0m - Permit User Sessions...
[[0;32m  OK  [0m] Finished [0;1;39msystemd-user-sessions.service[0m - Permit User Sessions.
         Starting [0;1;39mplymouth-quit-wait.servic…[0md until boot process finishes up...
         Starting [0;1;39mplymouth-quit.service[0m - Terminate Plymouth Boot Screen...
[[0;32m  OK  [0m] Finished [0;1;39mgreenboot-healthcheck.ser…e[0m - Greenboot Health Checks Runner.
[[0;32m  OK  [0m] Finished [0;1;39mbazzite-flatpak-manager.service[0m - Manage system flatpaks.
[[0;32m  OK  [0m] Reached target [0;1;39mboot-complete.target[0m - Boot Completion Check.
[[0;32m  OK  [0m] Reached target [0;1;39mgreenboot-success.t…[0meenBoot Healthcheck Success Target.
[    9.228149] evdi: [I] Initialising logging on level 4
[    9.229947] evdi: [I] Atomic driver: yes
[!p]104\[0m[?7h[1G[0J[6n[32766;32766H[6n[!p]104\[0m[?7h[1G[0J[6n[32766;32766H[6n]3008;start=f1884ba12ea74e658b2c4645b81c7890;user=root;hostname=bazzite-labwc-test;machineid=d9cf3528b7854471b0750c19885ae066;bootid=279c1d91a8fe415580b51544b6ea687d;pid=1229;pidfdid=28821;comm=(agetty);servicename=serial-getty@ttyS0.service;invocationid=b3c28517e8294e0fae6df56b32908b48;type=service\P+q6E616D65\
Bazzite
Kernel 7.1.3-ogc3.4.fc44.x86_64 on x86_64 (ttyS0)

Try contacting this VM's SSH server via 'ssh vsock%4294967295' from host.

bazzite-labwc-test login: [   12.113239] cfg80211: Loading compiled-in X.509 certificates for regulatory database
[   12.121473] Loaded X.509 cert 'sforshee: 00b28ddf47aef9cea7'
[   12.123039] Loaded X.509 cert 'wens: 61c038651aabdcf94bd0ac7ff06c7248db18c600'
[   43.191733] clocksource: Watchdog remote CPU 4 read timed out
[!p]104\[0m[?7h[1G[0J[6n[32766;32766H[6n]3008;end=f1884ba12ea74e658b2c4645b81c7890\[[0;32m  OK  [0m] Started [0;1;39mplymouth-reboot.service[0m - Show Plymouth Reboot Screen.
[[0;32m  OK  [0m] Stopped [0;1;39msession-1.scope[0m - Session 1 of User user.
         Stopping [0;1;39muser@1000.service[0m - User Manager for UID 1000...
[[0;32m  OK  [0m] Stopped [0;1;39muser@1000.service[0m - User Manager for UID 1000.
         Stopping [0;1;39msystemd-oomd.service[0m - Us…space Out-Of-Memory (OOM) Killer...
         Stopping [0;1;39msystemd-user-sessions.service[0m - Permit User Sessions...
         Stopping [0;1;39muresourced.service[0m - User resource assignment daemon...
         Stopping [0;1;39muser-runtime-dir@1000.ser…[0mRuntime Directory /run/user/1000...
[[0;32m  OK  [0m] Stopped [0;1;39msystemd-oomd.service[0m - Userspace Out-Of-Memory (OOM) Killer.
[[0;32m  OK  [0m] Unmounted [0;1;39mrun-user-1000.mount[0m - /run/user/1000.
[[0;32m  OK  [0m] Stopped [0;1;39msystemd-user-sessions.service[0m - Permit User Sessions.
[[0;32m  OK  [0m] Stopped [0;1;39muser-runtime-dir@1000.serv…[0mr Runtime Directory /run/user/1000.
[[0;32m  OK  [0m] Removed slice [0;1;39muser-1000.slice[0m - User Slice of UID 1000.
[[0;32m  OK  [0m] Stopped target [0;1;39mremote-fs.target[0m - Remote File Systems.
[[0;32m  OK  [0m] Stopped target [0;1;39mremote-fs-pre.targe…[0mreparation for Remote File Systems.
[[0;32m  OK  [0m] Stopped target [0;1;39mnfs-client.target[0m - NFS client services.
[[0;32m  OK  [0m] Stopped [0;1;39mbazzite-hardware-setup.ser…[0migure Bazzite for current hardware.
         Stopping [0;1;39mgssproxy.service[0m - GSSAPI Proxy Daemon...
         Stopping [0;1;39mrpm-ostreed.service[0m - rpm-ostree System Management Daemon...
         Stopping [0;1;39msystemd-homed-activate.service[0m - Home Area Activation...
         Stopping [0;1;39msystemd-logind.service[0m - User Login Management...
         Stopping [0;1;39mtuned.service[0m - Dynamic System Tuning Daemon...
[[0;32m  OK  [0m] Stopped [0;1;39msystemd-logind.service[0m - User Login Management.
[[0;32m  OK  [0m] Stopped [0;1;39mgssproxy.service[0m - GSSAPI Proxy Daemon.
[[0;32m  OK  [0m] Stopped [0;1;39muresourced.service[0m - User resource assignment daemon.
[[0;32m  OK  [0m] Stopped [0;1;39msystemd-homed-activate.service[0m - Home Area Activation.
[[0;32m  OK  [0m] Stopped target [0;1;39mnss-user-lookup.target[0m - User and Group Name Lookups.
[[0;32m  OK  [0m] Stopped [0;1;39mauthselect-apply-changes.service[0m - Apply authselect changes.
         Stopping [0;1;39msystemd-homed.service[0m - Home Area Manager...
[[0;32m  OK  [0m] Stopped [0;1;39msystemd-userdb-load-creden…[0mser/group Records from Credentials.
[[0;32m  OK  [0m] Stopped [0;1;39mrpm-ostreed.service[0m - rpm-ostree System Management Daemon.
[[0;32m  OK  [0m] Stopped [0;1;39msystemd-homed.service[0m - Home Area Manager.
[[0;32m  OK  [0m] Stopped [0;1;39mtuned.service[0m - Dynamic System Tuning Daemon.
[[0;32m  OK  [0m] Stopped target [0;1;39mnetwork.target[0m - Network.
         Stopping [0;1;39mNetworkManager.service[0m - Network Manager...
         Stopping [0;1;39mpolkit.service[0m - Authorization Manager...
[[0;32m  OK  [0m] Stopped [0;1;39mpolkit.service[0m - Authorization Manager.
[[0;32m  OK  [0m] Stopped [0;1;39mNetworkManager.service[0m - Network Manager.
[[0;32m  OK  [0m] Stopped target [0;1;39mnetwork-pre.target[0m - Preparation for Network.
         Stopping [0;1;39mfirewalld.service[0m - firewalld - dynamic firewall daemon...
[[0;32m  OK  [0m] Stopped [0;1;39msystemd-network-generator.…[0mork Units from Kernel Command Line.
[[0;32m  OK  [0m] Stopped [0;1;39mfirewalld.service[0m - firewalld - dynamic firewall daemon.
[[0;32m  OK  [0m] Stopped target [0;1;39mbasic.target[0m - Basic System.
[[0;32m  OK  [0m] Stopped [0;1;39msystemd-ask-password-plymo…[0mquests to Plymouth Directory Watch.
[[0;32m  OK  [0m] Stopped target [0;1;39mpaths.target[0m - Path Units.
[[0;32m  OK  [0m] Stopped [0;1;39mbootc-status-updated.path[0m - Monitor bootc for status changes.
[[0;32m  OK  [0m] Stopped [0;1;39mcups.path[0m - CUPS Scheduler.
[[0;32m  OK  [0m] Stopped [0;1;39mlvm-devices-import.path[0m - …es-import to create system.devices.
[[0;32m  OK  [0m] Stopped target [0;1;39mslices.target[0m - Slice Units.
[[0;32m  OK  [0m] Removed slice [0;1;39muser.slice[0m - User and Session Slice.
[[0;32m  OK  [0m] Stopped target [0;1;39msockets.target[0m - Socket Units.
[[0;32m  OK  [0m] Closed [0;1;39mavahi-daemon.socket[0m - Avahi…DNS/DNS-SD Stack Activation Socket.
[[0;32m  OK  [0m] Closed [0;1;39mcups.socket[0m - CUPS Scheduler.
[[0;32m  OK  [0m] Closed [0;1;39mpcscd.socket[0m - PC/SC Smart Card Daemon Activation Socket.
[[0;32m  OK  [0m] Closed [0;1;39msshd-unix-local.socket[0m - Op…temd-ssh-generator, AF_UNIX Local).
         Stopping [0;1;39msshd-vsock.socket[0m - OpenS…systemd-ssh-generator, AF_VSOCK)...
[[0;32m  OK  [0m] Closed [0;1;39msssd-kcm.socket[0m - SSSD Kerberos Cache Manager responder socket.
[[0;32m  OK  [0m] Closed [0;1;39msystemd-hostnamed.socket[0m - Hostname Service Socket.
[[0;32m  OK  [0m] Closed [0;1;39msystemd-importd.socket[0m - Disk Image Download Service Socket.
[[0;32m  OK  [0m] Closed [0;1;39msystemd-logind-varlink.sock…[0mer Login Management Varlink Socket.
[[0;32m  OK  [0m] Closed [0;1;39msystemd-machined.socket[0m - V…tainer Registration Service Socket.
[[0;32m  OK  [0m] Closed [0;1;39msystemd-mountfsd.socket[0m - DDI File System Mounter Socket.
[[0;32m  OK  [0m] Closed [0;1;39msystemd-mute-console.socket[0m…nsole Output Muting Service Socket.
[[0;32m  OK  [0m] Closed [0;1;39msystemd-oomd.socket[0m - Users… Out-Of-Memory (OOM) Killer Socket.
[[0;32m  OK  [0m] Closed [0;1;39msystemd-repart.socket[0m - Disk Repartitioning Service Socket.
         Stopping [0;1;39mdbus-broker.service[0m - D-Bus System Message Bus...
         Stopping [0;1;39mostree-finalize-staged.se…[0mSTree Finalize Staged Deployment...
[[0;32m  OK  [0m] Stopped [0;1;39mdbus-broker.service[0m - D-Bus System Message Bus.
[[0;32m  OK  [0m] Closed [0;1;39mdbus.socket[0m - D-Bus System Message Bus Socket.
[[0;32m  OK  [0m] Closed [0;1;39msshd-vsock.socket[0m - OpenSSH… (systemd-ssh-generator, AF_VSOCK).
[[0;32m  OK  [0m] Stopped target [0;1;39msysinit.target[0m - System Initialization.
[[0;32m  OK  [0m] Stopped target [0;1;39mcryptsetup.target[0m - Local Encrypted Volumes.
[[0;32m  OK  [0m] Stopped [0;1;39msystemd-ask-password-wall.…[0md Requests to Wall Directory Watch.
[[0;32m  OK  [0m] Stopped target [0;1;39mimports.target[0m - Image Downloads.
[[0;32m  OK  [0m] Stopped target [0;1;39mintegritysetup.targ…[0m Local Integrity Protected Volumes.
[[0;32m  OK  [0m] Stopped target [0;1;39mveritysetup.target[0m - Local Verity Protected Volumes.
         Stopping [0;1;39msystemd-binfmt.service[0m - Set Up Additional Binary Formats...
         Stopping [0;1;39msystemd-nsresourced.service[0m - Namespace Resource Manager...
         Stopping [0;1;39msystemd-resolved.service[0m - Network Name Resolution...
         Stopping [0;1;39msystemd-update-utmp.servi…[0mord System Boot/Shutdown in UTMP...
[[0;32m  OK  [0m] Stopped [0;1;39msystemd-nsresourced.service[0m - Namespace Resource Manager.
[[0;32m  OK  [0m] Closed [0;1;39msystemd-nsresourced.socket[0m - Namespace Resource Manager Socket.
[[0;32m  OK  [0m] Stopped [0;1;39msystemd-binfmt.service[0m - Set Up Additional Binary Formats.
[[0;32m  OK  [0m] Unset automount [0;1;39mproc-sys-fs-binfmt…[0mormats File System Automount Point.
[[0;32m  OK  [0m] Stopped [0;1;39msystemd-resolved.service[0m - Network Name Resolution.
[[0;32m  OK  [0m] Stopped [0;1;39msystemd-update-utmp.servic…[0mecord System Boot/Shutdown in UTMP.
[[0;32m  OK  [0m] Closed [0;1;39msystemd-resolved-monitor.so…t[0m - Resolve Monitor Varlink Socket.
[[0;32m  OK  [0m] Closed [0;1;39msystemd-resolved-varlink.so…t[0m - Resolve Service Varlink Socket.
         Stopping [0;1;39mauditd.service[0m - Security Audit Logging Service...
[[0;32m  OK  [0m] Stopped [0;1;39msystemd-sysctl.service[0m - Apply Kernel Variables.
[[0;32m  OK  [0m] Closed [0;1;39msystemd-coredump.socket[0m - Process Core Dump Socket.
[[0;32m  OK  [0m] Stopped [0;1;39msystemd-modules-load.service[0m - Load Kernel Modules.
[0;21;33mkauditd_printk_skb: 81 callbacks suppressed[0m
[0;21;32maudit: type=1305 audit(1784567900.289:410): op=set audit_pid=0 old=878 auid=4294967295 ses=4294967295 subj=system_u:system_r:auditd_t:s0 res=1[0m
[[0;32m  OK  [0m] Stopped [0;1;39mauditd.service[0m - Security Audit Logging Service.
[[0;32m  OK  [0m] Stopped [0;1;39msystemd-tmpfiles-setup.ser…[0mreate System Files and Directories.
[0;21;32maudit: type=1131 audit(1784567900.290:411): pid=1 uid=0 auid=4294967295 ses=4294967295 subj=system_u:system_r:init_t:s0 msg='unit=auditd comm="systemd" exe="/usr/lib/systemd/systemd" hostname=? addr=? terminal=? res=success'[0m
[0;21;32maudit: type=1131 audit(1784567900.291:412): pid=1 uid=0 auid=4294967295 ses=4294967295 subj=system_u:system_r:init_t:s0 msg='unit=systemd-tmpfiles-setup comm="systemd" exe="/usr/lib/systemd/systemd" hostname=? addr=? terminal=? res=success'[0m
[[0m[0;31m*     [0m] Job ostree-finalize-staged.service/stop running (3s / 5min 1s)
M[K[[0;1;31m*[0m[0;31m*    [0m] Job ostree-finalize-staged.service/stop running (3s / 5min 1s)
M[K[[0;31m*[0;1;31m*[0m[0;31m*   [0m] Job ostree-finalize-staged.service/stop running (4s / 5min 1s)
M[K[ [0;31m*[0;1;31m*[0m[0;31m*  [0m] Job ostree-finalize-staged.service/stop running (4s / 5min 1s)
M[K[  [0;31m*[0;1;31m*[0m[0;31m* [0m] Job ostree-finalize-staged.service/stop running (5s / 5min 1s)
M[K[   [0;31m*[0;1;31m*[0m[0;31m*[0m] Job ostree-finalize-staged.service/stop running (5s / 5min 1s)
M[K[    [0;31m*[0;1;31m*[0m] Job ostree-finalize-staged.service/stop running (6s / 5min 1s)
M[K[     [0;31m*[0m] Job ostree-finalize-staged.service/stop running (6s / 5min 1s)
M[K[    [0;31m*[0;1;31m*[0m] Job ostree-finalize-staged.service/stop running (7s / 5min 1s)
M[K[   [0;31m*[0;1;31m*[0m[0;31m*[0m] Job ostree-finalize-staged.service/stop running (7s / 5min 1s)
M[K[  [0;31m*[0;1;31m*[0m[0;31m* [0m] Job ostree-finalize-staged.service/stop running (8s / 5min 1s)
M[K[ [0;31m*[0;1;31m*[0m[0;31m*  [0m] Job ostree-finalize-staged.service/stop running (8s / 5min 1s)
M[K[[0;31m*[0;1;31m*[0m[0;31m*   [0m] Job ostree-finalize-staged.service/stop running (9s / 5min 1s)
M[K[[0;1;31m*[0m[0;31m*    [0m] Job ostree-finalize-staged.service/stop running (9s / 5min 1s)
M[K[[0m[0;31m*     [0m] Job ostree-finalize-staged.service/stop running (10s / 5min 1s)
M[K[[0;1;31m*[0m[0;31m*    [0m] Job ostree-finalize-staged.service/stop running (10s / 5min 1s)
M[K[[0;31m*[0;1;31m*[0m[0;31m*   [0m] Job ostree-finalize-staged.service/stop running (11s / 5min 1s)
M[K[ [0;31m*[0;1;31m*[0m[0;31m*  [0m] Job ostree-finalize-staged.service/stop running (11s / 5min 1s)
M[K[  [0;31m*[0;1;31m*[0m[0;31m* [0m] Job ostree-finalize-staged.service/stop running (12s / 5min 1s)
M[K[   [0;31m*[0;1;31m*[0m[0;31m*[0m] Job ostree-finalize-staged.service/stop running (12s / 5min 1s)
M[K[    [0;31m*[0;1;31m*[0m] Job ostree-finalize-staged.service/stop running (13s / 5min 1s)
M[K[     [0;31m*[0m] Job ostree-finalize-staged.service/stop running (13s / 5min 1s)
M[K[    [0;31m*[0;1;31m*[0m] Job ostree-finalize-staged.service/stop running (14s / 5min 1s)
M[K[   [0;31m*[0;1;31m*[0m[0;31m*[0m] Job ostree-finalize-staged.service/stop running (14s / 5min 1s)
M[K[  [0;31m*[0;1;31m*[0m[0;31m* [0m] Job ostree-finalize-staged.service/stop running (15s / 5min 1s)
M[K[ [0;31m*[0;1;31m*[0m[0;31m*  [0m] Job ostree-finalize-staged.service/stop running (15s / 5min 1s)
M[K[[0;31m*[0;1;31m*[0m[0;31m*   [0m] Job ostree-finalize-staged.service/stop running (16s / 5min 1s)
M[K[[0;1;31m*[0m[0;31m*    [0m] Job ostree-finalize-staged.service/stop running (16s / 5min 1s)
M[K[[0m[0;31m*     [0m] Job ostree-finalize-staged.service/stop running (17s / 5min 1s)
M[K[[0;1;31m*[0m[0;31m*    [0m] Job ostree-finalize-staged.service/stop running (17s / 5min 1s)
M[K[[0;32m  OK  [0m] Stopped [0;1;39mostree-finalize-staged.ser…[0m OSTree Finalize Staged Deployment.
[K         Stopping [0;1;39mostree-finalize-staged-ho…[0mSTree Finalize Staged Deployment...
[0;21;32maudit: type=1131 audit(1784567917.059:413): pid=1 uid=0 auid=4294967295 ses=4294967295 subj=system_u:system_r:init_t:s0 msg='unit=ostree-finalize-staged comm="systemd" exe="/usr/lib/systemd/systemd" hostname=? addr=? terminal=? res=success'[0m
[[0;32m  OK  [0m] Stopped [0;1;39mostree-finalize-staged-hol…[0m OSTree Finalize Staged Deployment.
[0;21;32maudit: type=1131 audit(1784567917.062:414): pid=1 uid=0 auid=4294967295 ses=4294967295 subj=system_u:system_r:init_t:s0 msg='unit=ostree-finalize-staged-hold comm="systemd" exe="/usr/lib/systemd/systemd" hostname=? addr=? terminal=? res=success'[0m
[[0;32m  OK  [0m] Stopped target [0;1;39mlocal-fs.target[0m - Local File Systems.
         Unmounting [0;1;39mboot-efi.mount[0m - /boot/efi...
         Unmounting [0;1;39msysroot-ostree-deploy-d…[0mysroot/ostree/deploy/default/var...
         Unmounting [0;1;39mtmp.mount[0m - Temporary Directory /tmp...
         Unmounting [0;1;39mvar-home.mount[0m - /var/home...
[[0;32m  OK  [0m] Stopped [0;1;39mostree-remount.service[0m - OSTree Remount OS/ Bind Mounts.
[0;21;32maudit: type=1131 audit(1784567917.092:415): pid=1 uid=0 auid=4294967295 ses=4294967295 subj=system_u:system_r:init_t:s0 msg='unit=ostree-remount comm="systemd" exe="/usr/lib/systemd/systemd" hostname=? addr=? terminal=? res=success'[0m
[[0;32m  OK  [0m] Unmounted [0;1;39mboot-efi.mount[0m - /boot/efi.
[[0;32m  OK  [0m] Unmounted [0;1;39msysroot-ostree-deploy-de…[0m/sysroot/ostree/deploy/default/var.
[[0;32m  OK  [0m] Unmounted [0;1;39mtmp.mount[0m - Temporary Directory /tmp.
[[0;32m  OK  [0m] Unmounted [0;1;39mvar-home.mount[0m - /var/home.
[[0;32m  OK  [0m] Stopped target [0;1;39mswap.target[0m - Swaps.
         Deactivating swap [0;1;39mdev-disk-by\x2dd…-4.swap[0m - /dev/disk/by-diskseq/4...
         Unmounting [0;1;39mboot.mount[0m - /boot...
[[0;32m  OK  [0m] Stopped [0;1;39msystemd-fsck@dev-disk-by\x…[0meck on /dev/disk/by-uuid/9704-D569.
[0;21;32maudit: type=1131 audit(1784567917.116:416): pid=1 uid=0 auid=4294967295 ses=4294967295 subj=system_u:system_r:init_t:s0 msg='unit=systemd-fsck@dev-disk-by\x2duuid-9704\x2dD569 comm="systemd" exe="/usr/lib/systemd/systemd" hostname=? addr=? terminal=? res=success'[0m
[0;21;39mEXT4-fs (vda2): unmounting filesystem 7fdf5235-8f1f-4409-a05b-b2704a0cb280.[0m
[[0;32m  OK  [0m] Unmounted [0;1;39mboot.mount[0m - /boot.
[[0;32m  OK  [0m] Stopped [0;1;39msystemd-fsck@dev-disk-by\x…[0mdf5235-8f1f-4409-a05b-b2704a0cb280.
[[0;32m  OK  [0m] Removed slice [0;1;39msystem-systemd\x2dfs…slice[0m - Slice /system/systemd-fsck.
[[0;32m  OK  [0m] Stopped target [0;1;39mlocal-fs-pre.target[0m…Preparation for Local File Systems.
[0;21;32maudit: type=1131 audit(1784567917.133:417): pid=1 uid=0 auid=4294967295 ses=4294967295 subj=system_u:system_r:init_t:s0 msg='unit=systemd-fsck@dev-disk-by\x2duuid-7fdf5235\x2d8f1f\x2d4409\x2da05b\x2db2704a0cb280 comm="systemd" exe="/usr/lib/systemd/systemd" hostname=? addr=? terminal=? res=success'[0m
         Stopping [0;1;39mlvm2-monitor.service[0m - Mo…ing dmeventd or progress polling...
[[0;32m  OK  [0m] Stopped [0;1;39msystemd-tmpfiles-setup-dev…[0mCreate Static Device Nodes in /dev.
[[0;32m  OK  [0m] Stopped [0;1;39msystemd-tmpfiles-setup-dev…[0mic Device Nodes in /dev gracefully.
[0;21;32maudit: type=1131 audit(1784567917.133:418): pid=1 uid=0 auid=4294967295 ses=4294967295 subj=system_u:system_r:init_t:s0 msg='unit=systemd-tmpfiles-setup-dev comm="systemd" exe="/usr/lib/systemd/systemd" hostname=? addr=? terminal=? res=success'[0m
[[0;32m  OK  [0m] Deactivated swap [0;1;39mdev-disk-by\x2ddi…eq-4.swap[0m - /dev/disk/by-diskseq/4.
[0;21;32maudit: type=1131 audit(1784567917.133:419): pid=1 uid=0 auid=4294967295 ses=4294967295 subj=system_u:system_r:init_t:s0 msg='unit=systemd-tmpfiles-setup-dev-early comm="systemd" exe="/usr/lib/systemd/systemd" hostname=? addr=? terminal=? res=success'[0m
[[0;32m  OK  [0m] Deactivated swap [0;1;39mdev-zram0.swap[0m - Compressed Swap on /dev/zram0.
[[0;32m  OK  [0m] Reached target [0;1;39mumount.target[0m - Unmount All Filesystems.
         Stopping [0;1;39msystemd-zram-setup@zram0.…vice[0m - Create swap on /dev/zram0...
[0;21;39mzram0: detected capacity change from 8110080 to 0[0m
[[0;32m  OK  [0m] Stopped [0;1;39msystemd-zram-setup@zram0.service[0m - Create swap on /dev/zram0.
[0;21;32maudit: type=1131 audit(1784567917.195:420): pid=1 uid=0 auid=4294967295 ses=4294967295 subj=system_u:system_r:init_t:s0 msg='unit=systemd-zram-setup@zram0 comm="systemd" exe="/usr/lib/systemd/systemd" hostname=? addr=? terminal=? res=success'[0m
[[0;32m  OK  [0m] Removed slice [0;1;39msystem-systemd\x2dzr…[0m- Slice /system/systemd-zram-setup.
[[0;32m  OK  [0m] Stopped [0;1;39mlvm2-monitor.service[0m - Mon…using dmeventd or progress polling.
[[0;32m  OK  [0m] Reached target [0;1;39mshutdown.target[0m - System Shutdown.
[0;21;32maudit: type=1131 audit(1784567917.225:421): pid=1 uid=0 auid=4294967295 ses=4294967295 subj=system_u:system_r:init_t:s0 msg='unit=lvm2-monitor comm="systemd" exe="/usr/lib/systemd/systemd" hostname=? addr=? terminal=? res=success'[0m
[[0;32m  OK  [0m] Reached target [0;1;39mfinal.target[0m - Late Shutdown Services.
[[0;32m  OK  [0m] Finished [0;1;39msystemd-reboot.service[0m - System Reboot.
[[0;32m  OK  [0m] Reached target [0;1;39mreboot.target[0m - System Reboot.
[0;21;32maudit: type=1130 audit(1784567917.227:422): pid=1 uid=0 auid=4294967295 ses=4294967295 subj=system_u:system_r:init_t:s0 msg='unit=systemd-reboot comm="systemd" exe="/usr/lib/systemd/systemd" hostname=? addr=? terminal=? res=success'[0m
]3008;end=8fa9962d8a424b0dbc6195c55b826649\[0;21;31mwatchdog: watchdog0: watchdog did not stop![0m
[0;21;39msystemd-shutdown[1]: Using hardware watchdog /dev/watchdog0: 'iTCO_wdt', version 2.[0m
[0;21;39msystemd-shutdown[1]: Watchdog running with a hardware timeout of 10min.[0m
[0;21;39msystemd-shutdown[1]: Syncing filesystems and block devices.[0m
[0;21;39msystemd-shutdown[1]: Sending SIGTERM to remaining processes...[0m
[0;21;39msystemd-journald[669]: Received SIGTERM from PID 1 (systemd-shutdow).[0m
[  720.175802] systemd-shutdown[1]: Sending SIGKILL to remaining processes...
[  720.182238] systemd-shutdown[1]: Unmounting file systems.
[  720.184687] (sd-remount)[3638]: Remounting '/var' read-only with options 'seclabel,discard=async,space_cache=v2,subvolid=257,subvol=/root'.
[  720.211766] (sd-umount)[3639]: Unmounting '/var'.
[  720.213595] (sd-umount)[3641]: Unmounting '/run/credentials/systemd-journald.service'.
[  720.216301] (sd-remount)[3643]: Remounting '/sysroot' read-only with options 'seclabel,discard=async,space_cache=v2,subvolid=257,subvol=/root'.
[  720.221108] (sd-umount)[3644]: Unmounting '/sysroot'.
[  720.223390] (sd-remount)[3645]: Remounting '/etc' read-only with options 'seclabel,discard=async,space_cache=v2,subvolid=257,subvol=/root'.
[  720.227165] (sd-umount)[3646]: Unmounting '/etc'.
[  720.229308] systemd-shutdown[1]: All filesystems unmounted.
[  720.230648] systemd-shutdown[1]: Deactivating swaps.
[  720.231905] systemd-shutdown[1]: All swaps deactivated.
[  720.233291] systemd-shutdown[1]: Detaching loop devices.
[  720.234850] systemd-shutdown[1]: All loop devices detached.
[  720.236506] systemd-shutdown[1]: Stopping MD devices.
[  720.237888] systemd-shutdown[1]: All MD devices stopped.
[  720.239196] systemd-shutdown[1]: Detaching DM devices.
[  720.240606] systemd-shutdown[1]: All DM devices detached.
[  720.242014] systemd-shutdown[1]: All filesystems, swaps, loop devices, MD devices and DM devices detached.
[  720.244302] watchdog: watchdog0: watchdog did not stop!
[  720.251946] systemd-shutdown[1]: Syncing filesystems and block devices.
[  720.253751] systemd-shutdown[1]: Rebooting.
[  720.270523] Console: switching to colour dummy device 80x25
[  720.296415] ACPI: PM: Preparing to enter system sleep state S5
[  720.298072] kvm: exiting hardware virtualization
[  720.299278] reboot: Restarting system
[  720.300186] reboot: machine restart
[2J[001;001H[=3h[2J[001;001H[2J[001;001H[8;056;240t[2J[001;001H[2J[001;001H[=3h[2J[001;001H[2J[001;001H[8;042;160t[2J[001;001HBdsDxe: loading Boot0002 "Bazzite" from HD(1,GPT,48E1E3E3-E014-49D3-A5C9-B6A962B829F9,0x800,0x12C000)/\EFI\fedora\shimx64.efi
BdsDxe: starting Boot0002 "Bazzite" from HD(1,GPT,48E1E3E3-E014-49D3-A5C9-B6A962B829F9,0x800,0x12C000)/\EFI\fedora\shimx64.efi
[0m[30m[40m[2J[001;001H[0m[37m[40m[002;072HGRUB version 2.12

[004;002H┌────────────────────────────────────────────────────────────────────────────────────────────────────────────────────────────────────────────────────────────┐[005;002H│[005;159H│[006;002H│[006;159H│[007;002H│[007;159H│[008;002H│[008;159H│[009;002H│[009;159H│[010;002H│[010;159H│[011;002H│[011;159H│[012;002H│[012;159H│[013;002H│[013;159H│[014;002H│[014;159H│[015;002H│[015;159H│[016;002H│[016;159H│[017;002H│[017;159H│[018;002H│[018;159H│[019;002H│[019;159H│[020;002H│[020;159H│[021;002H│[021;159H│[022;002H│[022;159H│[023;002H│[023;159H│[024;002H│[024;159H│[025;002H│[025;159H│[026;002H│[026;159H│[027;002H│[027;159H│[028;002H│[028;159H│[029;002H│[029;159H│[030;002H│[030;159H│[031;002H│[031;159H│[032;002H│[032;159H│[033;002H│[033;159H│[034;002H│[034;159H│[035;002H│[035;159H│[036;002H└────────────────────────────────────────────────────────────────────────────────────────────────────────────────────────────────────────────────────────────┘[037;002H[038;002H     Use the ▲ and ▼ keys to select which entry is highlighted.                                                                                          
      Press enter to boot the selected OS, `e' to edit the commands before booting or `c' for a command-line. ESC to return previous menu.                [005;160H [0m[30m[47m[005;003H*Bazzite (ostree:0)                                                                                                                                         [0m[37m[40m[005;158H[006;003H Bazzite (ostree:1)                                                                                                                                         [006;158H[007;003H UEFI Firmware Settings                                                                                                                                     [007;158H[008;003H                                                                                                                                                            [008;158H[009;003H                                                                                                                                                            [009;158H[010;003H                                                                                                                                                            [010;158H[011;003H                                                                                                                                                            [011;158H[012;003H                                                                                                                                                            [012;158H[013;003H                                                                                                                                                            [013;158H[014;003H                                                                                                                                                            [014;158H[015;003H                                                                                                                                                            [015;158H[016;003H                                                                                                                                                            [016;158H[017;003H                                                                                                                                                            [017;158H[018;003H                                                                                                                                                            [018;158H[019;003H                                                                                                                                                            [019;158H[020;003H                                                                                                                                                            [020;158H[021;003H                                                                                                                                                            [021;158H[022;003H                                                                                                                                                            [022;158H[023;003H                                                                                                                                                            [023;158H[024;003H                                                                                                                                                            [024;158H[025;003H                                                                                                                                                            [025;158H[026;003H                                                                                                                                                            [026;158H[027;003H                                                                                                                                                            [027;158H[028;003H                                                                                                                                                            [028;158H[029;003H                                                                                                                                                            [029;158H[030;003H                                                                                                                                                            [030;158H[031;003H                                                                                                                                                            [031;158H[032;003H                                                                                                                                                            [032;158H[033;003H                                                                                                                                                            [033;158H[034;003H                                                                                                                                                            [034;158H[035;003H                                                                                                                                                            [035;158H[035;160H [005;158H[040;001H   The highlighted entry will be executed automatically in 1s.                                                                                                 [005;158H[040;001H   The highlighted entry will be executed automatically in 0s.                                                                                                 [005;158H[0m[30m[40m[2J[001;001H[0m[37m[40m[0m[30m[40m[2J[001;001H[0m[37m[40m  Booting `Bazzite (ostree:0)'

[    0.000000] Linux version 7.1.3-ogc3.4.fc44.x86_64 (root@b94170d5dfd0) (gcc (GCC) 16.1.1 20260515 (Red Hat 16.1.1-2), GNU ld version 2.46-3.fc44) #1 SMP PREEMPT_DYNAMIC Fri Jul 10 04:06:08 UTC 2026
[    0.000000] Command line: BOOT_IMAGE=(hd0,gpt2)/ostree/default-a68fdf669824e7bea84f6339c1b0a162c5382aa3213bb37b639d9879f3bc9dc0/vmlinuz-7.1.3-ogc3.4.fc44.x86_64 ostree=/ostree/boot.0/default/a68fdf669824e7bea84f6339c1b0a162c5382aa3213bb37b639d9879f3bc9dc0/0 console=tty0 console=ttyS0,115200 root=UUID=16d6e9ea-19b9-4095-9bf1-4c3c4973c5b8 vconsole.keymap=us rootflags=subvol=root rw bluetooth.disable_ertm=1
[    0.000000] BIOS-provided physical RAM map:
[    0.000000] BIOS-e820: [mem 0x0000000000000000-0x000000000009ffff]  System RAM
[    0.000000] BIOS-e820: [gap 0x00000000000a0000-0x00000000000fffff]
[    0.000000] BIOS-e820: [mem 0x0000000000100000-0x00000000007fffff]  System RAM
[    0.000000] BIOS-e820: [mem 0x0000000000800000-0x0000000000807fff]  ACPI NVS
[    0.000000] BIOS-e820: [mem 0x0000000000808000-0x000000000080afff]  System RAM
[    0.000000] BIOS-e820: [mem 0x000000000080b000-0x000000000080bfff]  ACPI NVS
[    0.000000] BIOS-e820: [mem 0x000000000080c000-0x0000000000811fff]  System RAM
[    0.000000] BIOS-e820: [mem 0x0000000000812000-0x0000000000812fff]  device reserved
[    0.000000] BIOS-e820: [mem 0x0000000000813000-0x0000000000813fff]  System RAM
[    0.000000] BIOS-e820: [mem 0x0000000000814000-0x00000000008fffff]  ACPI NVS
[    0.000000] BIOS-e820: [mem 0x0000000000900000-0x000000007deecfff]  System RAM
[    0.000000] BIOS-e820: [mem 0x000000007deed000-0x000000007deeefff]  device reserved
[    0.000000] BIOS-e820: [mem 0x000000007deef000-0x000000007f8ecfff]  System RAM
[    0.000000] BIOS-e820: [mem 0x000000007f8ed000-0x000000007fb6cfff]  device reserved
[    0.000000] BIOS-e820: [mem 0x000000007fb6d000-0x000000007fb7efff]  ACPI data
[    0.000000] BIOS-e820: [mem 0x000000007fb7f000-0x000000007fbfefff]  ACPI NVS
[    0.000000] BIOS-e820: [mem 0x000000007fbff000-0x000000007ff1ffff]  System RAM
[    0.000000] BIOS-e820: [mem 0x000000007ff20000-0x000000007ff3ffff]  device reserved
[    0.000000] BIOS-e820: [mem 0x000000007ff40000-0x000000007fffffff]  ACPI NVS
[    0.000000] BIOS-e820: [gap 0x0000000080000000-0x00000000dfffffff]
[    0.000000] BIOS-e820: [mem 0x00000000e0000000-0x00000000efffffff]  device reserved
[    0.000000] BIOS-e820: [gap 0x00000000f0000000-0x00000000feffbfff]
[    0.000000] BIOS-e820: [mem 0x00000000feffc000-0x00000000feffffff]  device reserved
[    0.000000] BIOS-e820: [gap 0x00000000ff000000-0x00000000ffdfffff]
[    0.000000] BIOS-e820: [mem 0x00000000ffe00000-0x00000000ffffffff]  device reserved
[    0.000000] BIOS-e820: [mem 0x0000000100000000-0x000000027fffffff]  System RAM
[    0.000000] BIOS-e820: [gap 0x0000000280000000-0x000000fcffffffff]
[    0.000000] BIOS-e820: [mem 0x000000fd00000000-0x000000ffffffffff]  device reserved
[    0.000000] NX (Execute Disable) protection: active
[    0.000000] APIC: Static calls initialized
[    0.000000] efi: EFI v2.7 by EDK II
[    0.000000] efi: SMBIOS=0x7f8f0000 ACPI=0x7fb7e000 ACPI 2.0=0x7fb7e014 MEMATTR=0x7deea018 MOKvar=0x7deed000 RNG=0x7fb73018 
[    0.000000] random: crng init done
[    0.000000] efi: Remove mem113: MMIO range=[0xffe00000-0xffffffff] (2MB) from e820 map
[    0.000000] DMI: SMBIOS 2.8 present.
[    0.000000] DMI: QEMU Standard PC (Q35 + ICH9, 2009), BIOS edk2-20260508-6.fc44 05/08/2026
[    0.000000] DMI: Memory slots populated: 1/1
[    0.000000] Hypervisor detected: KVM
[    0.000000] last_pfn = 0x7ff20 max_arch_pfn = 0x400000000
[    0.000000] kvm-clock: Using msrs 4b564d01 and 4b564d00
[    0.000000] kvm-clock: using sched offset of 975811134939 cycles
[    0.000002] clocksource: kvm-clock: mask: 0xffffffffffffffff max_cycles: 0x1cd42e4dffb, max_idle_ns: 881590591483 ns
[    0.000005] tsc: Detected 4099.996 MHz processor
[    0.000111] last_pfn = 0x280000 max_arch_pfn = 0x400000000
[    0.000147] MTRR map: 4 entries (2 fixed + 2 variable; max 18), built from 8 variable MTRRs
[    0.000150] x86/PAT: Configuration [0-7]: WB  WC  UC- UC  WB  WP  UC- WT  
[    0.000198] last_pfn = 0x7ff20 max_arch_pfn = 0x400000000
[    0.003997] Using GB pages for direct mapping
[    0.004504] Secure boot disabled
[    0.004505] RAMDISK: [mem 0x65837000-0x74888fff]
[    0.004509] ACPI: Early table checksum verification disabled
[    0.004512] ACPI: RSDP 0x000000007FB7E014 000024 (v02 BOCHS )
[    0.004515] ACPI: XSDT 0x000000007FB7D0E8 000054 (v01 BOCHS  BXPC     00000001      01000013)
[    0.004519] ACPI: FACP 0x000000007FB79000 0000F4 (v03 BOCHS  BXPC     00000001 BXPC 00000001)
[    0.004524] ACPI: DSDT 0x000000007FB7A000 002379 (v01 BOCHS  BXPC     00000001 BXPC 00000001)
[    0.004528] ACPI: FACS 0x000000007FBDD000 000040
[    0.004531] ACPI: APIC 0x000000007FB78000 0000B0 (v03 BOCHS  BXPC     00000001 BXPC 00000001)
[    0.004535] ACPI: HPET 0x000000007FB77000 000038 (v01 BOCHS  BXPC     00000001 BXPC 00000001)
[    0.004538] ACPI: MCFG 0x000000007FB76000 00003C (v01 BOCHS  BXPC     00000001 BXPC 00000001)
[    0.004542] ACPI: WAET 0x000000007FB75000 000028 (v01 BOCHS  BXPC     00000001 BXPC 00000001)
[    0.004545] ACPI: BGRT 0x000000007FB74000 000038 (v01 INTEL  EDK2     00000002      01000013)
[    0.004546] ACPI: Reserving FACP table memory at [mem 0x7fb79000-0x7fb790f3]
[    0.004547] ACPI: Reserving DSDT table memory at [mem 0x7fb7a000-0x7fb7c378]
[    0.004548] ACPI: Reserving FACS table memory at [mem 0x7fbdd000-0x7fbdd03f]
[    0.004549] ACPI: Reserving APIC table memory at [mem 0x7fb78000-0x7fb780af]
[    0.004549] ACPI: Reserving HPET table memory at [mem 0x7fb77000-0x7fb77037]
[    0.004550] ACPI: Reserving MCFG table memory at [mem 0x7fb76000-0x7fb7603b]
[    0.004550] ACPI: Reserving WAET table memory at [mem 0x7fb75000-0x7fb75027]
[    0.004551] ACPI: Reserving BGRT table memory at [mem 0x7fb74000-0x7fb74037]
[    0.005059] No NUMA configuration found
[    0.005061] Faking a node at [mem 0x0000000000000000-0x000000027fffffff]
[    0.005070] NODE_DATA(0) allocated [mem 0x27ffd4f80-0x27fffffff]
[    0.005995] ACPI: PM-Timer IO Port: 0x608
[    0.006008] ACPI: LAPIC_NMI (acpi_id[0xff] dfl dfl lint[0x1])
[    0.006037] IOAPIC[0]: apic_id 0, version 17, address 0xfec00000, GSI 0-23
[    0.006039] ACPI: INT_SRC_OVR (bus 0 bus_irq 0 global_irq 2 dfl dfl)
[    0.006040] ACPI: INT_SRC_OVR (bus 0 bus_irq 5 global_irq 5 high level)
[    0.006041] ACPI: INT_SRC_OVR (bus 0 bus_irq 9 global_irq 9 high level)
[    0.006042] ACPI: INT_SRC_OVR (bus 0 bus_irq 10 global_irq 10 high level)
[    0.006043] ACPI: INT_SRC_OVR (bus 0 bus_irq 11 global_irq 11 high level)
[    0.006045] ACPI: Using ACPI (MADT) for SMP configuration information
[    0.006046] ACPI: HPET id: 0x8086a201 base: 0xfed00000
[    0.006066] TSC deadline timer available
[    0.006068] CPU topo: Max. logical packages:   1
[    0.006069] CPU topo: Max. logical nodes:      1
[    0.006069] CPU topo: Num. nodes per package:  1
[    0.006071] CPU topo: Max. logical dies:       1
[    0.006072] CPU topo: Max. dies per package:   1
[    0.006074] CPU topo: Max. threads per core:   1
[    0.006075] CPU topo: Num. cores per package:     8
[    0.006075] CPU topo: Num. threads per package:   8
[    0.006076] CPU topo: Allowing 8 present CPUs plus 0 hotplug CPUs
[    0.006090] kvm-guest: APIC: eoi() replaced with kvm_guest_apic_eoi_write()
[    0.006101] kvm-guest: KVM setup pv remote TLB flush
[    0.006104] kvm-guest: setup PV sched yield
[    0.006118] PM: hibernation: Registered nosave memory: [mem 0x00000000-0x00000fff]
[    0.006120] PM: hibernation: Registered nosave memory: [mem 0x000a0000-0x000fffff]
[    0.006121] PM: hibernation: Registered nosave memory: [mem 0x00800000-0x00807fff]
[    0.006122] PM: hibernation: Registered nosave memory: [mem 0x0080b000-0x0080bfff]
[    0.006123] PM: hibernation: Registered nosave memory: [mem 0x00812000-0x00812fff]
[    0.006124] PM: hibernation: Registered nosave memory: [mem 0x00814000-0x008fffff]
[    0.006125] PM: hibernation: Registered nosave memory: [mem 0x7deed000-0x7deeefff]
[    0.006126] PM: hibernation: Registered nosave memory: [mem 0x7def9000-0x7df01fff]
[    0.006127] PM: hibernation: Registered nosave memory: [mem 0x7f8ed000-0x7fbfefff]
[    0.006128] PM: hibernation: Registered nosave memory: [mem 0x7ff20000-0xffffffff]
[    0.006130] [gap 0x80000000-0xdfffffff] available for PCI devices
[    0.006131] Booting paravirtualized kernel on KVM
[    0.006132] clocksource: refined-jiffies: mask: 0xffffffff max_cycles: 0xffffffff, max_idle_ns: 1910969940391419 ns
[    0.012049] Zone ranges:
[    0.012050]   DMA      [mem 0x0000000000001000-0x0000000000ffffff]
[    0.012051]   DMA32    [mem 0x0000000001000000-0x00000000ffffffff]
[    0.012052]   Normal   [mem 0x0000000100000000-0x000000027fffffff]
[    0.012053]   Device   empty
[    0.012054] Movable zone start for each node
[    0.012056] Early memory node ranges
[    0.012056]   node   0: [mem 0x0000000000001000-0x000000000009ffff]
[    0.012057]   node   0: [mem 0x0000000000100000-0x00000000007fffff]
[    0.012058]   node   0: [mem 0x0000000000808000-0x000000000080afff]
[    0.012058]   node   0: [mem 0x000000000080c000-0x0000000000811fff]
[    0.012059]   node   0: [mem 0x0000000000813000-0x0000000000813fff]
[    0.012059]   node   0: [mem 0x0000000000900000-0x000000007deecfff]
[    0.012060]   node   0: [mem 0x000000007deef000-0x000000007f8ecfff]
[    0.012060]   node   0: [mem 0x000000007fbff000-0x000000007ff1ffff]
[    0.012061]   node   0: [mem 0x0000000100000000-0x000000027fffffff]
[    0.012062] Initmem setup node 0 [mem 0x0000000000001000-0x000000027fffffff]
[    0.012074] On node 0, zone DMA: 1 pages in unavailable ranges
[    0.012127] On node 0, zone DMA: 96 pages in unavailable ranges
[    0.012130] On node 0, zone DMA: 8 pages in unavailable ranges
[    0.012130] On node 0, zone DMA: 1 pages in unavailable ranges
[    0.012131] On node 0, zone DMA: 1 pages in unavailable ranges
[    0.012188] On node 0, zone DMA: 236 pages in unavailable ranges
[    0.027155] On node 0, zone DMA32: 2 pages in unavailable ranges
[    0.027205] On node 0, zone DMA32: 786 pages in unavailable ranges
[    0.073068] On node 0, zone Normal: 224 pages in unavailable ranges
[    0.073088] setup_percpu: NR_CPUS:8192 nr_cpumask_bits:8 nr_cpu_ids:8 nr_node_ids:1
[    0.075006] percpu: Embedded 85 pages/cpu s225280 r8192 d114688 u524288
[    0.075066] kvm-guest: PV spinlocks enabled
[    0.075068] PV qspinlock hash table entries: 256 (order: 0, 4096 bytes, linear)
[    0.075071] Kernel command line: BOOT_IMAGE=(hd0,gpt2)/ostree/default-a68fdf669824e7bea84f6339c1b0a162c5382aa3213bb37b639d9879f3bc9dc0/vmlinuz-7.1.3-ogc3.4.fc44.x86_64 ostree=/ostree/boot.0/default/a68fdf669824e7bea84f6339c1b0a162c5382aa3213bb37b639d9879f3bc9dc0/0 console=tty0 console=ttyS0,115200 root=UUID=16d6e9ea-19b9-4095-9bf1-4c3c4973c5b8 vconsole.keymap=us rootflags=subvol=root rw bluetooth.disable_ertm=1
[    0.075292] Unknown kernel command line parameters "ostree=/ostree/boot.0/default/a68fdf669824e7bea84f6339c1b0a162c5382aa3213bb37b639d9879f3bc9dc0/0", will be passed to user space.
[    0.075488] printk: log buffer data + meta data: 262144 + 1114112 = 1376256 bytes
[    0.079192] Dentry cache hash table entries: 1048576 (order: 11, 8388608 bytes, linear)
[    0.081024] Inode-cache hash table entries: 524288 (order: 10, 4194304 bytes, linear)
[    0.081116] software IO TLB: area num 8.
[    0.094780] Fallback order for Node 0: 0 
[    0.094787] Built 1 zonelists, mobility grouping on.  Total pages: 2095797
[    0.094788] Policy zone: Normal
[    0.095879] mem auto-init: stack:all(zero), heap alloc:on, heap free:off
[    0.107090] SLUB: HWalign=64, Order=0-3, MinObjects=0, CPUs=8, Nodes=1
[    0.117353] ftrace: allocating 64544 entries in 254 pages
[    0.117356] ftrace: allocated 254 pages with 7 groups
[    0.118212] Dynamic Preempt: lazy
[    0.118335] rcu: Preemptible hierarchical RCU implementation.
[    0.118336] rcu: 	RCU event tracing is enabled.
[    0.118336] rcu: 	RCU restricting CPUs from NR_CPUS=8192 to nr_cpu_ids=8.
[    0.118338] 	Trampoline variant of Tasks RCU enabled.
[    0.118338] 	Rude variant of Tasks RCU enabled.
[    0.118338] 	Tracing variant of Tasks RCU enabled.
[    0.118339] rcu: RCU calculated value of scheduler-enlistment delay is 100 jiffies.
[    0.118340] rcu: Adjusting geometry for rcu_fanout_leaf=16, nr_cpu_ids=8
[    0.118357] RCU Tasks: Setting shift to 3 and lim to 1 rcu_task_cb_adjust=1 rcu_task_cpu_ids=8.
[    0.118358] RCU Tasks Rude: Setting shift to 3 and lim to 1 rcu_task_cb_adjust=1 rcu_task_cpu_ids=8.
[    0.122591] NR_IRQS: 524544, nr_irqs: 488, preallocated irqs: 16
[    0.122850] rcu: srcu_init: Setting srcu_struct sizes based on contention.
[    0.123040] kfence: initialized - using 2097152 bytes for 255 objects at 0x(____ptrval____)-0x(____ptrval____)
[    0.123123] Console: colour dummy device 80x25
[    0.123125] printk: legacy console [tty0] enabled
[    0.123376] printk: legacy console [ttyS0] enabled
[    0.459159] ACPI: Core revision 20251212
[    0.460581] clocksource: hpet: mask: 0xffffffff max_cycles: 0xffffffff, max_idle_ns: 19112604467 ns
[    0.463396] APIC: Switch to symmetric I/O mode setup
[    0.465059] x2apic enabled
[    0.466124] APIC: Switched APIC routing to: physical x2apic
[    0.467821] kvm-guest: APIC: send_IPI_mask() replaced with kvm_send_ipi_mask()
[    0.469993] kvm-guest: APIC: send_IPI_mask_allbutself() replaced with kvm_send_ipi_mask_allbutself()
[    0.472711] kvm-guest: setup PV IPIs
[    0.474695] ..TIMER: vector=0x30 apic1=0 pin1=2 apic2=-1 pin2=-1
[    0.476528] clocksource: tsc-early: mask: 0xffffffffffffffff max_cycles: 0x3b195b6e39b, max_idle_ns: 440795394037 ns
[    0.479643] Calibrating delay loop (skipped) preset value.. 8199.99 BogoMIPS (lpj=4099996)
[    0.480765] x86/cpu: User Mode Instruction Prevention (UMIP) activated
[    0.481754] Last level iTLB entries: 4KB 512, 2MB 255, 4MB 127
[    0.482651] Last level dTLB entries: 4KB 512, 2MB 255, 4MB 127, 1GB 0
[    0.483656] mitigations: Enabled attack vectors: user_kernel, user_user, guest_host, guest_guest, SMT mitigations: auto
[    0.484646] Speculative Store Bypass: Mitigation: Speculative Store Bypass disabled via prctl
[    0.485646] Transient Scheduler Attacks: Mitigation: Clear CPU buffers
[    0.486645] Spectre V2 : Mitigation: Enhanced / Automatic IBRS
[    0.487645] Speculative Return Stack Overflow: Mitigation: Safe RET
[    0.488645] Spectre V1 : Mitigation: usercopy/swapgs barriers and __user pointer sanitization
[    0.489652] Spectre V2 : mitigation: Enabling conditional Indirect Branch Prediction Barrier
[    0.490649] active return thunk: srso_alias_return_thunk
[    0.491671] x86/fpu: Supporting XSAVE feature 0x001: 'x87 floating point registers'
[    0.492645] x86/fpu: Supporting XSAVE feature 0x002: 'SSE registers'
[    0.493645] x86/fpu: Supporting XSAVE feature 0x004: 'AVX registers'
[    0.494653] x86/fpu: Supporting XSAVE feature 0x020: 'AVX-512 opmask'
[    0.495645] x86/fpu: Supporting XSAVE feature 0x040: 'AVX-512 Hi256'
[    0.496645] x86/fpu: Supporting XSAVE feature 0x080: 'AVX-512 ZMM_Hi256'
[    0.497645] x86/fpu: Supporting XSAVE feature 0x200: 'Protection Keys User registers'
[    0.498646] x86/fpu: xstate_offset[2]:  576, xstate_sizes[2]:  256
[    0.499646] x86/fpu: xstate_offset[5]:  832, xstate_sizes[5]:   64
[    0.500645] x86/fpu: xstate_offset[6]:  896, xstate_sizes[6]:  512
[    0.501645] x86/fpu: xstate_offset[7]: 1408, xstate_sizes[7]: 1024
[    0.502645] x86/fpu: xstate_offset[9]: 2432, xstate_sizes[9]:    8
[    0.503645] x86/fpu: Enabled xstate features 0x2e7, context size is 2440 bytes, using 'compacted' format.
[    0.533947] pid_max: default: 32768 minimum: 301
[    0.534814] Yama: becoming mindful.
[    0.535652] SELinux:  Initializing.
[    0.537095] LSM support for eBPF active
[    0.537680] landlock: Up and running.
[    0.538805] Mount-cache hash table entries: 16384 (order: 5, 131072 bytes, linear)
[    0.539708] Mountpoint-cache hash table entries: 16384 (order: 5, 131072 bytes, linear)
[    0.540850] VFS: Finished mounting rootfs on nullfs
[    0.542285] smpboot: CPU0: AMD Ryzen 7 8700F 8-Core Processor (family: 0x19, model: 0x75, stepping: 0x2)
[    0.543068] Performance Events: Fam17h+ core perfctr, AMD PMU driver.
[    0.543656] ... version:                   2
[    0.544647] ... bit width:                 48
[    0.545647] ... generic counters:          6
[    0.546647] ... generic bitmap:            000000000000003f
[    0.547648] ... fixed-purpose counters:    0
[    0.548647] ... fixed-purpose bitmap:      0000000000000000
[    0.549647] ... value mask:                0000ffffffffffff
[    0.550647] ... max period:                00007fffffffffff
[    0.551647] ... global_ctrl mask:          000000000000003f
[    0.552764] signal: max sigframe size: 3376
[    0.553731] rcu: Hierarchical SRCU implementation.
[    0.554652] rcu: 	Max phase no-delay instances is 400.
[    0.555785] Timer migration: 1 hierarchy levels; 8 children per group; 1 crossnode level
[    0.562196] smp: Bringing up secondary CPUs ...
[    0.562898] smpboot: x86: Booting SMP configuration:
[    0.563654] .... node  #0, CPUs:      #1 #2 #3 #4 #5 #6 #7
[    0.567691] smp: Brought up 1 node, 8 CPUs
[    0.569651] smpboot: Total of 8 processors activated (65599.93 BogoMIPS)
[    0.571336] Memory: 7798112K/8383188K available (24368K kernel code, 4756K rwdata, 18752K rodata, 5300K init, 4316K bss, 572416K reserved, 0K cma-reserved)
[    0.571938] devtmpfs: initialized
[    0.572803] x86/mm: Memory block size: 128MB
[    0.575146] ACPI: PM: Registering ACPI NVS region [mem 0x00800000-0x00807fff] (32768 bytes)
[    0.575653] ACPI: PM: Registering ACPI NVS region [mem 0x0080b000-0x0080bfff] (4096 bytes)
[    0.576657] ACPI: PM: Registering ACPI NVS region [mem 0x00814000-0x008fffff] (966656 bytes)
[    0.577673] ACPI: PM: Registering ACPI NVS region [mem 0x7fb7f000-0x7fbfefff] (524288 bytes)
[    0.578671] ACPI: PM: Registering ACPI NVS region [mem 0x7ff40000-0x7fffffff] (786432 bytes)
[    0.579840] clocksource: jiffies: mask: 0xffffffff max_cycles: 0xffffffff, max_idle_ns: 1911260446275000 ns
[    0.580702] posixtimers hash table entries: 4096 (order: 4, 65536 bytes, linear)
[    0.581726] futex hash table entries: 2048 (131072 bytes on 1 NUMA nodes, total 128 KiB, linear).
[    0.582802] xor: automatically using best checksumming function   avx       
[    0.584082] PM: RTC time: 17:18:42, date: 2026-07-20
[    0.586125] NET: Registered PF_NETLINK/PF_ROUTE protocol family
[    0.587359] DMA: preallocated 1024 KiB GFP_KERNEL pool for atomic allocations
[    0.588122] DMA: preallocated 1024 KiB GFP_KERNEL|GFP_DMA pool for atomic allocations
[    0.589136] DMA: preallocated 1024 KiB GFP_KERNEL|GFP_DMA32 pool for atomic allocations
[    0.589671] audit: initializing netlink subsys (disabled)
[    0.590694] audit: type=2000 audit(1784567922.198:1): state=initialized audit_enabled=0 res=1
[    0.590798] thermal_sys: Registered thermal governor 'fair_share'
[    0.591650] thermal_sys: Registered thermal governor 'bang_bang'
[    0.592648] thermal_sys: Registered thermal governor 'step_wise'
[    0.593648] thermal_sys: Registered thermal governor 'user_space'
[    0.594662] cpuidle: using governor menu
[    0.597851] Freeing SMP alternatives memory: 60K
[    0.600906] efi: Freeing EFI boot services memory: 44736K
[    0.601651] acpiphp: ACPI Hot Plug PCI Controller Driver version: 0.5
[    0.602920] PCI: ECAM [mem 0xe0000000-0xefffffff] (base 0xe0000000) for domain 0000 [bus 00-ff]
[    0.603664] PCI: Using configuration type 1 for base access
[    0.604755] virt/tdx: TDX not supported by the host platform
[    0.605699] kprobes: kprobe jump-optimization is enabled. All kprobes are optimized if possible.
[    0.606979] HugeTLB: registered 1.00 GiB page size, pre-allocated 0 pages
[    0.607651] HugeTLB: 16380 KiB vmemmap can be freed for a 1.00 GiB page
[    0.608649] HugeTLB: registered 2.00 MiB page size, pre-allocated 0 pages
[    0.609653] HugeTLB: 28 KiB vmemmap can be freed for a 2.00 MiB page
[    0.614349] raid6: skipped pq benchmark and selected avx512x4
[    0.614649] raid6: using avx512x2 recovery algorithm
[    0.615828] fbcon: Taking over console
[    0.616703] ACPI: Added _OSI(Module Device)
[    0.616704] ACPI: Added _OSI(Processor Device)
[    0.616706] ACPI: Added _OSI(Processor Aggregator Device)
[    0.621813] ACPI: 1 ACPI AML tables successfully acquired and loaded
[    0.623252] ACPI: \_SB_: platform _OSC: OS support mask [006e7eff]
[    0.623894] ACPI: Interpreter enabled
[    0.624663] ACPI: PM: (supports S0 S3 S4 S5)
[    0.625648] ACPI: Using IOAPIC for interrupt routing
[    0.626835] PCI: Using host bridge windows from ACPI; if necessary, use "pci=nocrs" and report a bug
[    0.627649] PCI: Ignoring E820 reservations for host bridge windows
[    0.628806] ACPI: Enabled 2 GPEs in block 00 to 3F
[    0.633694] ACPI: PCI Root Bridge [PCI0] (domain 0000 [bus 00-ff])
[    0.634654] acpi PNP0A08:00: _OSC: OS supports [ExtendedConfig ASPM ClockPM Segments MSI EDR HPX-Type3]
[    0.635720] acpi PNP0A08:00: _OSC: platform does not support [PCIeHotplug LTR DPC]
[    0.636759] acpi PNP0A08:00: _OSC: OS now controls [SHPCHotplug PME AER PCIeCapability]
[    0.637965] PCI host bridge to bus 0000:00
[    0.638652] pci_bus 0000:00: root bus resource [io  0x0000-0x0cf7 window]
[    0.639649] pci_bus 0000:00: root bus resource [io  0x0d00-0xffff window]
[    0.640649] pci_bus 0000:00: root bus resource [mem 0x000a0000-0x000bffff window]
[    0.641649] pci_bus 0000:00: root bus resource [mem 0x80000000-0xdfffffff window]
[    0.642650] pci_bus 0000:00: root bus resource [mem 0xf0000000-0xfebfffff window]
[    0.643649] pci_bus 0000:00: root bus resource [mem 0x380000000000-0x3807ffffffff window]
[    0.644650] pci_bus 0000:00: root bus resource [bus 00-ff]
[    0.645731] pci 0000:00:00.0: [8086:29c0] type 00 class 0x060000 conventional PCI endpoint
[    0.647732] pci 0000:00:01.0: [1af4:1000] type 00 class 0x020000 conventional PCI endpoint
[    0.650552] pci 0000:00:01.0: BAR 0 [io  0x60e0-0x60ff]
[    0.650664] pci 0000:00:01.0: BAR 1 [mem 0x80845000-0x80845fff]
[    0.651703] pci 0000:00:01.0: BAR 4 [mem 0x380000000000-0x380000003fff 64bit pref]
[    0.652664] pci 0000:00:01.0: ROM [mem 0xfffc0000-0xffffffff pref]
[    0.655108] pci 0000:00:02.0: [1af4:1050] type 00 class 0x030000 conventional PCI endpoint
[    0.657784] pci 0000:00:02.0: BAR 0 [mem 0x80000000-0x807fffff pref]
[    0.658727] pci 0000:00:02.0: BAR 2 [mem 0x380000004000-0x380000007fff 64bit pref]
[    0.659671] pci 0000:00:02.0: BAR 4 [mem 0x80844000-0x80844fff]
[    0.660680] pci 0000:00:02.0: ROM [mem 0xffff0000-0xffffffff pref]
[    0.661881] pci 0000:00:02.0: Video device with shadowed ROM at [mem 0x000c0000-0x000dffff]
[    0.664519] pci 0000:00:03.0: [1af4:1052] type 00 class 0x098000 conventional PCI endpoint
[    0.665674] pci 0000:00:03.0: BAR 1 [mem 0x80843000-0x80843fff]
[    0.666703] pci 0000:00:03.0: BAR 4 [mem 0x380000008000-0x38000000bfff 64bit pref]
[    0.668910] pci 0000:00:04.0: [1af4:1052] type 00 class 0x090000 conventional PCI endpoint
[    0.670897] pci 0000:00:04.0: BAR 1 [mem 0x80842000-0x80842fff]
[    0.671713] pci 0000:00:04.0: BAR 4 [mem 0x38000000c000-0x38000000ffff 64bit pref]
[    0.673889] pci 0000:00:05.0: [1af4:1001] type 00 class 0x010000 conventional PCI endpoint
[    0.676512] pci 0000:00:05.0: BAR 0 [io  0x6000-0x607f]
[    0.676663] pci 0000:00:05.0: BAR 1 [mem 0x80841000-0x80841fff]
[    0.677702] pci 0000:00:05.0: BAR 4 [mem 0x380000010000-0x380000013fff 64bit pref]
[    0.680023] pci 0000:00:1f.0: [8086:2918] type 00 class 0x060100 conventional PCI endpoint
[    0.681324] pci 0000:00:1f.0: quirk: [io  0x0600-0x067f] claimed by ICH6 ACPI/GPIO/TCO
[    0.682144] pci 0000:00:1f.2: [8086:2922] type 00 class 0x010601 conventional PCI endpoint
[    0.683719] pci 0000:00:1f.2: BAR 4 [io  0x60c0-0x60df]
[    0.684663] pci 0000:00:1f.2: BAR 5 [mem 0x80840000-0x80840fff]
[    0.686357] pci 0000:00:1f.3: [8086:2930] type 00 class 0x0c0500 conventional PCI endpoint
[    0.687233] pci 0000:00:1f.3: BAR 4 [io  0x6080-0x60bf]
[    0.691284] ACPI: PCI: Interrupt link LNKA configured for IRQ 10
[    0.691802] ACPI: PCI: Interrupt link LNKB configured for IRQ 10
[    0.692797] ACPI: PCI: Interrupt link LNKC configured for IRQ 11
[    0.693797] ACPI: PCI: Interrupt link LNKD configured for IRQ 11
[    0.694809] ACPI: PCI: Interrupt link LNKE configured for IRQ 10
[    0.695802] ACPI: PCI: Interrupt link LNKF configured for IRQ 10
[    0.696792] ACPI: PCI: Interrupt link LNKG configured for IRQ 11
[    0.697797] ACPI: PCI: Interrupt link LNKH configured for IRQ 11
[    0.698710] ACPI: PCI: Interrupt link GSIA configured for IRQ 16
[    0.699664] ACPI: PCI: Interrupt link GSIB configured for IRQ 17
[    0.700664] ACPI: PCI: Interrupt link GSIC configured for IRQ 18
[    0.701665] ACPI: PCI: Interrupt link GSID configured for IRQ 19
[    0.702664] ACPI: PCI: Interrupt link GSIE configured for IRQ 20
[    0.703668] ACPI: PCI: Interrupt link GSIF configured for IRQ 21
[    0.704667] ACPI: PCI: Interrupt link GSIG configured for IRQ 22
[    0.705667] ACPI: PCI: Interrupt link GSIH configured for IRQ 23
[    0.708064] iommu: Default domain type: Translated
[    0.708649] iommu: DMA domain TLB invalidation policy: lazy mode
[    0.710801] SCSI subsystem initialized
[    0.711741] ACPI: bus type USB registered
[    0.712717] usbcore: registered new interface driver usbfs
[    0.713671] usbcore: registered new interface driver hub
[    0.714666] usbcore: registered new device driver usb
[    0.715719] pps_core: LinuxPPS API ver. 1 registered
[    0.716648] pps_core: Software ver. 5.3.6 - Copyright 2005-2007 Rodolfo Giometti <giometti@linux.it>
[    0.717655] PTP clock support registered
[    0.718764] EDAC MC: Ver: 3.0.0
[    0.719981] efivars: Registered efivars operations
[    0.721241] NetLabel: Initializing
[    0.721649] NetLabel:  domain hash size = 128
[    0.722647] NetLabel:  protocols = UNLABELED CIPSOv4 CALIPSO
[    0.723707] NetLabel:  unlabeled traffic allowed by default
[    0.724659] mctp: management component transport protocol core
[    0.725652] NET: Registered PF_MCTP protocol family
[    0.726693] PCI: Using ACPI for IRQ routing
[    0.833914] e820: register RAM buffer resource [mem 0x0080b000-0x008fffff]
[    0.834777] e820: register RAM buffer resource [mem 0x00812000-0x008fffff]
[    0.835650] e820: register RAM buffer resource [mem 0x00814000-0x008fffff]
[    0.836649] e820: register RAM buffer resource [mem 0x7deed000-0x7fffffff]
[    0.837649] e820: register RAM buffer resource [mem 0x7def9000-0x7fffffff]
[    0.838656] e820: register RAM buffer resource [mem 0x7f8ed000-0x7fffffff]
[    0.839649] e820: register RAM buffer resource [mem 0x7ff20000-0x7fffffff]
[    0.840920] pci 0000:00:02.0: vgaarb: setting as boot VGA device
[    0.841640] pci 0000:00:02.0: vgaarb: bridge control possible
[    0.841640] pci 0000:00:02.0: vgaarb: VGA device added: decodes=io+mem,owns=io+mem,locks=none
[    0.841649] vgaarb: loaded
[    0.842942] hpet0: at MMIO 0xfed00000, IRQs 2, 8, 0
[    0.843649] hpet0: 3 comparators, 64-bit 100.000000 MHz counter
[    0.847803] clocksource: Switched to clocksource kvm-clock
[    0.849945] VFS: Disk quotas dquot_6.6.0
[    0.851131] VFS: Dquot-cache hash table entries: 512 (order 0, 4096 bytes)
[    0.853529] acpi PNP0C01:00: Reserved [mem 0xe0000000-0xefffffff]
[    0.855431] pnp: PnP ACPI init
[    0.856963] pnp: PnP ACPI: found 4 devices
[    0.865358] clocksource: acpi_pm: mask: 0xffffff max_cycles: 0xffffff, max_idle_ns: 2085701024 ns
[    0.868095] NET: Registered PF_INET protocol family
[    0.870106] IP idents hash table entries: 131072 (order: 8, 1048576 bytes, linear)
[    0.891300] tcp_listen_portaddr_hash hash table entries: 4096 (order: 4, 65536 bytes, linear)
[    0.893958] Table-perturb hash table entries: 65536 (order: 6, 262144 bytes, linear)
[    0.896496] TCP established hash table entries: 65536 (order: 7, 524288 bytes, linear)
[    0.898904] TCP bind hash table entries: 65536 (order: 9, 2097152 bytes, linear)
[    0.901167] TCP: Hash tables configured (established 65536 bind 65536)
[    0.903363] MPTCP token hash table entries: 8192 (order: 6, 196608 bytes, linear)
[    0.905696] UDP hash table entries: 4096 (order: 6, 262144 bytes, linear)
[    0.907822] NET: Registered PF_UNIX/PF_LOCAL protocol family
[    0.909514] NET: Registered PF_XDP protocol family
[    0.910954] pci 0000:00:01.0: ROM [mem 0xfffc0000-0xffffffff pref]: can't claim; no compatible bridge window
[    0.913853] pci 0000:00:01.0: ROM [mem 0x80800000-0x8083ffff pref]: assigned
[    0.915930] pci_bus 0000:00: resource 4 [io  0x0000-0x0cf7 window]
[    0.917751] pci_bus 0000:00: resource 5 [io  0x0d00-0xffff window]
[    0.919568] pci_bus 0000:00: resource 6 [mem 0x000a0000-0x000bffff window]
[    0.921586] pci_bus 0000:00: resource 7 [mem 0x80000000-0xdfffffff window]
[    0.923599] pci_bus 0000:00: resource 8 [mem 0xf0000000-0xfebfffff window]
[    0.925615] pci_bus 0000:00: resource 9 [mem 0x380000000000-0x3807ffffffff window]
[    0.928000] PCI: CLS 0 bytes, default 64
[    0.929274] PCI-DMA: Using software bounce buffering for IO (SWIOTLB)
[    0.929460] Trying to unpack rootfs image as initramfs...
[    0.931165] software IO TLB: mapped [mem 0x0000000077e7e000-0x000000007be7e000] (64MB)
[    0.935189] clocksource: tsc: mask: 0xffffffffffffffff max_cycles: 0x3b195b6e39b, max_idle_ns: 440795394037 ns
[    0.946346] Initialise system trusted keyrings
[    0.947797] Key type blacklist registered
[    0.949525] workingset: timestamp_bits=36 (anon: 32) max_order=21 bucket_order=0 (anon: 0)
[    0.954217] integrity: Platform Keyring initialized
[    0.955695] integrity: Machine keyring initialized
[    0.957348] cryptd: max_cpu_qlen set to 1000
[    0.966831] NET: Registered PF_ALG protocol family
[    0.968280] Key type asymmetric registered
[    0.969500] Asymmetric key parser 'x509' registered
[    0.971659] Block layer SCSI generic (bsg) driver version 0.4 loaded (major 244)
[    0.974014] io scheduler mq-deadline registered
[    0.975364] io scheduler kyber registered
[    0.976726] io scheduler bfq registered
[    0.978667] atomic64_test: passed for x86-64 platform with CX8 and with SSE
[    0.981124] input: Power Button as /devices/platform/LNXPWRBN:00/input/input0
[    0.983356] ACPI: button: Power Button [PWRF]
[    0.987117] ACPI: \_SB_.GSIF: Enabled at IRQ 21
[    0.990875] ACPI: \_SB_.GSIG: Enabled at IRQ 22
[    0.994077] ACPI: \_SB_.GSIH: Enabled at IRQ 23
[    0.996974] ACPI: \_SB_.GSIE: Enabled at IRQ 20
[    1.001301] Serial: 8250/16550 driver, 32 ports, IRQ sharing enabled
[    1.003576] 00:03: ttyS0 at I/O 0x3f8 (irq = 4, base_baud = 115200) is a 16550A
[    1.009160] Non-volatile memory driver v1.3
[    1.010659] ACPI: bus type drm_connector registered
[    1.014018] virtio_blk virtio4: 8/0/0 default/read/poll queues
[    1.019716] virtio_blk virtio4: [vda] 134217728 512-byte logical blocks (68.7 GB/64.0 GiB)
[    1.024132]  vda: vda1 vda2 vda3
[    1.026124] ACPI: \_SB_.GSIA: Enabled at IRQ 16
[    1.028916] ahci 0000:00:1f.2: AHCI vers 0001.0000, 32 command slots, 1.5 Gbps, SATA mode
[    1.031322] ahci 0000:00:1f.2: 6/6 ports implemented (port mask 0x3f)
[    1.033210] ahci 0000:00:1f.2: flags: 64bit ncq only 
[    1.036701] scsi host0: ahci
[    1.038080] scsi host1: ahci
[    1.039186] scsi host2: ahci
[    1.040300] scsi host3: ahci
[    1.041374] scsi host4: ahci
[    1.042993] scsi host5: ahci
[    1.044039] ata1: SATA max UDMA/133 abar m4096@0x80840000 port 0x80840100 irq 33 lpm-pol 1
[    1.046496] ata2: SATA max UDMA/133 abar m4096@0x80840000 port 0x80840180 irq 33 lpm-pol 1
[    1.048911] ata3: SATA max UDMA/133 abar m4096@0x80840000 port 0x80840200 irq 33 lpm-pol 1
[    1.051360] ata4: SATA max UDMA/133 abar m4096@0x80840000 port 0x80840280 irq 33 lpm-pol 1
[    1.053787] ata5: SATA max UDMA/133 abar m4096@0x80840000 port 0x80840300 irq 33 lpm-pol 1
[    1.056210] ata6: SATA max UDMA/133 abar m4096@0x80840000 port 0x80840380 irq 33 lpm-pol 1
[    1.058959] CAN device driver interface
[    1.060709] usbcore: registered new interface driver usbserial_generic
[    1.062701] usbserial: USB Serial support registered for generic
[    1.064552] i8042: PNP: PS/2 Controller [PNP0303:KBD,PNP0f13:MOU] at 0x60,0x64 irq 1,12
[    1.068028] serio: i8042 KBD port at 0x60,0x64 irq 1
[    1.069551] serio: i8042 AUX port at 0x60,0x64 irq 12
[    1.071317] mousedev: PS/2 mouse device common for all mice
[    1.073353] rtc_cmos PNP0B00:00: RTC can wake from S4
[    1.075614] rtc_cmos PNP0B00:00: registered as rtc0
[    1.077568] rtc_cmos PNP0B00:00: setting system clock to 2026-07-20T17:18:42 UTC (1784567922)
[    1.080704] rtc_cmos PNP0B00:00: alarms up to one day, y3k, 242 bytes nvram
[    1.083043] device-mapper: core: CONFIG_IMA_DISABLE_HTABLE is disabled. Duplicate IMA measurements will not be recorded in the IMA log.
[    1.086913] device-mapper: uevent: version 1.0.3
[    1.088504] input: AT Translated Set 2 keyboard as /devices/platform/i8042/serio0/input/input1
[    1.090817] device-mapper: ioctl: 4.50.0-ioctl (2025-04-28) initialised: dm-devel@lists.linux.dev
[    1.094646] amd_pstate: The CPPC feature is supported but currently disabled by the BIOS.
[    1.094646] Please enable it if your BIOS has the CPPC option.
[    1.098801] amd_pstate: the _CPC object is not present in SBIOS or ACPI disabled
[    1.101754] input: VirtualPS/2 VMware VMMouse as /devices/platform/i8042/serio1/input/input4
[    1.101894] simple-framebuffer simple-framebuffer.0: [drm] Registered 1 planes with drm panic
[    1.106851] [drm] Initialized simpledrm 1.0.0 for simple-framebuffer.0 on minor 0
[    1.107240] input: VirtualPS/2 VMware VMMouse as /devices/platform/i8042/serio1/input/input3
[    1.114945] Console: switching to colour frame buffer device 160x50
[    1.117491] simple-framebuffer simple-framebuffer.0: [drm] fb0: simpledrmdrmfb frame buffer device
[    1.120319] hid: raw HID events driver (C) Jiri Kosina
[    1.121911] usbcore: registered new interface driver usbhid
[    1.123630] usbhid: USB HID core driver
[    1.124990] drop_monitor: Initializing network drop monitor service
[    1.127053] Initializing XFRM netlink socket
[    1.128426] NET: Registered PF_INET6 protocol family
[    1.130589] Segment Routing with IPv6
[    1.131697] RPL Segment Routing with IPv6
[    1.132923] In-situ OAM (IOAM) with IPv6
[    1.134124] mip6: Mobile IPv6
[    1.135048] NET: Registered PF_PACKET protocol family
[    1.136569] can: controller area network core
[    1.137940] NET: Registered PF_CAN protocol family
[    1.141415] IPI shorthand broadcast: enabled
[    1.147090] sched_clock: Marking stable (798002127, 348775112)->(1356631222, -209853983)
[    1.150173] registered taskstats version 1
[    1.154497] Loading compiled-in X.509 certificates
[    1.163372] Loaded X.509 cert 'Build time autogenerated kernel key: ee71fdbd84a1e7d51c52f7049642deb14d1904d3'
[    1.175109] Demotion targets for Node 0: null
[    1.176865] page_owner is disabled
[    1.178171] Key type .fscrypt registered
[    1.179355] Key type fscrypt-provisioning registered
[    1.182084] Btrfs loaded, zoned=yes, fsverity=yes
[    1.183544] Key type big_key registered
[    1.185520] Key type encrypted registered
[    1.187092] ima: No TPM chip found, activating TPM-bypass!
[    1.189074] Loading compiled-in module X.509 certificates
[    1.191434] Loaded X.509 cert 'Build time autogenerated kernel key: ee71fdbd84a1e7d51c52f7049642deb14d1904d3'
[    1.194998] ima: Allocated hash algorithm: sha256
[    1.197253] ima: No architecture policies found
[    1.198874] evm: Initialising EVM extended attributes:
[    1.201478] evm: security.selinux
[    1.202907] evm: security.SMACK64 (disabled)
[    1.204349] evm: security.SMACK64EXEC (disabled)
[    1.206360] evm: security.SMACK64TRANSMUTE (disabled)
[    1.208050] evm: security.SMACK64MMAP (disabled)
[    1.209791] evm: security.apparmor
[    1.211076] evm: security.ima
[    1.212297] evm: security.capability
[    1.213505] evm: HMAC attrs: 0x1
[    1.216617] alg: No test for 842 (842-scomp)
[    1.225092] PM:   Magic number: 2:584:340
[    1.227042] RAS: Correctable Errors collector initialized.
[    1.229657] clk: Disabling unused clocks
[    1.231223] PM: genpd: Disabling unused power domains
[    1.364863] ata6: SATA link down (SStatus 0 SControl 300)
[    1.367413] ata4: SATA link down (SStatus 0 SControl 300)
[    1.369445] ata2: SATA link down (SStatus 0 SControl 300)
[    1.371707] ata3: SATA link up 1.5 Gbps (SStatus 113 SControl 300)
[    1.373985] ata1: SATA link down (SStatus 0 SControl 300)
[    1.376047] ata5: SATA link down (SStatus 0 SControl 300)
[    1.377974] ata3.00: ATAPI: QEMU DVD-ROM, 2.5+, max UDMA/100
[    1.380072] ata3.00: applying bridge limits
[    1.381752] ata3.00: configured for UDMA/100
[    1.383818] scsi 2:0:0:0: CD-ROM            QEMU     QEMU DVD-ROM     2.5+ PQ: 0 ANSI: 5
[    1.403208] sr 2:0:0:0: [sr0] scsi3-mmc drive: 4x/4x cd/rw xa/form2 tray
[    1.418010] cdrom: Uniform CD-ROM driver Revision: 3.20
[    1.429825] sr 2:0:0:0: Attached scsi generic sg0 type 5
[    1.827850] Freeing initrd memory: 246088K
[    1.831897] Freeing unused decrypted memory: 2028K
[    1.836047] Freeing unused kernel image (initmem) memory: 5300K
[    1.838008] Write protecting the kernel read-only data: 45056k
[    1.840167] Freeing unused kernel image (text/rodata gap) memory: 204K
[    1.843027] Freeing unused kernel image (rodata/data gap) memory: 1728K
[    1.884112] x86/mm: Checked W+X mappings: passed, no W+X pages found.
[    1.885953] Run /init as init process
P+q6E616D65\[    2.238183] fuse: init (API version 7.45)
[    2.252246] systemd[1]: Successfully made /usr/ read-only.
[6n[32766;32766H[6n[!p]104\[0m[?7h[1G[0J[    2.589563] systemd[1]: systemd 259.7-1.fc44 running in system mode (+PAM +AUDIT +SELINUX -APPARMOR +IMA +IPE +SMACK +SECCOMP -GCRYPT +GNUTLS +OPENSSL +ACL +BLKID +CURL +ELFUTILS +FIDO2 +IDN2 -IDN +KMOD +LIBCRYPTSETUP +LIBCRYPTSETUP_PLUGINS +LIBFDISK +PCRE2 +PWQUALITY +P11KIT +QRENCODE +TPM2 +BZIP2 +LZ4 +XZ +ZLIB +ZSTD +BPF_FRAMEWORK +BTF +XKBCOMMON +UTMP +SYSVINIT +LIBARCHIVE)
[    2.597795] systemd[1]: Detected virtualization kvm.
[    2.599285] systemd[1]: Detected architecture x86-64.
[    2.600783] systemd[1]: Running in initrd.
[0;1;39mBooting initrd of [0m[0;38;2;138;43;226mBazzite dracut-108-7.fc44 (Initramfs)[0m[0;1;39m.[0m
[    2.604933] systemd[1]: Initializing machine ID from random generator.
[    2.606848] systemd[1]: No hostname configured, using default hostname.
[    2.608802] systemd[1]: Hostname set to <bazzite>.
]3008;start=26c86f3ed366449f82af40aefcaab463;user=root;hostname=bazzite;machineid=0db33f01b21f4f06858c30843daae4cb;bootid=c05e7948df9a4f3e960b18673df11ce2;pid=1;pidfdid=1;comm=systemd;type=boot\[    2.706114] systemd[1]: bpf-restrict-fs: LSM BPF program attached
[    2.759970] systemd[1]: /usr/lib/systemd/system/systemd-udevd.service:56: System call bpf cannot be resolved as libseccomp is not available, ignoring: Operation not supported
[    2.778607] systemd[1]: Queued start job for default target initrd.target.
[    2.786387] systemd[1]: Expecting device dev-disk-by\x2duuid-16d6e9ea\x2d19b9\x2d4095\x2d9bf1\x2d4c3c4973c5b8.device - /dev/disk/by-uuid/16d6e9ea-19b9-4095-9bf1-4c3c4973c5b8...
         Expecting device [0;1;39mdev-disk-by\x2duu…[0me9ea-19b9-4095-9bf1-4c3c4973c5b8...
[    2.792988] systemd[1]: Reached target initrd-usr-fs.target - Initrd /usr File System.
[[0;32m  OK  [0m] Reached target [0;1;39minitrd-usr-fs.target[0m - Initrd /usr File System.
[    2.797950] systemd[1]: Reached target slices.target - Slice Units.
[[0;32m  OK  [0m] Reached target [0;1;39mslices.target[0m - Slice Units.
[    2.801858] systemd[1]: Reached target swap.target - Swaps.
[[0;32m  OK  [0m] Reached target [0;1;39mswap.target[0m - Swaps.
[    2.805366] systemd[1]: Reached target timers.target - Timer Units.
[[0;32m  OK  [0m] Reached target [0;1;39mtimers.target[0m - Timer Units.
[    2.809282] systemd[1]: Listening on pcscd.socket - PC/SC Smart Card Daemon Activation Socket (Dracut).
[[0;32m  OK  [0m] Listening on [0;1;39mpcscd.socket[0m - PC/SC … Daemon Activation Socket (Dracut).
[    2.814572] systemd[1]: Listening on systemd-journald-dev-log.socket - Journal Socket (/dev/log).
[[0;32m  OK  [0m] Listening on [0;1;39msystemd-journald-dev-…socket[0m - Journal Socket (/dev/log).
[    2.819568] systemd[1]: Listening on systemd-journald.socket - Journal Sockets.
[[0;32m  OK  [0m] Listening on [0;1;39msystemd-journald.socket[0m - Journal Sockets.
[    2.823927] systemd[1]: Listening on systemd-udevd-control.socket - udev Control Socket.
[[0;32m  OK  [0m] Listening on [0;1;39msystemd-udevd-control.socket[0m - udev Control Socket.
[    2.828767] systemd[1]: Listening on systemd-udevd-kernel.socket - udev Kernel Socket.
[[0;32m  OK  [0m] Listening on [0;1;39msystemd-udevd-kernel.socket[0m - udev Kernel Socket.
[    2.833675] systemd[1]: Reached target sockets.target - Socket Units.
[[0;32m  OK  [0m] Reached target [0;1;39msockets.target[0m - Socket Units.
[    2.839125] systemd[1]: Starting kmod-static-nodes.service - Create List of Static Device Nodes...
         Starting [0;1;39mkmod-static-nodes.service[0m…eate List of Static Device Nodes...
[    2.844486] systemd[1]: memstrack.service - Memstrack Anylazing Service skipped, no trigger condition checks were met.
[    2.853070] systemd[1]: Starting systemd-journald.service - Journal Service...
         Starting [0;1;39msystemd-journald.service[0m - Journal Service...
[    2.857954] systemd[1]: Starting systemd-modules-load.service - Load Kernel Modules...
         Starting [0;1;39msystemd-modules-load.service[0m - Load Kernel Modules...
[    2.862362] systemd-journald[249]: Collecting audit messages is disabled.
[    2.862377] systemd[1]: systemd-pcrphase-initrd.service - TPM PCR Barrier (initrd) skipped, unmet condition check ConditionSecurity=measured-uki
[    2.868662] i2c_dev: i2c /dev entries driver
[    2.870490] Asymmetric key parser 'pkcs8' registered
[    2.872857] gcadapter_oc: loading out-of-tree module taints kernel.
[    2.874259] systemd[1]: Starting systemd-vconsole-setup.service - Virtual Console Setup...
[    2.874311] gcadapter_oc: module verification failed: signature and/or required key missing - tainting kernel
[    2.880436] usbcore: registered new interface driver system76-io
         Starting [0;1;39msystemd-vconsole-setup.service[0m - Virtual Console Setup...
[    2.885522] mc: Linux media interface: v0.10
[    2.887091] kvmfr: creating 0 static devices
[    2.888099] systemd[1]: Finished kmod-static-nodes.service - Create List of Static Device Nodes.
[[0;32m  OK  [0m] Finished [0[    2.890813] kvmfr: kvmfr_module_init: module loaded
;1;39mkmod-static-nodes.service[0m…Create List of Static Device Nodes.
[    2.891683] system76: Model does not utilize this driver
[    2.895468] systemd[1]: Starting systemd-tmpfiles-setup-dev-early.service - Create Static Device Nodes in /dev gracefully...
         Starting [0;1;39msystemd-tmpfiles-setu[    2.900893] systemd[1]: Started systemd-journald.service - Journal Service.
p-de…[0m Device Nodes in /dev gracefully...
[[0;32m  OK  [0m] Started [0;1;39msystemd-journald.service[0m - Journal Service.
[    2.907157] videodev: Linux video capture interface: v2.00
[[0;32m  OK  [0m] Finished [0;1;39msystemd-tmpfiles-setup-de…[0mic Device Nodes in /dev gracefully.
         Starting [0;1;39msystemd-tmpfiles-setup-de…[0meate Static Device Nodes in /dev...
[    2.926230] v4l2-loopback driver version 0.15.4 loaded
[[0;32m  OK  [0m] Finished [0;1;39msystemd-modules-load.service[0m - Load Kernel Modules.
[[0;32m  OK  [0m] Finished [0;1;39msystemd-vconsole-setup.service[0m - Virtual Console Setup.
[[0;32m  OK  [0m] Finished [0;1;39msystemd-tmpfiles-setup-de…[0mCreate Static Device Nodes in /dev.
[[0;32m  OK  [0m] Reached target [0;1;39mlocal-fs-pre.target[0m…Preparation for Local File Systems.
[[0;32m  OK  [0m] Reached target [0;1;39mlocal-fs.target[0m - Local File Systems.
         Starting [0;1;39mdracut-cmdline-ask.servic…[0mor additional cmdline parameters...
         Starting [0;1;39msystemd-sysctl.service[0m - Apply Kernel Variables...
         Starting [0;1;39msystemd-tmpfiles-setup.se…[0mate System Files and Directories...
[[0;32m  OK  [0m] Finished [0;1;39msystemd-sysctl.service[0m - Apply Kernel Variables.
[[0;32m  OK  [0m] Finished [0;1;39msystemd-tmpfiles-setup.se…[0mreate System Files and Directories.
[[0;32m  OK  [0m] Finished [0;1;39mdracut-cmdline-ask.servic…[0m for additional cmdline parameters.
         Starting [0;1;39mdracut-cmdline.service[0m - dracut cmdline hook...
[[0;32m  OK  [0m] Finished [0;1;39mdracut-cmdline.service[0m - dracut cmdline hook.
         Starting [0;1;39mdracut-pre-udev.service[0m - dracut pre-udev hook...
[    3.100446] VFIO - User Level meta-driver version: 0.3
[[0;32m  OK  [0m] Finished [0;1;39mdracut-pre-udev.service[0m - dracut pre-udev hook.
         Starting [0;1;39msystemd-udevd.service[0m - R…ager for Device Events and Files...
[[0;32m  OK  [0m] Started [0;1;39msystemd-udevd.service[0m - Ru…anager for Device Events and Files.
         Starting [0;1;39mdracut-pre-trigger.service[0m - dracut pre-trigger hook...
[[0;32m  OK  [0m] Finished [0;1;39mdracut-pre-trigger.service[0m - dracut pre-trigger hook.
         Starting [0;1;39msystemd-udev-trigger.service[0m - Coldplug All udev Devices...
[[0;32m  OK  [0m] Finished [0;1;39msystemd-udev-trigger.service[0m - Coldplug All udev Devices.
         Starting [0;1;39mdracut-initqueue.service[0m - dracut initqueue hook...
         Starting [0;1;39mplymouth-start.service[0m - Show Plymouth Boot Screen...
[[0;32m  OK  [0m] Created slice [0;1;39msystem-modprobe.slice[0m - Slice /system/modprobe.
[[0;32m  OK  [0m] Started [0;1;39mplymouth-start.service[0m - Show Plymouth Boot Screen.
[[0;32m  OK  [0m] Started [0;1;39msystemd-ask-password-plymo…[0mquests to Plymouth Directory Watch.
[[0;32m  OK  [0m] Reached target [0;1;39mcryptsetup.target[0m - Local Encrypted Volumes.
[[0;32m  OK  [0m] Reached target [0;1;39mpaths.target[0m - Path Units.
[[0;32m  OK  [0m] Found device [0;1;39mdev-disk-by\x2duuid-1…[0md6e9ea-19b9-4095-9bf1-4c3c4973c5b8.
[[0;32m  OK  [0m] Reached target [0;1;39minitrd-root-device.target[0m - Initrd Root Device.
[0;21;39m[drm] pci: virtio-vga detected at 0000:00:02.0[0m
[[0;32m  OK  [0m] Stopped [0;1;39msystemd-vconsole-setup.service[0m - Virtual Console Setup.
         Stopping [0;1;39msystemd-vconsole-setup.service[0m - Virtual Console Setup...
         Starting [0;1;39msystemd-vconsole-setup.service[0m - Virtual Console Setup...
[0;21;39mConsole: switching to colour dummy device 80x25[0m
[0;21;39mvirtio-pci 0000:00:02.0: vgaarb: deactivate vga console[0m
[0;21;39m[drm] features: -virgl +edid -resource_blob -host_visible[0m
[0;21;39m[drm] features: -context_init[0m
[0;21;39m[drm] number of scanouts: 1[0m
[0;21;39m[drm] number of cap sets: 0[0m
[0;21;39mvirtio-pci 0000:00:02.0: [drm] Registered 1 planes with drm panic[0m
[0;21;39m[drm] Initialized virtio_gpu 0.1.0 for 0000:00:02.0 on minor 1[0m
[0;21;39mfbcon: virtio_gpudrmfb (fb0) is primary device[0m
[0;21;39mConsole: switching to colour frame buffer device 160x50[0m
[[0;32m  OK  [0m] Stopped [0;1;39msystemd-vconsole-setup.service[0m - Virtual Console Setup.
[0;21;39mvirtio-pci 0000:00:02.0: [drm] fb0: virtio_gpudrmfb frame buffer device[0m
         Starting [0;1;39msystemd-vconsole-setup.service[0m - Virtual Console Setup...
[[0;32m  OK  [0m] Finished [0;1;39mdracut-initqueue.service[0m - dracut initqueue hook.
[[0;32m  OK  [0m] Reached target [0;1;39mremote-fs-pre.targe…[0mreparation for Remote File Systems.
[[0;32m  OK  [0m] Reached target [0;1;39mremote-cryptsetup.target[0m - Remote Encrypted Volumes.
[[0;32m  OK  [0m] Reached target [0;1;39mremote-fs.target[0m - Remote File Systems.
         Starting [0;1;39mdracut-pre-mount.service[0m - dracut pre-mount hook...
[[0;32m  OK  [0m] Finished [0;1;39mdracut-pre-mount.service[0m - dracut pre-mount hook.
         Starting [0;1;39msystemd-fsck-root.service[0m…e9ea-19b9-4095-9bf1-4c3c4973c5b8...
[[0;32m  OK  [0m] Finished [0;1;39msystemd-fsck-root.service[0m…d6e9ea-19b9-4095-9bf1-4c3c4973c5b8.
[[0;32m  OK  [0m] Finished [0;1;39msystemd-vconsole-setup.service[0m - Virtual Console Setup.
         Mounting [0;1;39msys-kernel-config.mount[0m - Kernel Configuration File System...
         Mounting [0;1;39msysroot.mount[0m - /sysroot...
[[0;32m  OK  [0m] Mounted [0;1;39msys-kernel-config.mount[0m - Kernel Configuration File System.
[[0;32m  OK  [0m] Reached target [0;1;39msysinit.target[0m - System Initialization.
[[0;32m  OK  [0m] Reached target [0;1;39mbasic.target[0m - Basic System.
[0;21;39mBTRFS: device label fedora_bazzite-labwc-test devid 1 transid 397 /dev/vda3 (253:3) scanned by mount (556)[0m
[0;21;39mBTRFS info (device vda3): first mount of filesystem 16d6e9ea-19b9-4095-9bf1-4c3c4973c5b8[0m
[0;21;39mBTRFS info (device vda3): using crc32c checksum algorithm[0m
[0;21;39mBTRFS info (device vda3): turning on async discard[0m
[0;21;39mBTRFS info (device vda3): enabling free space tree[0m
[[0;32m  OK  [0m] Mounted [0;1;39msysroot.mount[0m - /sysroot.
         Starting [0;1;39mostree-prepare-root.service[0m - OSTree Prepare OS/...
[0;21;32mnetfs: FS-Cache loaded[0m
[0;21;39merofs (device erofs): mounted with root inode @ nid 36.[0m
[[0;32m  OK  [0m] Finished [0;1;39mostree-prepare-root.service[0m - OSTree Prepare OS/.
[[0;32m  OK  [0m] Reached target [0;1;39minitrd-root-fs.target[0m - Initrd Root File System.
         Starting [0;1;39minitrd-parse-etc.service[0m …ints Configured in the Real Root...
[[0;32m  OK  [0m] Finished [0;1;39minitrd-parse-etc.service[0m …points Configured in the Real Root.
[[0;32m  OK  [0m] Reached target [0;1;39minitrd-fs.target[0m - Initrd File Systems.
[[0;32m  OK  [0m] Reached target [0;1;39minitrd.target[0m - Initrd Default Target.
         Starting [0;1;39mdracut-pre-pivot.service[0m …racut pre-pivot and cleanup hook...
[[0;32m  OK  [0m] Finished [0;1;39mdracut-pre-pivot.service[0m - dracut pre-pivot and cleanup hook.
         Starting [0;1;39minitrd-cleanup.service[0m - …ing Up and Shutting Down Daemons...
[[0;32m  OK  [0m] Stopped target [0;1;39mremote-cryptsetup.target[0m - Remote Encrypted Volumes.
[[0;32m  OK  [0m] Stopped target [0;1;39mtimers.target[0m - Timer Units.
[[0;32m  OK  [0m] Closed [0;1;39mpcscd.socket[0m - PC/SC Smart … Daemon Activation Socket (Dracut).
[[0;32m  OK  [0m] Stopped [0;1;39mdracut-pre-pivot.service[0m - dracut pre-pivot and cleanup hook.
[[0;32m  OK  [0m] Stopped target [0;1;39minitrd.target[0m - Initrd Default Target.
[[0;32m  OK  [0m] Stopped target [0;1;39mbasic.target[0m - Basic System.
[[0;32m  OK  [0m] Stopped target [0;1;39minitrd-root-device.target[0m - Initrd Root Device.
[[0;32m  OK  [0m] Stopped target [0;1;39minitrd-usr-fs.target[0m - Initrd /usr File System.
[[0;32m  OK  [0m] Stopped target [0;1;39mpaths.target[0m - Path Units.
[[0;32m  OK  [0m] Stopped target [0;1;39mremote-fs.target[0m - Remote File Systems.
[[0;32m  OK  [0m] Stopped target [0;1;39mremote-fs-pre.targe…[0mreparation for Remote File Systems.
[[0;32m  OK  [0m] Stopped target [0;1;39mslices.target[0m - Slice Units.
[[0;32m  OK  [0m] Stopped target [0;1;39msockets.target[0m - Socket Units.
[[0;32m  OK  [0m] Stopped target [0;1;39msysinit.target[0m - System Initialization.
[[0;32m  OK  [0m] Stopped target [0;1;39mswap.target[0m - Swaps.
[[0;32m  OK  [0m] Stopped [0;1;39mdracut-pre-mount.service[0m - dracut pre-mount hook.
[[0;32m  OK  [0m] Stopped target [0;1;39mcryptsetup.target[0m - Local Encrypted Volumes.
[[0;32m  OK  [0m] Stopped [0;1;39mdracut-initqueue.service[0m - dracut initqueue hook.
         Starting [0;1;39mplymouth-switch-root.serv…e[0m - Plymouth switch root service...
[[0;32m  OK  [0m] Stopped [0;1;39msystemd-sysctl.service[0m - Apply Kernel Variables.
[[0;32m  OK  [0m] Stopped [0;1;39msystemd-modules-load.service[0m - Load Kernel Modules.
[[0;32m  OK  [0m] Stopped [0;1;39msystemd-tmpfiles-setup.ser…[0mreate System Files and Directories.
[[0;32m  OK  [0m] Stopped target [0;1;39mlocal-fs.target[0m - Local File Systems.
[[0;32m  OK  [0m] Stopped target [0;1;39mlocal-fs-pre.target[0m…Preparation for Local File Systems.
[[0;32m  OK  [0m] Stopped [0;1;39msystemd-udev-trigger.service[0m - Coldplug All udev Devices.
[[0;32m  OK  [0m] Stopped [0;1;39mdracut-pre-trigger.service[0m - dracut pre-trigger hook.
         Stopping [0;1;39msystemd-udevd.service[0m - R…ager for Device Events and Files...
[[0;32m  OK  [0m] Finished [0;1;39minitrd-cleanup.service[0m - …aning Up and Shutting Down Daemons.
[[0;32m  OK  [0m] Stopped [0;1;39msystemd-udevd.service[0m - Ru…anager for Device Events and Files.
[[0;32m  OK  [0m] Closed [0;1;39msystemd-udevd-control.socket[0m - udev Control Socket.
[[0;32m  OK  [0m] Stopped [0;1;39mdracut-pre-udev.service[0m - dracut pre-udev hook.
[[0;32m  OK  [0m] Stopped [0;1;39mdracut-cmdline.service[0m - dracut cmdline hook.
[[0;32m  OK  [0m] Stopped [0;1;39mdracut-cmdline-ask.service[0m… for additional cmdline parameters.
         Starting [0;1;39minitrd-udevadm-cleanup-db.service[0m - Cleanup udev Database...
[[0;32m  OK  [0m] Stopped [0;1;39msystemd-tmpfiles-setup-dev…[0mCreate Static Device Nodes in /dev.
[[0;32m  OK  [0m] Stopped [0;1;39msystemd-tmpfiles-setup-dev…[0mic Device Nodes in /dev gracefully.
[[0;32m  OK  [0m] Stopped [0;1;39mkmod-static-nodes.service[0m …Create List of Static Device Nodes.
[[0;32m  OK  [0m] Finished [0;1;39minitrd-udevadm-cleanup-db.service[0m - Cleanup udev Database.
[[0;32m  OK  [0m] Reached target [0;1;39minitrd-switch-root.target[0m - Switch Root.
[[0;32m  OK  [0m] Finished [0;1;39mplymouth-switch-root.service[0m - Plymouth switch root service.
         Starting [0;1;39minitrd-switch-root.service[0m - Switch Root...
[0;21;39msystemd-journald[249]: Received SIGTERM from PID 1 (systemd).[0m
[0;21;32maudit: type=1404 audit(1784567925.819:2): enforcing=1 old_enforcing=0 auid=4294967295 ses=4294967295 enabled=1 old-enabled=1 lsm=selinux res=1[0m
[0;21;39mSELinux:  Permission firmware_load in class system not defined in policy.[0m
[0;21;39mSELinux:  Permission kexec_image_load in class system not defined in policy.[0m
[0;21;39mSELinux:  Permission kexec_initramfs_load in class system not defined in policy.[0m
[0;21;39mSELinux:  Permission policy_load in class system not defined in policy.[0m
[0;21;39mSELinux:  Permission x509_certificate_load in class system not defined in policy.[0m
[0;21;39mSELinux:  Permission map_create_as in class bpf not defined in policy.[0m
[0;21;39mSELinux:  Permission prog_load_as in class bpf not defined in policy.[0m
[0;21;39mSELinux:  Permission allowed in class io_uring not defined in policy.[0m
[0;21;39mSELinux:  Class memfd_file not defined in policy.[0m
[0;21;39mSELinux: the above unknown classes and permissions will be allowed[0m
[0;21;39mSELinux:  policy capability network_peer_controls=1[0m
[0;21;39mSELinux:  policy capability open_perms=1[0m
[0;21;39mSELinux:  policy capability extended_socket_class=1[0m
[0;21;39mSELinux:  policy capability always_check_network=0[0m
[0;21;39mSELinux:  policy capability cgroup_seclabel=1[0m
[0;21;39mSELinux:  policy capability nnp_nosuid_transition=1[0m
[0;21;39mSELinux:  policy capability genfs_seclabel_symlinks=1[0m
[0;21;39mSELinux:  policy capability ioctl_skip_cloexec=0[0m
[0;21;39mSELinux:  policy capability userspace_initial_context=0[0m
[0;21;39mSELinux:  policy capability netlink_xperm=0[0m
[0;21;39mSELinux:  policy capability netif_wildcard=0[0m
[0;21;39mSELinux:  policy capability genfs_seclabel_wildcard=0[0m
[0;21;39mSELinux:  policy capability functionfs_seclabel=0[0m
[0;21;39mSELinux:  policy capability memfd_class=0[0m
[0;21;39mSELinux:  policy capability bpf_token_perms=0[0m
[0;21;32maudit: type=1403 audit(1784567925.926:3): auid=4294967295 ses=4294967295 lsm=selinux res=1[0m
[0;21;39msystemd[1]: Successfully loaded SELinux policy in 108.689ms.[0m
P+q6E616D65\[0;21;39mNET: Registered PF_VSOCK protocol family[0m
[0;21;39msystemd[1]: Relabeled /dev/, /dev/shm/, /run/ in 18.074ms.[0m
[6n[32766;32766H[6n[!p]104\[0m[?7h[1G[0J[0;21;39msystemd[1]: systemd 259.7-1.fc44 running in system mode (+PAM +AUDIT +SELINUX -APPARMOR +IMA +IPE +SMACK +SECCOMP -GCRYPT +GNUTLS +OPENSSL +ACL +BLKID +CURL +ELFUTILS +FIDO2 +IDN2 -IDN +KMOD +LIBCRYPTSETUP +LIBCRYPTSETUP_PLUGINS +LIBFDISK +PCRE2 +PWQUALITY +P11KIT +QRENCODE +TPM2 +BZIP2 +LZ4 +XZ +ZLIB +ZSTD +BPF_FRAMEWORK +BTF +XKBCOMMON +UTMP +SYSVINIT +LIBARCHIVE)[0m
[0;21;39msystemd[1]: Detected virtualization kvm.[0m
[0;21;39msystemd[1]: Detected architecture x86-64.[0m

[0;1;39mWelcome to [0m[0;38;2;138;43;226mBazzite[0m[0;1;39m![0m

[0;21;39msystemd[1]: Hostname set to <bazzite-labwc-test>.[0m
]3008;start=49af01381013437493196fd365ded9e6;user=root;hostname=bazzite-labwc-test;machineid=d9cf3528b7854471b0750c19885ae066;bootid=c05e7948df9a4f3e960b18673df11ce2;pid=1;pidfdid=1;comm=systemd;type=boot\[0;21;39msystemd[1]: bpf-restrict-fs: LSM BPF program attached[0m
[0;21;39mzram: Added device: zram0[0m
[[0;32m  OK  [0m] Stopped [0;1;39minitrd-switch-root.service[0m - Switch Root.
[0;21;39msystemd[1]: initrd-switch-root.service: Deactivated successfully.[0m
[0;21;39msystemd[1]: Stopped initrd-switch-root.service - Switch Root.[0m
[0;21;39msystemd[1]: systemd-journald.service: Scheduled restart job, restart counter is at 1.[0m
[0;21;39msystemd[1]: Created slice system-getty.slice - Slice /system/getty.[0m
[[0;32m  OK  [0m] Created slice [0;1;39msystem-getty.slice[0m - Slice /system/getty.
[[0;32m  OK  [0m] Created slice [0;1;39msystem-serial\x2dget…slice[0m - Slice /system/serial-getty.
[[0;32m  OK  [0m] Created slice [0;1;39msystem-sshd\x2dkeygen.slice[0m - Slice /system/sshd-keygen.
[0;21;39msystemd[1]: Created slice system-serial\x2dgetty.slice - Slice /system/serial-getty.[0m
[[0;32m  OK  [0m] Created slice [0;1;39msystem-systemd\x2dfs…slice[0m - Slice /system/systemd-fsck.
[[0;32m  OK  [0m] Created slice [0;1;39msystem-systemd\x2dzr…[0m- Slice /system/systemd-zram-setup.
[[0;32m  OK  [0m] Created slice [0;1;39muser.slice[0m - User and Session Slice.
[0;21;39msystemd[1]: Created slice system-sshd\x2dkeygen.slice - Slice /system/sshd-keygen.[0m
[[0;32m  OK  [0m] Started [0;1;39msystemd-ask-password-wall.…[0md Requests to Wall Directory Watch.
[[0;32m  OK  [0m] Set up automount [0;1;39mproc-sys-fs-binfm…[0mormats File System Automount Point.
         Expecting device [0;1;39mdev-disk-by\x2duu…[0me9ea-19b9-4095-9bf1-4c3c4973c5b8...
         Expecting device [0;1;39mdev-disk-by\x2duu…[0m5235-8f1f-4409-a05b-b2704a0cb280...
[0;21;39msystemd[1]: Created slice system-systemd\x2dfsck.slice - Slice /system/systemd-fsck.[0m
         Expecting device [0;1;39mdev-disk-by\x2duu…ce[0m - /dev/disk/by-uuid/9704-D569...
         Expecting device [0;1;39mdev-ttyS0.device[0m - /dev/ttyS0...
         Expecting device [0;1;39mdev-zram0.device[0m - /dev/zram0...
[0;21;39msystemd[1]: Created slice system-systemd\x2dzram\x2dsetup.slice - Slice /system/systemd-zram-setup.[0m
[[0;32m  OK  [0m] Reached target [0;1;39mimports.target[0m - Image Downloads.
[[0;32m  OK  [0m] Stopped target [0;1;39minitrd-switch-root.target[0m - Switch Root.
[[0;32m  OK  [0m] Stopped target [0;1;39minitrd-fs.target[0m - Initrd File Systems.
[[0;32m  OK  [0m] Stopped target [0;1;39minitrd-root-fs.target[0m - Initrd Root File System.
[0;21;39msystemd[1]: Created slice user.slice - User and Session Slice.[0m
[[0;32m  OK  [0m] Reached target [0;1;39mintegritysetup.targ…[0m Local Integrity Protected Volumes.
[[0;32m  OK  [0m] Reached target [0;1;39mslices.target[0m - Slice Units.
[[0;32m  OK  [0m] Reached target [0;1;39mveritysetup.target[0m - Local Verity Protected Volumes.
[0;21;39msystemd[1]: systemd-ask-password-console.path - Dispatch Password Requests to Console Directory Watch skipped, unmet condition check ConditionPathExists=!/run/plymouth/pid[0m
[[0;32m  OK  [0m] Listening on [0;1;39mdm-event.socket[0m - Device-mapper event daemon FIFOs.
[0;21;39msystemd[1]: Started systemd-ask-password-wall.path - Forward Password Requests to Wall Directory Watch.[0m
[0;21;39msystemd[1]: Set up automount proc-sys-fs-binfmt_misc.automount - Arbitrary Executable File Formats File System Automount Point.[0m
[0;21;39msystemd[1]: Expecting device dev-disk-by\x2duuid-16d6e9ea\x2d19b9\x2d4095\x2d9bf1\x2d4c3c4973c5b8.device - /dev/disk/by-uuid/16d6e9ea-19b9-4095-9bf1-4c3c4973c5b8...[0m
[[0;32m  OK  [0m] Listening on [0;1;39mlvm2-lvmpolld.socket[0m - LVM2 poll daemon socket.
[0;21;39msystemd[1]: Expecting device dev-disk-by\x2duuid-7fdf5235\x2d8f1f\x2d4409\x2da05b\x2db2704a0cb280.device - /dev/disk/by-uuid/7fdf5235-8f1f-4409-a05b-b2704a0cb280...[0m
[0;21;39msystemd[1]: Expecting device dev-disk-by\x2duuid-9704\x2dD569.device - /dev/disk/by-uuid/9704-D569...[0m
[0;21;39msystemd[1]: Expecting device dev-ttyS0.device - /dev/ttyS0...[0m
[[0;32m  OK  [0m] Listening on [0;1;39msystemd-ask-password.…[0m User Interactively for a Password.
[0;21;39msystemd[1]: Expecting device dev-zram0.device - /dev/zram0...[0m
[0;21;39msystemd[1]: Reached target imports.target - Image Downloads.[0m
[[0;32m  OK  [0m] Listening on [0;1;39msystemd-coredump.socket[0m - Process Core Dump Socket.
[0;21;39msystemd[1]: Stopped target initrd-switch-root.target - Switch Root.[0m
[0;21;39msystemd[1]: Stopped target initrd-fs.target - Initrd File Systems.[0m
[[0;32m  OK  [0m] Listening on [0;1;39msystemd-creds.socket[0m - Credential Encryption/Decryption.
[0;21;39msystemd[1]: Stopped target initrd-root-fs.target - Initrd Root File System.[0m
[0;21;39msystemd[1]: Reached target integritysetup.target - Local Integrity Protected Volumes.[0m
[[0;32m  OK  [0m] Listening on [0;1;39msystemd-factory-reset.socket[0m - Factory Reset Management.
[[0;32m  OK  [0m] Listening on [0;1;39msystemd-journald-audit.socket[0m - Journal Audit Socket.
[0;21;39msystemd[1]: Reached target slices.target - Slice Units.[0m
[[0;32m  OK  [0m] Listening on [0;1;39msystemd-mountfsd.socket[0m - DDI File System Mounter Socket.
[0;21;39msystemd[1]: Reached target veritysetup.target - Local Verity Protected Volumes.[0m
[[0;32m  OK  [0m] Listening on [0;1;39msystemd-mute-console.…[0mnsole Output Muting Service Socket.
[[0;32m  OK  [0m] Listening on [0;1;39msystemd-nsresourced.s…[0m Namespace Resource Manager Socket.
[[0;32m  OK  [0m] Listening on [0;1;39msystemd-oomd.socket[0m -… Out-Of-Memory (OOM) Killer Socket.
[[0;32m  OK  [0m] Listening on [0;1;39msystemd-repart.socket[0m…Disk Repartitioning Service Socket.
[[0;32m  OK  [0m] Listening on [0;1;39msystemd-resolved-moni…t[0m - Resolve Monitor Varlink Socket.
[[0;32m  OK  [0m] Listening on [0;1;39msystemd-resolved-varl…t[0m - Resolve Service Varlink Socket.
[[0;32m  OK  [0m] Listening on [0;1;39msystemd-udevd-control.socket[0m - udev Control Socket.
[[0;32m  OK  [0m] Listening on [0;1;39msystemd-udevd-varlink.socket[0m - udev Varlink Socket.
[[0;32m  OK  [0m] Listening on [0;1;39msystemd-userdbd.socket[0m - User Database Manager Socket.
         Mounting [0;1;39mdev-hugepages.mount[0m - Huge Pages File System...
         Mounting [0;1;39mdev-mqueue.mount[0m - POSIX Message Queue File System...
         Mounting [0;1;39msys-kernel-debug.mount[0m - Kernel Debug File System...
         Mounting [0;1;39msys-kernel-tracing.mount[0m - Kernel Trace File System...
         Starting [0;1;39mkmod-static-nodes.service[0m…eate List of Static Device Nodes...
         Starting [0;1;39mlvm2-monitor.service[0m - Mo…ing dmeventd or progress polling...
         Mounting [0;1;39msys-fs-fuse-connections.mount[0m - FUSE Control File System...
[[0;32m  OK  [0m] Stopped [0;1;39mostree-prepare-root.service[0m - OSTree Prepare OS/.
[[0;32m  OK  [0m] Stopped [0;1;39mplymouth-switch-root.service[0m - Plymouth switch root service.
[[0;32m  OK  [0m] Stopped [0;1;39msystemd-fsck-root.service[0m - File System Check on Root Device.
         Starting [0;1;39msystemd-hwdb-update.service[0m - Rebuild Hardware Database...
         Starting [0;1;39msystemd-journald.service[0m - Journal Service...
         Starting [0;1;39msystemd-modules-load.service[0m - Load Kernel Modules...
         Starting [0;1;39msystemd-network-generator…[0mk Units from Kernel Command Line...
         Starting [0;1;39msystemd-udev-load-credent…[0mLoad udev Rules from Credentials...
         Starting [0;1;39msystemd-udev-trigger.service[0m - Coldplug All udev Devices...
[[0;32m  OK  [0m] Mounted [0;1;39mdev-hugepages.mount[0m - Huge Pages File System.
[[0;32m  OK  [0m] Mounted [0;1;39mdev-mqueue.mount[0m - POSIX Message Queue File System.
[[0;32m  OK  [0m] Mounted [0;1;39msys-kernel-debug.mount[0m - Kernel Debug File System.
[[0;32m  OK  [0m] Mounted [0;1;39msys-kernel-tracing.mount[0m - Kernel Trace File System.
[[0;32m  OK  [0m] Finished [0;1;39mkmod-static-nodes.service[0m…Create List of Static Device Nodes.
[[0;32m  OK  [0m] Mounted [0;1;39msys-fs-fuse-connections.mount[0m - FUSE Control File System.
         Starting [0;1;39msystemd-tmpfiles-setup-de…[0m Device Nodes in /dev gracefully...
[0;21;39msystemd[1]: Listening on dm-event.socket - Device-mapper event daemon FIFOs.[0m
[0;21;39msystemd[1]: Listening on lvm2-lvmpolld.socket - LVM2 poll daemon socket.[0m
[0;21;39msystemd[1]: Listening on systemd-ask-password.socket - Query the User Interactively for a Password.[0m
[0;21;39msystemd[1]: Listening on systemd-coredump.socket - Process Core Dump Socket.[0m
[0;21;39msystemd[1]: Listening on systemd-creds.socket - Credential Encryption/Decryption.[0m
[0;21;39msystemd[1]: Listening on systemd-factory-reset.socket - Factory Reset Management.[0m
[0;21;39msystemd[1]: Listening on systemd-journald-audit.socket - Journal Audit Socket.[0m
[0;21;39msystemd[1]: Listening on systemd-mountfsd.socket - DDI File System Mounter Socket.[0m
[0;21;39msystemd[1]: Listening on systemd-mute-console.socket - Console Output Muting Service Socket.[0m
[0;21;39msystemd[1]: Listening on systemd-nsresourced.socket - Namespace Resource Manager Socket.[0m
[0;21;39msystemd[1]: Listening on systemd-oomd.socket - Userspace Out-Of-Memory (OOM) Killer Socket.[0m
[0;21;39msystemd[1]: systemd-pcrextend.socket - TPM PCR Measurements skipped, unmet condition check ConditionSecurity=measured-uki[0m
[0;21;39msystemd[1]: systemd-pcrlock.socket - Make TPM PCR Policy skipped, unmet condition check ConditionSecurity=measured-uki[0m
[0;21;39msystemd[1]: Listening on systemd-repart.socket - Disk Repartitioning Service Socket.[0m
[0;21;39msystemd[1]: Listening on systemd-resolved-monitor.socket - Resolve Monitor Varlink Socket.[0m
[0;21;39msystemd[1]: Listening on systemd-resolved-varlink.socket - Resolve Service Varlink Socket.[0m
[0;21;39msystemd[1]: Listening on systemd-udevd-control.socket - udev Control Socket.[0m
[0;21;39msystemd[1]: Listening on systemd-udevd-varlink.socket - udev Varlink Socket.[0m
[0;21;39msystemd[1]: Listening on systemd-userdbd.socket - User Database Manager Socket.[0m
[0;21;39msystemd[1]: Mounting dev-hugepages.mount - Huge Pages File System...[0m
[0;21;39msystemd[1]: dev-hugepages1G.mount - 1GB Huge Pages File System skipped, unmet condition check ConditionKernelCommandLine=hugepagesz=1G[0m
[0;21;39msystemd[1]: Mounting dev-mqueue.mount - POSIX Message Queue File System...[0m
[0;21;39msystemd[1]: Mounting sys-kernel-debug.mount - Kernel Debug File System...[0m
[0;21;39msystemd[1]: Mounting sys-kernel-tracing.mount - Kernel Trace File System...[0m
[0;21;39msystemd[1]: auth-rpcgss-module.service - Kernel Module supporting RPCSEC_GSS skipped, unmet condition check ConditionPathExists=/etc/krb5.keytab[0m
[0;21;39msystemd[1]: fips-crypto-policy-overlay.service - Bind-mount FIPS crypto-policy in FIPS mode skipped, unmet condition check ConditionKernelCommandLine=fips=1[0m
[0;21;39msystemd[1]: Starting kmod-static-nodes.service - Create List of Static Device Nodes...[0m
[0;21;39msystemd[1]: Starting lvm2-monitor.service - Monitoring of LVM2 mirrors, snapshots etc. using dmeventd or progress polling...[0m
[0;21;39msystemd[1]: modprobe@configfs.service - Load Kernel Module configfs skipped, unmet condition check ConditionKernelModuleLoaded=!configfs[0m
[0;21;39msystemd[1]: modprobe@drm.service - Load Kernel Module drm skipped, unmet condition check ConditionKernelModuleLoaded=!drm[0m
[0;21;39msystemd[1]: modprobe@efi_pstore.service - Load Kernel Module efi_pstore skipped, unmet condition check ConditionKernelModuleLoaded=!efi_pstore[0m
[0;21;39msystemd[1]: modprobe@fuse.service - Load Kernel Module fuse skipped, unmet condition check ConditionKernelModuleLoaded=!fuse[0m
[0;21;39msystemd[1]: Mounting sys-fs-fuse-connections.mount - FUSE Control File System...[0m
[0;21;39msystemd[1]: ostree-prepare-root.service: Deactivated successfully.[0m
[0;21;39msystemd[1]: Stopped ostree-prepare-root.service - OSTree Prepare OS/.[0m
[0;21;39msystemd[1]: plymouth-switch-root.service: Deactivated successfully.[0m
[0;21;39msystemd[1]: Stopped plymouth-switch-root.service - Plymouth switch root service.[0m
[0;21;39msystemd[1]: systemd-boot-clear-sysfail.service - Clear SysFail Entry If The Boot Is Successful skipped, unmet condition check ConditionPathExists=/sys/firmware/efi/efivars/LoaderEntrySysFail-4a67b082-0a4c-41cf-b6c7-440b29bb8c4f[0m
[0;21;39msystemd[1]: systemd-fsck-root.service: Deactivated successfully.[0m
[0;21;39msystemd[1]: Stopped systemd-fsck-root.service - File System Check on Root Device.[0m
[0;21;39msystemd[1]: systemd-hibernate-clear.service - Clear Stale Hibernate Storage Info skipped, unmet condition check ConditionPathExists=/sys/firmware/efi/efivars/HibernateLocation-8cf2644b-4b0b-428f-9387-6d876050dc67[0m
[0;21;39msystemd[1]: Starting systemd-hwdb-update.service - Rebuild Hardware Database...[0m
[0;21;39msystemd[1]: Starting systemd-journald.service - Journal Service...[0m
[0;21;39msystemd[1]: Starting systemd-modules-load.service - Load Kernel Modules...[0m
[0;21;39msystemd[1]: Starting systemd-network-generator.service - Generate Network Units from Kernel Command Line...[0m
[0;21;39msystemd[1]: systemd-pcrmachine.service - TPM PCR Machine ID Measurement skipped, unmet condition check ConditionSecurity=measured-uki[0m
[0;21;39msystemd[1]: systemd-tpm2-setup-early.service - Early TPM SRK Setup skipped, unmet condition check ConditionSecurity=measured-uki[0m
[0;21;39msystemd[1]: Starting systemd-udev-load-credentials.service - Load udev Rules from Credentials...[0m
[0;21;39msystemd[1]: Starting systemd-udev-trigger.service - Coldplug All udev Devices...[0m
[0;21;39msystemd[1]: Mounted dev-hugepages.mount - Huge Pages File System.[0m
[0;21;39msystemd[1]: Mounted dev-mqueue.mount - POSIX Message Queue File System.[0m
[0;21;39msystemd[1]: Mounted sys-kernel-debug.mount - Kernel Debug File System.[0m
[0;21;39msystemd[1]: Mounted sys-kernel-tracing.mount - Kernel Trace File System.[0m
[0;21;39msystemd[1]: Finished kmod-static-nodes.service - Create List of Static Device Nodes.[0m
[0;21;39msystemd[1]: Mounted sys-fs-fuse-connections.mount - FUSE Control File System.[0m
[0;21;39msystemd[1]: Starting systemd-tmpfiles-setup-dev-early.service - Create Static Device Nodes in /dev gracefully...[0m
[[0;32m  OK  [0m] Finished [0;1;39msystemd-udev-trigger.service[0m - Coldplug All udev Devices.
[0;21;39msystemd[1]: Finished systemd-udev-trigger.service - Coldplug All udev Devices.[0m
[[0;32m  OK  [0m] Finished [0;1;39msystemd-network-generator…[0mork Units from Kernel Command Line.
[0;21;39msystem76: Model does not utilize this driver[0m
[0;21;39msystemd[1]: Finished systemd-network-generator.service - Generate Network Units from Kernel Command Line.[0m
[[0;32m  OK  [0m] Finished [0;1;39msystemd-udev-load-credent…[0m- Load udev Rules from Credentials.
[0;21;39msystemd[1]: Finished systemd-udev-load-credentials.service - Load udev Rules from Credentials.[0m
[0;21;39msystemd-journald[669]: Collecting audit messages is enabled.[0m
[0;21;39msystemd[1]: Finished lvm2-monitor.service - Monitoring of LVM2 mirrors, snapshots etc. using dmeventd or progress polling.[0m
[0;21;32maudit: type=1130 audit(1784567927.920:4): pid=1 uid=0 auid=4294967295 ses=4294967295 subj=system_u:system_r:init_t:s0 msg='unit=lvm2-monitor comm="systemd" exe="/usr/lib/systemd/systemd" hostname=? addr=? terminal=? res=success'[0m
[[0;32m  OK  [0m] Finished [0;1;39mlvm2-monitor.service[0m - Mo…using dmeventd or progress polling.
[[0;32m  OK  [0m] Started [0;1;39msystemd-journald.service[0m - Journal Service.
[0;21;39msystemd[1]: Started systemd-journald.service - Journal Service.[0m
[0;21;32maudit: type=1130 audit(1784567927.927:5): pid=1 uid=0 auid=4294967295 ses=4294967295 subj=system_u:system_r:init_t:s0 msg='unit=systemd-journald comm="systemd" exe="/usr/lib/systemd/systemd" hostname=? addr=? terminal=? res=success'[0m
[[0;32m  OK  [0m] Finished [0;1;39msystemd-modules-load.service[0m - Load Kernel Modules.
[0;21;32maudit: type=1130 audit(1784567927.953:6): pid=1 uid=0 auid=4294967295 ses=4294967295 subj=system_u:system_r:init_t:s0 msg='unit=systemd-modules-load comm="systemd" exe="/usr/lib/systemd/systemd" hostname=? addr=? terminal=? res=success'[0m
         Starting [0;1;39msystemd-sysctl.service[0m - Apply Kernel Variables...
         Starting [0;1;39mmodprobe@tun.service[0m - Load Kernel Module tun...
[0;21;32maudit: type=1334 audit(1784567927.971:7): prog-id=48 op=LOAD[0m
[0;21;32maudit: type=1334 audit(1784567927.971:8): prog-id=49 op=LOAD[0m
[0;21;32maudit: type=1334 audit(1784567927.971:9): prog-id=50 op=LOAD[0m
         Starting [0;1;39msystemd-userdbd.service[0m - User Database Manager...
[0;21;39mtun: Universal TUN/TAP device driver, 1.6[0m
[[0;32m  OK  [0m] Finished [0;1;39mmodprobe@tun.service[0m - Load Kernel Module tun.
[0;21;32maudit: type=1130 audit(1784567927.983:10): pid=1 uid=0 auid=4294967295 ses=4294967295 subj=system_u:system_r:init_t:s0 msg='unit=modprobe@tun comm="systemd" exe="/usr/lib/systemd/systemd" hostname=? addr=? terminal=? res=success'[0m
[0;21;32maudit: type=1131 audit(1784567927.983:11): pid=1 uid=0 auid=4294967295 ses=4294967295 subj=system_u:system_r:init_t:s0 msg='unit=modprobe@tun comm="systemd" exe="/usr/lib/systemd/systemd" hostname=? addr=? terminal=? res=success'[0m
[0;21;32maudit: type=1334 audit(1784567927.985:12): prog-id=51 op=LOAD[0m
[0;21;32maudit: type=1334 audit(1784567927.985:13): prog-id=52 op=LOAD[0m
         Starting [0;1;39msystemd-nsresourced.service[0m - Namespace Resource Manager...
[[0;32m  OK  [0m] Finished [0;1;39msystemd-sysctl.service[0m - Apply Kernel Variables.
[[0;32m  OK  [0m] Started [0;1;39msystemd-userdbd.service[0m - User Database Manager.
[[0;32m  OK  [0m] Finished [0;1;39msystemd-hwdb-update.service[0m - Rebuild Hardware Database.
[[0;32m  OK  [0m] Started [0;1;39msystemd-nsresourced.service[0m - Namespace Resource Manager.
[[0;32m  OK  [0m] Finished [0;1;39msystemd-tmpfiles-setup-de…[0mic Device Nodes in /dev gracefully.
         Starting [0;1;39msystemd-sysusers.service[0m - Create System Users...
[[0;32m  OK  [0m] Finished [0;1;39msystemd-sysusers.service[0m - Create System Users.
         Starting [0;1;39msystemd-resolved.service[0m - Network Name Resolution...
         Starting [0;1;39msystemd-tmpfiles-setup-de…[0meate Static Device Nodes in /dev...
[[0;32m  OK  [0m] Finished [0;1;39msystemd-tmpfiles-setup-de…[0mCreate Static Device Nodes in /dev.
[[0;32m  OK  [0m] Reached target [0;1;39mlocal-fs-pre.target[0m…Preparation for Local File Systems.
         Starting [0;1;39msystemd-udevd.service[0m - R…ager for Device Events and Files...
[[0;32m  OK  [0m] Started [0;1;39msystemd-resolved.service[0m - Network Name Resolution.
[[0;32m  OK  [0m] Reached target [0;1;39mnss-lookup.target[0m - Host and Network Name Lookups.
[[0;32m  OK  [0m] Started [0;1;39msystemd-udevd.service[0m - Ru…anager for Device Events and Files.
         Mounting [0;1;39mvar.mount[0m - /var...
[[0;32m  OK  [0m] Mounted [0;1;39mvar.mount[0m - /var.
[[0;32m  OK  [0m] Reached target [0;1;39mmachines.target[0m - Virtual Machines and Containers.
[[0;32m  OK  [0m] Listening on [0;1;39msystemd-importd.socke…[0mDisk Image Download Service Socket.
         Starting [0;1;39mostree-remount.service[0m - OSTree Remount OS/ Bind Mounts...
[[0;32m  OK  [0m] Reached target [0;1;39mcryptsetup.target[0m - Local Encrypted Volumes.
[[0;32m  OK  [0m] Finished [0;1;39mostree-remount.service[0m - OSTree Remount OS/ Bind Mounts.
         Starting [0;1;39msystemd-journal-flush.ser…[0msh Journal to Persistent Storage...
         Starting [0;1;39msystemd-random-seed.service[0m - Load/Save OS Random Seed...
[[0;32m  OK  [0m] Found device [0;1;39mdev-zram0.device[0m - /dev/zram0.
         Starting [0;1;39msystemd-zram-setup@zram0.…vice[0m - Create swap on /dev/zram0...
[0;21;39msystemd-journald[669]: Received client request to flush runtime journal.[0m
[[0;32m  OK  [0m] Finished [0;1;39msystemd-random-seed.service[0m - Load/Save OS Random Seed.
[0;21;39mzram0: detected capacity change from 0 to 8110080[0m
[[0;32m  OK  [0m] Finished [0;1;39msystemd-zram-setup@zram0.service[0m - Create swap on /dev/zram0.
         Activating swap [0;1;39mdev-zram0.swap[0m - Compressed Swap on /dev/zram0...
[0;21;39mAdding 4055036k swap on /dev/zram0.  Priority:100 extents:1 across:4055036k SSDsc[0m
[[0;32m  OK  [0m] Activated swap [0;1;39mdev-zram0.swap[0m - Compressed Swap on /dev/zram0.
[[0;32m  OK  [0m] Reached target [0;1;39mswap.target[0m - Swaps.
         Mounting [0;1;39mtmp.mount[0m - Temporary Directory /tmp...
         Starting [0;1;39msystemd-oomd.service[0m - Us…space Out-Of-Memory (OOM) Killer...
         Starting [0;1;39msystemd-fsck@dev-disk-by\…[0m5235-8f1f-4409-a05b-b2704a0cb280...
         Starting [0;1;39msystemd-fsck@dev-disk-by\…[0mk on /dev/disk/by-uuid/9704-D569...
[[0;32m  OK  [0m] Mounted [0;1;39mtmp.mount[0m - Temporary Directory /tmp.
[[0;32m  OK  [0m] Finished [0;1;39msystemd-journal-flush.ser…[0mlush Journal to Persistent Storage.
[[0;32m  OK  [0m] Found device [0;1;39mdev-disk-by\x2duuid-1…[0md6e9ea-19b9-4095-9bf1-4c3c4973c5b8.
[[0;32m  OK  [0m] Finished [0;1;39msystemd-fsck@dev-disk-by\…[0mdf5235-8f1f-4409-a05b-b2704a0cb280.
[[0;32m  OK  [0m] Finished [0;1;39msystemd-fsck@dev-disk-by\…[0meck on /dev/disk/by-uuid/9704-D569.
[[0;32m  OK  [0m] Started [0;1;39msystemd-oomd.service[0m - Userspace Out-Of-Memory (OOM) Killer.
[0;21;32mlpc_ich 0000:00:1f.0: I/O space for GPIO uninitialized[0m
[0;21;39minput: QEMU Virtio Tablet as /devices/pci0000:00/0000:00:03.0/virtio2/input/input5[0m
[0;21;39minput: QEMU Virtio Keyboard as /devices/pci0000:00/0000:00:04.0/virtio3/input/input6[0m
[0;21;39mi801_smbus 0000:00:1f.3: Enabling SMBus device[0m
[0;21;39mi801_smbus 0000:00:1f.3: SMBus using PCI interrupt[0m
[0;21;39mi2c i2c-0: Memory type 0x07 not supported yet, not instantiating SPD[0m
[0;21;39mparport_pc 00:02: reported by Plug and Play ACPI[0m
[0;21;39mparport0: PC-style at 0x378, irq 7 [PCSPP,TRISTATE][0m
[0;21;39minput: PC Speaker as /devices/platform/pcspkr/input/input7[0m
[[0;32m  OK  [0m] Stopped [0;1;39msystemd-vconsole-setup.service[0m - Virtual Console Setup.
         Stopping [0;1;39msystemd-vconsole-setup.service[0m - Virtual Console Setup...
         Starting [0;1;39msystemd-vconsole-setup.service[0m - Virtual Console Setup...
[0;21;39mvirtio_net virtio0 enp0s1: renamed from eth0[0m
[0;21;39miTCO_wdt iTCO_wdt.1.auto: Found a ICH9 TCO device (Version=2, TCOBASE=0x0660)[0m
[0;21;39miTCO_wdt iTCO_wdt.1.auto: initialized. heartbeat=30 sec (nowayout=0)[0m
[0;21;39mkvm_amd: TSC scaling supported[0m
[0;21;39mkvm_amd: Nested Virtualization enabled[0m
[0;21;39mkvm_amd: Nested Paging enabled[0m
[0;21;39mkvm_amd: LBR virtualization supported[0m
[[0;32m  OK  [0m] Stopped [0;1;39msystemd-vconsole-setup.service[0m - Virtual Console Setup.
[0;21;39mkvm_amd: Virtual GIF supported[0m
[0;21;39mkvm_amd: Virtual NMI enabled[0m
[0;21;39mppdev: user-space parallel port driver[0m
         Starting [0;1;39msystemd-vconsole-setup.service[0m - Virtual Console Setup...
[[0;32m  OK  [0m] Finished [0;1;39msystemd-vconsole-setup.service[0m - Virtual Console Setup.
         Mounting [0;1;39mboot.mount[0m - /boot...
         Mounting [0;1;39mvar-home.mount[0m - /var/home...
[[0;32m  OK  [0m] Mounted [0;1;39mvar-home.mount[0m - /var/home.
[0;21;39mEXT4-fs (vda2): mounted filesystem 7fdf5235-8f1f-4409-a05b-b2704a0cb280 r/w with ordered data mode. Quota mode: none.[0m
[[0;32m  OK  [0m] Mounted [0;1;39mboot.mount[0m - /boot.
         Mounting [0;1;39mboot-efi.mount[0m - /boot/efi...
[[0;32m  OK  [0m] Mounted [0;1;39mboot-efi.mount[0m - /boot/efi.
[[0;32m  OK  [0m] Reached target [0;1;39mlocal-fs.target[0m - Local File Systems.
[[0;32m  OK  [0m] Listening on [0;1;39msystemd-bootctl.socket[0m - Boot Entries Service Socket.
[[0;32m  OK  [0m] Listening on [0;1;39msystemd-sysext.socket[0m… System Extension Image Management.
         Starting [0;1;39mgreenboot-set-rollback-tr…ice[0m - Greenboot Rollback trigger...
         Starting [0;1;39mplymouth-read-write.servi…[0mymouth To Write Out Runtime Data...
         Starting [0;1;39msystemd-binfmt.service[0m - Set Up Additional Binary Formats...
         Starting [0;1;39msystemd-tmpfiles-setup.se…[0mate System Files and Directories...
         Starting [0;1;39msystemd-userdb-load-crede…[0mr/group Records from Credentials...
         Mounting [0;1;39mproc-sys-fs-binfmt_misc.m…[0mcutable File Formats File System...
[[0;32m  OK  [0m] Finished [0;1;39mplymouth-read-write.servi…[0mPlymouth To Write Out Runtime Data.
[[0;32m  OK  [0m] Finished [0;1;39msystemd-userdb-load-crede…[0mser/group Records from Credentials.
[[0;32m  OK  [0m] Mounted [0;1;39mproc-sys-fs-binfmt_misc.mo…[0mxecutable File Formats File System.
[[0;32m  OK  [0m] Finished [0;1;39msystemd-binfmt.service[0m - Set Up Additional Binary Formats.
[[0;32m  OK  [0m] Finished [0;1;39mgreenboot-set-rollback-tr…rvice[0m - Greenboot Rollback trigger.
[[0;32m  OK  [0m] Finished [0;1;39msystemd-tmpfiles-setup.se…[0mreate System Files and Directories.
         Starting [0;1;39mauditd.service[0m - Security Audit Logging Service...
         Starting [0;1;39mldconfig.service[0m - Rebuild Dynamic Linker Cache...
         Starting [0;1;39msystemd-journal-catalog-u…ervice[0m - Rebuild Journal Catalog...
[[0;32m  OK  [0m] Started [0;1;39mauditd.service[0m - Security Audit Logging Service.
         Starting [0;1;39maudit-rules.service[0m - Load Audit Rules...
         Starting [0;1;39msystemd-update-utmp.servi…[0mord System Boot/Shutdown in UTMP...
[[0;32m  OK  [0m] Finished [0;1;39msystemd-update-utmp.servi…[0mecord System Boot/Shutdown in UTMP.
[[0;32m  OK  [0m] Finished [0;1;39msystemd-journal-catalog-u….service[0m - Rebuild Journal Catalog.
[[0;32m  OK  [0m] Finished [0;1;39maudit-rules.service[0m - Load Audit Rules.
[[0;32m  OK  [0m] Finished [0;1;39mldconfig.service[0m - Rebuild Dynamic Linker Cache.
         Starting [0;1;39msystemd-update-done.service[0m - Update is Completed...
[[0;32m  OK  [0m] Finished [0;1;39msystemd-update-done.service[0m - Update is Completed.
[[0;32m  OK  [0m] Reached target [0;1;39msysinit.target[0m - System Initialization.
[[0;32m  OK  [0m] Started [0;1;39mbootc-status-updated.path[0m - Monitor bootc for status changes.
[[0;32m  OK  [0m] Started [0;1;39mcups.path[0m - CUPS Scheduler.
[[0;32m  OK  [0m] Created slice [0;1;39msystem-cups.slice[0m - CUPS Slice.
[[0;32m  OK  [0m] Started [0;1;39mlvm-devices-import.path[0m - …es-import to create system.devices.
[[0;32m  OK  [0m] Started [0;1;39mfstrim.timer[0m - Discard unused filesystem blocks once a week.
[[0;32m  OK  [0m] Started [0;1;39mlogrotate.timer[0m - Daily rotation of log files.
[[0;32m  OK  [0m] Started [0;1;39mraid-check.timer[0m - Weekly RAID setup health check.
[[0;32m  OK  [0m] Started [0;1;39mrpm-ostree-countme.timer[0m - Weekly rpm-ostree Count Me timer.
[[0;32m  OK  [0m] Started [0;1;39msystemd-tmpfiles-clean.tim…[0my Cleanup of Temporary Directories.
[[0;32m  OK  [0m] Started [0;1;39munbound-anchor.timer[0m - dai…f the root trust anchor for DNSSEC.
[[0;32m  OK  [0m] Started [0;1;39muupd.timer[0m - Auto Update System Timer For Universal Blue.
[[0;32m  OK  [0m] Reached target [0;1;39mbootc-status-update…[0m - Bootc status trigger state sync.
[[0;32m  OK  [0m] Reached target [0;1;39mpaths.target[0m - Path Units.
[[0;32m  OK  [0m] Reached target [0;1;39mtimers.target[0m - Timer Units.
[[0;32m  OK  [0m] Listening on [0;1;39mavahi-daemon.socket[0m -…DNS/DNS-SD Stack Activation Socket.
[[0;32m  OK  [0m] Listening on [0;1;39mcups.socket[0m - CUPS Scheduler.
[[0;32m  OK  [0m] Listening on [0;1;39mdbus.socket[0m - D-Bus System Message Bus Socket.
         Starting [0;1;39mpcscd.socket[0m - PC/SC Smart Card Daemon Activation Socket...
[[0;32m  OK  [0m] Listening on [0;1;39msshd-unix-local.socke…[0mtemd-ssh-generator, AF_UNIX Local).
         Starting [0;1;39msshd-vsock.socket[0m - OpenS…systemd-ssh-generator, AF_VSOCK)...
[[0;32m  OK  [0m] Listening on [0;1;39msssd-kcm.socket[0m - SSS…ros Cache Manager responder socket.
[[0;32m  OK  [0m] Listening on [0;1;39msystemd-hostnamed.socket[0m - Hostname Service Socket.
[[0;32m  OK  [0m] Listening on [0;1;39msystemd-logind-varlin…[0mer Login Management Varlink Socket.
[[0;32m  OK  [0m] Listening on [0;1;39msystemd-machined.sock…[0mtainer Registration Service Socket.
         Starting [0;1;39mdbus-broker.service[0m - D-Bus System Message Bus...
[[0;32m  OK  [0m] Listening on [0;1;39mpcscd.socket[0m - PC/SC Smart Card Daemon Activation Socket.
[[0;32m  OK  [0m] Listening on [0;1;39msshd-vsock.socket[0m - O… (systemd-ssh-generator, AF_VSOCK).
[[0;32m  OK  [0m] Reached target [0;1;39msockets.target[0m - Socket Units.
[[0;32m  OK  [0m] Reached target [0;1;39mssh-access.target[0m - SSH Access Available.
[[0;32m  OK  [0m] Started [0;1;39mdbus-broker.service[0m - D-Bus System Message Bus.
[[0;32m  OK  [0m] Reached target [0;1;39mbasic.target[0m - Basic System.
         Starting [0;1;39mauthselect-apply-changes.…rvice[0m - Apply authselect changes...
         Starting [0;1;39mavahi-daemon.service[0m - Avahi mDNS/DNS-SD Stack...
         Starting [0;1;39mbootloader-update.service[0m - Update bootloader on boot...
         Starting [0;1;39mchronyd.service[0m - NTP client/server...
[[0;32m  OK  [0m] Started [0;1;39mdmemcg-booster-system.serv…[0ming foreground games, system-level.
         Starting [0;1;39mdracut-shutdown.service[0m -…store /run/initramfs on shutdown...
[[0;32m  OK  [0m] Started [0;1;39mds-inhibit.service[0m - DualShock 4/DualSense mouse inhibitor.
[[0;32m  OK  [0m] Started [0;1;39mfirewalld.service[0m - firewalld - dynamic firewall daemon.
[[0;32m  OK  [0m] Reached target [0;1;39mnetwork-pre.target[0m - Preparation for Network.
         Starting [0;1;39mNetworkManager.service[0m - Network Manager...
         Starting [0;1;39mfoomaticrip-upgrade.servi…[0mtalled printers for foomatic-rip...
         Starting [0;1;39minput-remapper.service[0m - …odes without the GUI application...
         Starting [0;1;39mlm_sensors.service[0m - Hardware Monitoring Sensors...
         Starting [0;1;39mlvm-devices-import.service[0m - Create lvm system.devices...
         Starting [0;1;39mpolkit.service[0m - Authorization Manager...
         Starting [0;1;39mrtkit-daemon.service[0m - Re…imeKit Scheduling Policy Service...
[[0;32m  OK  [0m] Reached target [0;1;39msshd-keygen.target[0m.
         Starting [0;1;39mswitcheroo-control.servic…[0mSwitcheroo Control Proxy service...
         Starting [0;1;39msystemd-homed.service[0m - Home Area Manager...
[[0;32m  OK  [0m] Started [0;1;39mublue-os-media-automount.s…ice[0m - Mount partitons automaticaly.
         Starting [0;1;39mudisks2.service[0m - Disk Manager...
         Starting [0;1;39mupower.service[0m - Daemon for power management...
         Starting [0;1;39mfedora-atomic-desktop-app…[0ms to refresh the appstream cache...
         Starting [0;1;39mfedora-atomic-desktop-man…[0mc Destkops to update mandb cache...
[[0;32m  OK  [0m] Finished [0;1;39mauthselect-apply-changes.service[0m - Apply authselect changes.
[[0;32m  OK  [0m] Finished [0;1;39mdracut-shutdown.service[0m - Restore /run/initramfs on shutdown.
[[0;32m  OK  [0m] Finished [0;1;39mfoomaticrip-upgrade.servi…[0mnstalled printers for foomatic-rip.
[[0;32m  OK  [0m] Finished [0;1;39mlvm-devices-import.service[0m - Create lvm system.devices.
[[0;32m  OK  [0m] Started [0;1;39msystemd-homed.service[0m - Home Area Manager.
[[0;32m  OK  [0m] Reached target [0;1;39mnss-user-lookup.target[0m - User and Group Name Lookups.
         Starting [0;1;39maccounts-daemon.service[0m - Accounts Service...
[[0;32m  OK  [0m] Finished [0;1;39msystemd-homed-activate.service[0m - Home Area Activation.
         Starting [0;1;39msystemd-logind.service[0m - User Login Management...
[[0;32m  OK  [0m] Finished [0;1;39mlm_sensors.service[0m - Hardware Monitoring Sensors.
[[0;32m  OK  [0m] Started [0;1;39mswitcheroo-control.service[0m - Switcheroo Control Proxy service.
[[0;32m  OK  [0m] Started [0;1;39mrtkit-daemon.service[0m - RealtimeKit Scheduling Policy Service.
         Starting [0;1;39msystemd-hostnamed.service[0m - Hostname Service...
[[0;32m  OK  [0m] Started [0;1;39mavahi-daemon.service[0m - Avahi mDNS/DNS-SD Stack.
[[0;32m  OK  [0m] Started [0;1;39mchronyd.service[0m - NTP client/server.
[[0;32m  OK  [0m] Started [0;1;39msystemd-logind.service[0m - User Login Management.
[[0;32m  OK  [0m] Started [0;1;39msystemd-hostnamed.service[0m - Hostname Service.
[[0;32m  OK  [0m] Listening on [0;1;39msystemd-rfkill.socket[0m…ll Switch Status /dev/rfkill Watch.
[[0;32m  OK  [0m] Started [0;1;39mpolkit.service[0m - Authorization Manager.
         Starting [0;1;39mModemManager.service[0m - Modem Manager...
[[0;32m  OK  [0m] Started [0;1;39maccounts-daemon.service[0m - Accounts Service.
         Starting [0;1;39mNetworkManager-dispatcher…[0manager Script Dispatcher Service...
[[0;32m  OK  [0m] Started [0;1;39mNetworkManager.service[0m - Network Manager.
[[0;32m  OK  [0m] Reached target [0;1;39mnetwork.target[0m - Network.
         Starting [0;1;39mNetworkManager-wait-onlin…ce[0m - Network Manager Wait Online...
         Starting [0;1;39mcups.service[0m - CUPS Scheduler...
         Starting [0;1;39mgssproxy.service[0m - GSSAPI Proxy Daemon...
         Starting [0;1;39msshd.service[0m - OpenSSH server daemon...
         Starting [0;1;39mtuned.service[0m - Dynamic System Tuning Daemon...
[[0;32m  OK  [0m] Started [0;1;39mudisks2.service[0m - Disk Manager.
[[0;32m  OK  [0m] Started [0;1;39mNetworkManager-dispatcher.…[0m Manager Script Dispatcher Service.
[[0;32m  OK  [0m] Started [0;1;39mupower.service[0m - Daemon for power management.
[[0;32m  OK  [0m] Started [0;1;39msshd.service[0m - OpenSSH server daemon.
         Mounting [0;1;39mvar-lib-nfs-rpc_pipefs.mount[0m - RPC Pipe File System...
[0;21;39mRPC: Registered named UNIX socket transport module.[0m
[0;21;39mRPC: Registered udp transport module.[0m
[0;21;39mRPC: Registered tcp transport module.[0m
[0;21;39mRPC: Registered tcp-with-tls transport module.[0m
[0;21;39mRPC: Registered tcp NFSv4.1 backchannel transport module.[0m
[[0;32m  OK  [0m] Mounted [0;1;39mvar-lib-nfs-rpc_pipefs.mount[0m - RPC Pipe File System.
[[0;32m  OK  [0m] Reached target [0;1;39mrpc_pipefs.target[0m.
[[0;32m  OK  [0m] Started [0;1;39mcups.service[0m - CUPS Scheduler.
[[0;32m  OK  [0m] Finished [0;1;39mbootloader-update.service[0m - Update bootloader on boot.
[[0;32m  OK  [0m] Finished [0;1;39mNetworkManager-wait-onlin…vice[0m - Network Manager Wait Online.
[[0;32m  OK  [0m] Reached target [0;1;39mnetwork-online.target[0m - Network is Online.
         Starting [0;1;39mgreenboot-healthcheck.ser…[0m- Greenboot Health Checks Runner...
         Starting [0;1;39mrpc-statd-notify.service[0m - Notify NFS peers of a restart...
[0;21;39mNET: Registered PF_QIPCRTR protocol family[0m
[[0;32m  OK  [0m] Started [0;1;39mModemManager.service[0m - Modem Manager.
[[0;32m  OK  [0m] Started [0;1;39mrpc-statd-notify.service[0m - Notify NFS peers of a restart.
[[0;32m  OK  [0m] Started [0;1;39mgssproxy.service[0m - GSSAPI Proxy Daemon.
[[0;32m  OK  [0m] Reached target [0;1;39mnfs-client.target[0m - NFS client services.
[[0;32m  OK  [0m] Reached target [0;1;39mremote-fs-pre.targe…[0mreparation for Remote File Systems.
[[0;32m  OK  [0m] Reached target [0;1;39mremote-cryptsetup.target[0m - Remote Encrypted Volumes.
[[0;32m  OK  [0m] Reached target [0;1;39mremote-fs.target[0m - Remote File Systems.
[[0;32m  OK  [0m] Reached target [0;1;39mremote-integrityset…[0mRemote Integrity Protected Volumes.
[[0;32m  OK  [0m] Reached target [0;1;39mremote-veritysetup.…[0m - Remote Verity Protected Volumes.
[[0;32m  OK  [0m] Started [0;1;39minput-remapper.service[0m - S…ycodes without the GUI application.
         Starting [0;1;39mrpm-ostreed.service[0m - rpm-ostree System Management Daemon...
[[0;32m  OK  [0m] Started [0;1;39mrpm-ostreed.service[0m - rpm-ostree System Management Daemon.
[[0;32m  OK  [0m] Finished [0;1;39mfedora-atomic-desktop-app…[0mops to refresh the appstream cache.
[[0;32m  OK  [0m] Started [0;1;39mtuned.service[0m - Dynamic System Tuning Daemon.
         Starting [0;1;39mbazzite-hardware-setup.se…[0mure Bazzite for current hardware...
         Starting [0;1;39mtuned-ppd.service[0m - PPD-to-TuneD API Translation Daemon...
[[0;32m  OK  [0m] Finished [0;1;39mbazzite-hardware-setup.se…[0migure Bazzite for current hardware.
         Starting [0;1;39mbazzite-flatpak-manager.service[0m - Manage system flatpaks...
         Starting [0;1;39msystemd-user-sessions.service[0m - Permit User Sessions...
[[0;32m  OK  [0m] Finished [0;1;39msystemd-user-sessions.service[0m - Permit User Sessions.
         Starting [0;1;39mplymouth-quit-wait.servic…[0md until boot process finishes up...
         Starting [0;1;39mplymouth-quit.service[0m - Terminate Plymouth Boot Screen...
[[0;32m  OK  [0m] Finished [0;1;39mbazzite-flatpak-manager.service[0m - Manage system flatpaks.
[    9.651305] evdi: [I] Initialising logging on level 4
[    9.652689] evdi: [I] Atomic driver: yes
[!p]104\[0m[?7h[1G[0J[6n[32766;32766H[6n[!p]104\[0m[?7h[1G[0J[6n[32766;32766H[6n]3008;start=efc681923ba040d8a3212d7573a29e38;user=root;hostname=bazzite-labwc-test;machineid=d9cf3528b7854471b0750c19885ae066;bootid=c05e7948df9a4f3e960b18673df11ce2;pid=1239;pidfdid=28862;comm=(agetty);servicename=serial-getty@ttyS0.service;invocationid=b800893bb1b5472fb11e81a8025351bb;type=service\P+q6E616D65\
Bazzite
Kernel 7.1.3-ogc3.4.fc44.x86_64 on x86_64 (ttyS0)

Try contacting this VM's SSH server via 'ssh vsock%4294967295' from host.

bazzite-labwc-test login: [   41.743005] clocksource: Watchdog remote CPU 3 read timed out
[!p]104\[0m[?7h[1G[0J[6n[32766;32766H[6n]3008;end=efc681923ba040d8a3212[[0;32m  OK  [0m] Started [0;1;39mplymouth-reboot.service[0m - Show Plymouth Reboot Screen.
[[0;32m  OK  [0m] Stopped [0;1;39msession-1.scope[0m - Session 1 of User user.
         Stopping [0;1;39muser@1000.service[0m - User Manager for UID 1000...
[[0;32m  OK  [0m] Stopped [0;1;39muser@1000.service[0m - User Manager for UID 1000.
         Stopping [0;1;39msystemd-oomd.service[0m - Us…space Out-Of-Memory (OOM) Killer...
         Stopping [0;1;39msystemd-user-sessions.service[0m - Permit User Sessions...
         Stopping [0;1;39muresourced.service[0m - User resource assignment daemon...
         Stopping [0;1;39muser-runtime-dir@1000.ser…[0mRuntime Directory /run/user/1000...
[[0;32m  OK  [0m] Stopped [0;1;39msystemd-oomd.service[0m - Userspace Out-Of-Memory (OOM) Killer.
[[0;32m  OK  [0m] Unmounted [0;1;39mrun-user-1000.mount[0m - /run/user/1000.
[[0;32m  OK  [0m] Stopped [0;1;39msystemd-user-sessions.service[0m - Permit User Sessions.
[[0;32m  OK  [0m] Stopped [0;1;39muser-runtime-dir@1000.serv…[0mr Runtime Directory /run/user/1000.
[[0;32m  OK  [0m] Removed slice [0;1;39muser-1000.slice[0m - User Slice of UID 1000.
[[0;32m  OK  [0m] Stopped target [0;1;39mremote-fs.target[0m - Remote File Systems.
[[0;32m  OK  [0m] Stopped target [0;1;39mremote-fs-pre.targe…[0mreparation for Remote File Systems.
[[0;32m  OK  [0m] Stopped target [0;1;39mnfs-client.target[0m - NFS client services.
[[0;32m  OK  [0m] Stopped [0;1;39mbazzite-hardware-setup.ser…[0migure Bazzite for current hardware.
         Stopping [0;1;39mgssproxy.service[0m - GSSAPI Proxy Daemon...
         Stopping [0;1;39mrpm-ostreed.service[0m - rpm-ostree System Management Daemon...
         Stopping [0;1;39msystemd-homed-activate.service[0m - Home Area Activation...
         Stopping [0;1;39msystemd-logind.service[0m - User Login Management...
         Stopping [0;1;39mtuned.service[0m - Dynamic System Tuning Daemon...
[[0;32m  OK  [0m] Stopped [0;1;39msystemd-logind.service[0m - User Login Management.
[[0;32m  OK  [0m] Stopped [0;1;39mgssproxy.service[0m - GSSAPI Proxy Daemon.
[[0;32m  OK  [0m] Stopped [0;1;39muresourced.service[0m - User resource assignment daemon.
[[0;32m  OK  [0m] Stopped [0;1;39mrpm-ostreed.service[0m - rpm-ostree System Management Daemon.
[[0;32m  OK  [0m] Stopped [0;1;39msystemd-homed-activate.service[0m - Home Area Activation.
[[0;32m  OK  [0m] Stopped target [0;1;39mnss-user-lookup.target[0m - User and Group Name Lookups.
[[0;32m  OK  [0m] Stopped [0;1;39mauthselect-apply-changes.service[0m - Apply authselect changes.
         Stopping [0;1;39msystemd-homed.service[0m - Home Area Manager...
[[0;32m  OK  [0m] Stopped [0;1;39msystemd-userdb-load-creden…[0mser/group Records from Credentials.
[[0;32m  OK  [0m] Stopped [0;1;39msystemd-homed.service[0m - Home Area Manager.
[[0;32m  OK  [0m] Stopped [0;1;39mtuned.service[0m - Dynamic System Tuning Daemon.
[[0;32m  OK  [0m] Stopped target [0;1;39mnetwork.target[0m - Network.
         Stopping [0;1;39mNetworkManager.service[0m - Network Manager...
         Stopping [0;1;39mpolkit.service[0m - Authorization Manager...
[[0;32m  OK  [0m] Stopped [0;1;39mpolkit.service[0m - Authorization Manager.
[[0;32m  OK  [0m] Stopped [0;1;39mNetworkManager.service[0m - Network Manager.
[[0;32m  OK  [0m] Stopped target [0;1;39mnetwork-pre.target[0m - Preparation for Network.
         Stopping [0;1;39mfirewalld.service[0m - firewalld - dynamic firewall daemon...
[[0;32m  OK  [0m] Stopped [0;1;39msystemd-network-generator.…[0mork Units from Kernel Command Line.
[[0;32m  OK  [0m] Stopped [0;1;39mfirewalld.service[0m - firewalld - dynamic firewall daemon.
[[0;32m  OK  [0m] Stopped target [0;1;39mbasic.target[0m - Basic System.
[[0;32m  OK  [0m] Stopped [0;1;39msystemd-ask-password-plymo…[0mquests to Plymouth Directory Watch.
[[0;32m  OK  [0m] Stopped target [0;1;39mpaths.target[0m - Path Units.
[[0;32m  OK  [0m] Stopped [0;1;39mbootc-status-updated.path[0m - Monitor bootc for status changes.
[[0;32m  OK  [0m] Stopped [0;1;39mcups.path[0m - CUPS Scheduler.
[[0;32m  OK  [0m] Stopped [0;1;39mlvm-devices-import.path[0m - …es-import to create system.devices.
[[0;32m  OK  [0m] Stopped target [0;1;39mslices.target[0m - Slice Units.
[[0;32m  OK  [0m] Removed slice [0;1;39muser.slice[0m - User and Session Slice.
[[0;32m  OK  [0m] Stopped target [0;1;39msockets.target[0m - Socket Units.
[[0;32m  OK  [0m] Closed [0;1;39mavahi-daemon.socket[0m - Avahi…DNS/DNS-SD Stack Activation Socket.
[[0;32m  OK  [0m] Closed [0;1;39mcups.socket[0m - CUPS Scheduler.
[[0;32m  OK  [0m] Closed [0;1;39mpcscd.socket[0m - PC/SC Smart Card Daemon Activation Socket.
[[0;32m  OK  [0m] Closed [0;1;39msshd-unix-local.socket[0m - Op…temd-ssh-generator, AF_UNIX Local).
         Stopping [0;1;39msshd-vsock.socket[0m - OpenS…systemd-ssh-generator, AF_VSOCK)...
[[0;32m  OK  [0m] Closed [0;1;39msssd-kcm.socket[0m - SSSD Kerberos Cache Manager responder socket.
[[0;32m  OK  [0m] Closed [0;1;39msystemd-hostnamed.socket[0m - Hostname Service Socket.
[[0;32m  OK  [0m] Closed [0;1;39msystemd-importd.socket[0m - Disk Image Download Service Socket.
[[0;32m  OK  [0m] Closed [0;1;39msystemd-logind-varlink.sock…[0mer Login Management Varlink Socket.
[[0;32m  OK  [0m] Closed [0;1;39msystemd-machined.socket[0m - V…tainer Registration Service Socket.
[[0;32m  OK  [0m] Closed [0;1;39msystemd-mountfsd.socket[0m - DDI File System Mounter Socket.
[[0;32m  OK  [0m] Closed [0;1;39msystemd-mute-console.socket[0m…nsole Output Muting Service Socket.
[[0;32m  OK  [0m] Closed [0;1;39msystemd-oomd.socket[0m - Users… Out-Of-Memory (OOM) Killer Socket.
[[0;32m  OK  [0m] Closed [0;1;39msystemd-repart.socket[0m - Disk Repartitioning Service Socket.
         Stopping [0;1;39mdbus-broker.service[0m - D-Bus System Message Bus...
         Stopping [0;1;39mostree-finalize-staged.se…[0mSTree Finalize Staged Deployment...
[[0;32m  OK  [0m] Stopped [0;1;39mdbus-broker.service[0m - D-Bus System Message Bus.
[[0;32m  OK  [0m] Closed [0;1;39mdbus.socket[0m - D-Bus System Message Bus Socket.
[[0;32m  OK  [0m] Closed [0;1;39msshd-vsock.socket[0m - OpenSSH… (systemd-ssh-generator, AF_VSOCK).
[[0;32m  OK  [0m] Stopped target [0;1;39msysinit.target[0m - System Initialization.
[[0;32m  OK  [0m] Stopped target [0;1;39mcryptsetup.target[0m - Local Encrypted Volumes.
[[0;32m  OK  [0m] Stopped [0;1;39msystemd-ask-password-wall.…[0md Requests to Wall Directory Watch.
[[0;32m  OK  [0m] Stopped target [0;1;39mimports.target[0m - Image Downloads.
[[0;32m  OK  [0m] Stopped target [0;1;39mintegritysetup.targ…[0m Local Integrity Protected Volumes.
[[0;32m  OK  [0m] Stopped target [0;1;39mveritysetup.target[0m - Local Verity Protected Volumes.
         Stopping [0;1;39msystemd-binfmt.service[0m - Set Up Additional Binary Formats...
         Stopping [0;1;39msystemd-nsresourced.service[0m - Namespace Resource Manager...
         Stopping [0;1;39msystemd-resolved.service[0m - Network Name Resolution...
[[0;32m  OK  [0m] Stopped [0;1;39msystemd-update-done.service[0m - Update is Completed.
[[0;32m  OK  [0m] Stopped [0;1;39mldconfig.service[0m - Rebuild Dynamic Linker Cache.
[[0;32m  OK  [0m] Stopped [0;1;39msystemd-hwdb-update.service[0m - Rebuild Hardware Database.
[[0;32m  OK  [0m] Stopped [0;1;39msystemd-journal-catalog-up….service[0m - Rebuild Journal Catalog.
         Stopping [0;1;39msystemd-update-utmp.servi…[0mord System Boot/Shutdown in UTMP...
[[0;32m  OK  [0m] Stopped [0;1;39msystemd-nsresourced.service[0m - Namespace Resource Manager.
[[0;32m  OK  [0m] Closed [0;1;39msystemd-nsresourced.socket[0m - Namespace Resource Manager Socket.
[[0;32m  OK  [0m] Stopped [0;1;39msystemd-binfmt.service[0m - Set Up Additional Binary Formats.
[[0;32m  OK  [0m] Unset automount [0;1;39mproc-sys-fs-binfmt…[0mormats File System Automount Point.
[[0;32m  OK  [0m] Stopped [0;1;39msystemd-update-utmp.servic…[0mecord System Boot/Shutdown in UTMP.
[[0;32m  OK  [0m] Stopped [0;1;39msystemd-resolved.service[0m - Network Name Resolution.
[[0;32m  OK  [0m] Closed [0;1;39msystemd-resolved-monitor.so…t[0m - Resolve Monitor Varlink Socket.
[[0;32m  OK  [0m] Closed [0;1;39msystemd-resolved-varlink.so…t[0m - Resolve Service Varlink Socket.
         Stopping [0;1;39mauditd.service[0m - Security Audit Logging Service...
[[0;32m  OK  [0m] Stopped [0;1;39msystemd-sysctl.service[0m - Apply Kernel Variables.
[[0;32m  OK  [0m] Closed [0;1;39msystemd-coredump.socket[0m - Process Core Dump Socket.
[[0;32m  OK  [0m] Stopped [0;1;39msystemd-modules-load.service[0m - Load Kernel Modules.
[0;21;33mkauditd_printk_skb: 86 callbacks suppressed[0m
[0;21;32maudit: type=1305 audit(1784568448.137:478): op=set audit_pid=0 old=897 auid=4294967295 ses=4294967295 subj=system_u:system_r:auditd_t:s0 res=1[0m
[0;21;32maudit: type=1131 audit(1784568448.141:479): pid=1 uid=0 auid=4294967295 ses=4294967295 subj=system_u:system_r:init_t:s0 msg='unit=auditd comm="systemd" exe="/usr/lib/systemd/systemd" hostname=? addr=? terminal=? res=success'[0m
[0;21;32maudit: type=1131 audit(1784568448.141:480): pid=1 uid=0 auid=4294967295 ses=4294967295 subj=system_u:system_r:init_t:s0 msg='unit=systemd-tmpfiles-setup comm="systemd" exe="/usr/lib/systemd/systemd" hostname=? addr=? terminal=? res=success'[0m
[[0;32m  OK  [0m] Stopped [0;1;39mauditd.service[0m - Security Audit Logging Service.
[[0;32m  OK  [0m] Stopped [0;1;39msystemd-tmpfiles-setup.ser…[0mreate System Files and Directories.
[[0m[0;31m*     [0m] Job ostree-finalize-staged.service/stop running (3s / 5min 1s)
M[K[[0;1;31m*[0m[0;31m*    [0m] Job ostree-finalize-staged.service/stop running (3s / 5min 1s)
M[K[[0;31m*[0;1;31m*[0m[0;31m*   [0m] Job ostree-finalize-staged.service/stop running (4s / 5min 1s)
M[K[ [0;31m*[0;1;31m*[0m[0;31m*  [0m] Job ostree-finalize-staged.service/stop running (4s / 5min 1s)
M[K[  [0;31m*[0;1;31m*[0m[0;31m* [0m] Job ostree-finalize-staged.service/stop running (5s / 5min 1s)
M[K[   [0;31m*[0;1;31m*[0m[0;31m*[0m] Job ostree-finalize-staged.service/stop running (5s / 5min 1s)
M[K[    [0;31m*[0;1;31m*[0m] Job ostree-finalize-staged.service/stop running (6s / 5min 1s)
M[K[     [0;31m*[0m] Job ostree-finalize-staged.service/stop running (6s / 5min 1s)
M[K[    [0;31m*[0;1;31m*[0m] Job ostree-finalize-staged.service/stop running (7s / 5min 1s)
M[K[   [0;31m*[0;1;31m*[0m[0;31m*[0m] Job ostree-finalize-staged.service/stop running (7s / 5min 1s)
M[K[  [0;31m*[0;1;31m*[0m[0;31m* [0m] Job ostree-finalize-staged.service/stop running (8s / 5min 1s)
M[K[ [0;31m*[0;1;31m*[0m[0;31m*  [0m] Job ostree-finalize-staged.service/stop running (8s / 5min 1s)
M[K[[0;31m*[0;1;31m*[0m[0;31m*   [0m] Job ostree-finalize-staged.service/stop running (9s / 5min 1s)
M[K[[0;1;31m*[0m[0;31m*    [0m] Job ostree-finalize-staged.service/stop running (9s / 5min 1s)
M[K[[0m[0;31m*     [0m] Job ostree-finalize-staged.service/stop running (10s / 5min 1s)
M[K[[0;1;31m*[0m[0;31m*    [0m] Job ostree-finalize-staged.service/stop running (10s / 5min 1s)
M[K[[0;31m*[0;1;31m*[0m[0;31m*   [0m] Job ostree-finalize-staged.service/stop running (11s / 5min 1s)
M[K[ [0;31m*[0;1;31m*[0m[0;31m*  [0m] Job ostree-finalize-staged.service/stop running (11s / 5min 1s)
M[K[  [0;31m*[0;1;31m*[0m[0;31m* [0m] Job ostree-finalize-staged.service/stop running (12s / 5min 1s)
M[K[   [0;31m*[0;1;31m*[0m[0;31m*[0m] Job ostree-finalize-staged.service/stop running (12s / 5min 1s)
M[K[    [0;31m*[0;1;31m*[0m] Job ostree-finalize-staged.service/stop running (13s / 5min 1s)
M[K[     [0;31m*[0m] Job ostree-finalize-staged.service/stop running (13s / 5min 1s)
M[K[    [0;31m*[0;1;31m*[0m] Job ostree-finalize-staged.service/stop running (14s / 5min 1s)
M[K[[0;32m  OK  [0m] Stopped [0;1;39mostree-finalize-staged.ser…[0m OSTree Finalize Staged Deployment.
[K         Stopping [0;1;39mostree-finalize-staged-ho…[0mSTree Finalize Staged Deployment...
[[0;32m  OK  [0m] Stopped [0;1;39mostree-finalize-staged-hol…[0m OSTree Finalize Staged Deployment.
[[0;32m  OK  [0m] Stopped target [0;1;39mlocal-fs.target[0m - Local File Systems.
[0;21;32maudit: type=1131 audit(1784568461.160:481): pid=1 uid=0 auid=4294967295 ses=4294967295 subj=system_u:system_r:init_t:s0 msg='unit=ostree-finalize-staged comm="systemd" exe="/usr/lib/systemd/systemd" hostname=? addr=? terminal=? res=success'[0m
         Unmounting [0;1;39mboot-efi.mount[0m - /boot/efi...
         Unmounting [0;1;39msysroot-ostree-deploy-d…[0mysroot/ostree/deploy/default/var...
         Unmounting [0;1;39mtmp.mount[0m - Temporary Directory /tmp...
[0;21;32maudit: type=1131 audit(1784568461.163:482): pid=1 uid=0 auid=4294967295 ses=4294967295 subj=system_u:system_r:init_t:s0 msg='unit=ostree-finalize-staged-hold comm="systemd" exe="/usr/lib/systemd/systemd" hostname=? addr=? terminal=? res=success'[0m
         Unmounting [0;1;39mvar-home.mount[0m - /var/home...
[[0;32m  OK  [0m] Stopped [0;1;39mostree-remount.service[0m - OSTree Remount OS/ Bind Mounts.
[0;21;32maudit: type=1131 audit(1784568461.191:483): pid=1 uid=0 auid=4294967295 ses=4294967295 subj=system_u:system_r:init_t:s0 msg='unit=ostree-remount comm="systemd" exe="/usr/lib/systemd/systemd" hostname=? addr=? terminal=? res=success'[0m
[[0;32m  OK  [0m] Unmounted [0;1;39mboot-efi.mount[0m - /boot/efi.
[[0;32m  OK  [0m] Unmounted [0;1;39msysroot-ostree-deploy-de…[0m/sysroot/ostree/deploy/default/var.
[[0;32m  OK  [0m] Unmounted [0;1;39mtmp.mount[0m - Temporary Directory /tmp.
[[0;32m  OK  [0m] Unmounted [0;1;39mvar-home.mount[0m - /var/home.
[[0;32m  OK  [0m] Stopped target [0;1;39mswap.target[0m - Swaps.
         Deactivating swap [0;1;39mdev-disk-by\x2dd…-4.swap[0m - /dev/disk/by-diskseq/4...
         Unmounting [0;1;39mboot.mount[0m - /boot...
[[0;32m  OK  [0m] Stopped [0;1;39msystemd-fsck@dev-disk-by\x…[0meck on /dev/disk/by-uuid/9704-D569.
[0;21;32maudit: type=1131 audit(1784568461.203:484): pid=1 uid=0 auid=4294967295 ses=4294967295 subj=system_u:system_r:init_t:s0 msg='unit=systemd-fsck@dev-disk-by\x2duuid-9704\x2dD569 comm="systemd" exe="/usr/lib/systemd/systemd" hostname=? addr=? terminal=? res=success'[0m
[[0;32m  OK  [0m] Deactivated swap [0;1;39mdev-disk-by\x2ddi…eq-4.swap[0m - /dev/disk/by-diskseq/4.
[[0;32m  OK  [0m] Deactivated swap [0;1;39mdev-zram0.swap[0m - Compressed Swap on /dev/zram0.
         Stopping [0;1;39msystemd-zram-setup@zram0.…vice[0m - Create swap on /dev/zram0...
[0;21;39mEXT4-fs (vda2): unmounting filesystem 7fdf5235-8f1f-4409-a05b-b2704a0cb280.[0m
[[0;32m  OK  [0m] Unmounted [0;1;39mboot.mount[0m - /boot.
[[0;32m  OK  [0m] Reached target [0;1;39mumount.target[0m - Unmount All Filesystems.
[[0;32m  OK  [0m] Stopped [0;1;39msystemd-fsck@dev-disk-by\x…[0mdf5235-8f1f-4409-a05b-b2704a0cb280.
[[0;32m  OK  [0m] Removed slice [0;1;39msystem-systemd\x2dfs…slice[0m - Slice /system/systemd-fsck.
[[0;32m  OK  [0m] Stopped target [0;1;39mlocal-fs-pre.target[0m…Preparation for Local File Systems.
[0;21;32maudit: type=1131 audit(1784568461.239:485): pid=1 uid=0 auid=4294967295 ses=4294967295 subj=system_u:system_r:init_t:s0 msg='unit=systemd-fsck@dev-disk-by\x2duuid-7fdf5235\x2d8f1f\x2d4409\x2da05b\x2db2704a0cb280 comm="systemd" exe="/usr/lib/systemd/systemd" hostname=? addr=? terminal=? res=success'[0m
         Stopping [0;1;39mlvm2-monitor.service[0m - Mo…ing dmeventd or progress polling...
[[0;32m  OK  [0m] Stopped [0;1;39msystemd-tmpfiles-setup-dev…[0mCreate Static Device Nodes in /dev.
[0;21;32maudit: type=1131 audit(1784568461.260:486): pid=1 uid=0 auid=4294967295 ses=4294967295 subj=system_u:system_r:init_t:s0 msg='unit=systemd-tmpfiles-setup-dev comm="systemd" exe="/usr/lib/systemd/systemd" hostname=? addr=? terminal=? res=success'[0m
[[0;32m  OK  [0m] Stopped [0;1;39msystemd-sysusers.service[0m - Create System Users.
[[0;32m  OK  [0m] Stopped [0;1;39msystemd-tmpfiles-setup-dev…[0mic Device Nodes in /dev gracefully.
[0;21;32maudit: type=1131 audit(1784568461.260:487): pid=1 uid=0 auid=4294967295 ses=4294967295 subj=system_u:system_r:init_t:s0 msg='unit=systemd-sysusers comm="systemd" exe="/usr/lib/systemd/systemd" hostname=? addr=? terminal=? res=success'[0m
[[0;32m  OK  [0m] Stopped [0;1;39msystemd-zram-setup@zram0.service[0m - Create swap on /dev/zram0.
[0;21;32maudit: type=1131 audit(1784568461.260:488): pid=1 uid=0 auid=4294967295 ses=4294967295 subj=system_u:system_r:init_t:s0 msg='unit=systemd-tmpfiles-setup-dev-early comm="systemd" exe="/usr/lib/systemd/systemd" hostname=? addr=? terminal=? res=success'[0m
[0;21;32maudit: type=1131 audit(1784568461.262:489): pid=1 uid=0 auid=4294967295 ses=4294967295 subj=system_u:system_r:init_t:s0 msg='unit=systemd-zram-setup@zram0 comm="systemd" exe="/usr/lib/systemd/systemd" hostname=? addr=? terminal=? res=failed'[0m
[[0;32m  OK  [0m] Removed slice [0;1;39msystem-systemd\x2dzr…[0m- Slice /system/systemd-zram-setup.
[[0;32m  OK  [0m] Stopped [0;1;39mlvm2-monitor.service[0m - Mon…using dmeventd or progress polling.
[0;21;32maudit: type=1131 audit(1784568461.345:490): pid=1 uid=0 auid=4294967295 ses=4294967295 subj=system_u:system_r:init_t:s0 msg='unit=lvm2-monitor comm="systemd" exe="/usr/lib/systemd/systemd" hostname=? addr=? terminal=? res=success'[0m
[[0;32m  OK  [0m] Reached target [0;1;39mshutdown.target[0m - System Shutdown.
[[0;32m  OK  [0m] Reached target [0;1;39mfinal.target[0m - Late Shutdown Services.
[[0;32m  OK  [0m] Finished [0;1;39msystemd-reboot.service[0m - System Reboot.
[[0;32m  OK  [0m] Reached target [0;1;39mreboot.target[0m - System Reboot.
]3008;end=49af01381013437493196fd365ded9e6\[0;21;31mwatchdog: watchdog0: watchdog did not stop![0m
[0;21;39msystemd-shutdown[1]: Using hardware watchdog /dev/watchdog0: 'iTCO_wdt', version 2.[0m
[0;21;39msystemd-shutdown[1]: Watchdog running with a hardware timeout of 10min.[0m
[0;21;39msystemd-shutdown[1]: Syncing filesystems and block devices.[0m
[0;21;39msystemd-shutdown[1]: Sending SIGTERM to remaining processes...[0m
[0;21;39msystemd-journald[669]: Received SIGTERM from PID 1 (systemd-shutdow).[0m
[  539.322228] systemd-shutdown[1]: Sending SIGKILL to remaining processes...
[  539.328034] systemd-shutdown[1]: Unmounting file systems.
[  539.330408] (sd-remount)[3913]: Remounting '/var' read-only with options 'seclabel,discard=async,space_cache=v2,subvolid=257,subvol=/root'.
[  539.351841] (sd-umount)[3914]: Unmounting '/var'.
[  539.353503] (sd-umount)[3915]: Unmounting '/run/credentials/systemd-journald.service'.
[  539.356370] (sd-remount)[3916]: Remounting '/sysroot' read-only with options 'seclabel,discard=async,space_cache=v2,subvolid=257,subvol=/root'.
[  539.360380] (sd-umount)[3917]: Unmounting '/sysroot'.
[  539.362250] (sd-remount)[3919]: Remounting '/etc' read-only with options 'seclabel,discard=async,space_cache=v2,subvolid=257,subvol=/root'.
[  539.365952] (sd-umount)[3920]: Unmounting '/etc'.
[  539.367636] systemd-shutdown[1]: All filesystems unmounted.
[  539.369425] systemd-shutdown[1]: Deactivating swaps.
[  539.370668] systemd-shutdown[1]: All swaps deactivated.
[  539.372056] systemd-shutdown[1]: Detaching loop devices.
[  539.373449] systemd-shutdown[1]: All loop devices detached.
[  539.374761] systemd-shutdown[1]: Stopping MD devices.
[  539.376056] systemd-shutdown[1]: All MD devices stopped.
[  539.377714] systemd-shutdown[1]: Detaching DM devices.
[  539.379023] systemd-shutdown[1]: All DM devices detached.
[  539.380806] systemd-shutdown[1]: All filesystems, swaps, loop devices, MD devices and DM devices detached.
[  539.383020] watchdog: watchdog0: watchdog did not stop!
[  539.390060] systemd-shutdown[1]: Syncing filesystems and block devices.
[  539.391648] systemd-shutdown[1]: Rebooting.
[  539.411327] Console: switching to colour dummy device 80x25
[  539.429576] ACPI: PM: Preparing to enter system sleep state S5
[  539.431529] kvm: exiting hardware virtualization
[  539.433035] reboot: Restarting system
[  539.433894] reboot: machine restart
[2J[001;001H[=3h[2J[001;001H[2J[001;001H[8;056;240t[2J[001;001H[2J[001;001H[=3h[2J[001;001H[2J[001;001H[8;042;160t[2J[001;001HBdsDxe: loading Boot0002 "Bazzite" from HD(1,GPT,48E1E3E3-E014-49D3-A5C9-B6A962B829F9,0x800,0x12C000)/\EFI\fedora\shimx64.efi
BdsDxe: starting Boot0002 "Bazzite" from HD(1,GPT,48E1E3E3-E014-49D3-A5C9-B6A962B829F9,0x800,0x12C000)/\EFI\fedora\shimx64.efi
[0m[30m[40m[2J[001;001H[0m[37m[40m[002;072HGRUB version 2.12

[004;002H┌────────────────────────────────────────────────────────────────────────────────────────────────────────────────────────────────────────────────────────────┐[005;002H│[005;159H│[006;002H│[006;159H│[007;002H│[007;159H│[008;002H│[008;159H│[009;002H│[009;159H│[010;002H│[010;159H│[011;002H│[011;159H│[012;002H│[012;159H│[013;002H│[013;159H│[014;002H│[014;159H│[015;002H│[015;159H│[016;002H│[016;159H│[017;002H│[017;159H│[018;002H│[018;159H│[019;002H│[019;159H│[020;002H│[020;159H│[021;002H│[021;159H│[022;002H│[022;159H│[023;002H│[023;159H│[024;002H│[024;159H│[025;002H│[025;159H│[026;002H│[026;159H│[027;002H│[027;159H│[028;002H│[028;159H│[029;002H│[029;159H│[030;002H│[030;159H│[031;002H│[031;159H│[032;002H│[032;159H│[033;002H│[033;159H│[034;002H│[034;159H│[035;002H│[035;159H│[036;002H└────────────────────────────────────────────────────────────────────────────────────────────────────────────────────────────────────────────────────────────┘[037;002H[038;002H     Use the ▲ and ▼ keys to select which entry is highlighted.                                                                                          
      Press enter to boot the selected OS, `e' to edit the commands before booting or `c' for a command-line. ESC to return previous menu.                [005;160H [0m[30m[47m[005;003H*Bazzite (ostree:0)                                                                                                                                         [0m[37m[40m[005;158H[006;003H Bazzite (ostree:1)                                                                                                                                         [006;158H[007;003H UEFI Firmware Settings                                                                                                                                     [007;158H[008;003H                                                                                                                                                            [008;158H[009;003H                                                                                                                                                            [009;158H[010;003H                                                                                                                                                            [010;158H[011;003H                                                                                                                                                            [011;158H[012;003H                                                                                                                                                            [012;158H[013;003H                                                                                                                                                            [013;158H[014;003H                                                                                                                                                            [014;158H[015;003H                                                                                                                                                            [015;158H[016;003H                                                                                                                                                            [016;158H[017;003H                                                                                                                                                            [017;158H[018;003H                                                                                                                                                            [018;158H[019;003H                                                                                                                                                            [019;158H[020;003H                                                                                                                                                            [020;158H[021;003H                                                                                                                                                            [021;158H[022;003H                                                                                                                                                            [022;158H[023;003H                                                                                                                                                            [023;158H[024;003H                                                                                                                                                            [024;158H[025;003H                                                                                                                                                            [025;158H[026;003H                                                                                                                                                            [026;158H[027;003H                                                                                                                                                            [027;158H[028;003H                                                                                                                                                            [028;158H[029;003H                                                                                                                                                            [029;158H[030;003H                                                                                                                                                            [030;158H[031;003H                                                                                                                                                            [031;158H[032;003H                                                                                                                                                            [032;158H[033;003H                                                                                                                                                            [033;158H[034;003H                                                                                                                                                            [034;158H[035;003H                                                                                                                                                            [035;158H[035;160H [005;158H[040;001H   The highlighted entry will be executed automatically in 1s.                                                                                                 [005;158H[040;001H   The highlighted entry will be executed automatically in 0s.                                                                                                 [005;158H[0m[30m[40m[2J[001;001H[0m[37m[40m[0m[30m[40m[2J[001;001H[0m[37m[40m  Booting `Bazzite (ostree:0)'

[    0.000000] Linux version 7.1.3-ogc3.4.fc44.x86_64 (root@b94170d5dfd0) (gcc (GCC) 16.1.1 20260515 (Red Hat 16.1.1-2), GNU ld version 2.46-3.fc44) #1 SMP PREEMPT_DYNAMIC Fri Jul 10 04:06:08 UTC 2026
[    0.000000] Command line: BOOT_IMAGE=(hd0,gpt2)/ostree/default-a68fdf669824e7bea84f6339c1b0a162c5382aa3213bb37b639d9879f3bc9dc0/vmlinuz-7.1.3-ogc3.4.fc44.x86_64 ostree=/ostree/boot.0/default/a68fdf669824e7bea84f6339c1b0a162c5382aa3213bb37b639d9879f3bc9dc0/0 console=tty0 console=ttyS0,115200 root=UUID=16d6e9ea-19b9-4095-9bf1-4c3c4973c5b8 vconsole.keymap=us rootflags=subvol=root rw bluetooth.disable_ertm=1
[    0.000000] BIOS-provided physical RAM map:
[    0.000000] BIOS-e820: [mem 0x0000000000000000-0x000000000009ffff]  System RAM
[    0.000000] BIOS-e820: [gap 0x00000000000a0000-0x00000000000fffff]
[    0.000000] BIOS-e820: [mem 0x0000000000100000-0x00000000007fffff]  System RAM
[    0.000000] BIOS-e820: [mem 0x0000000000800000-0x0000000000807fff]  ACPI NVS
[    0.000000] BIOS-e820: [mem 0x0000000000808000-0x000000000080afff]  System RAM
[    0.000000] BIOS-e820: [mem 0x000000000080b000-0x000000000080bfff]  ACPI NVS
[    0.000000] BIOS-e820: [mem 0x000000000080c000-0x0000000000811fff]  System RAM
[    0.000000] BIOS-e820: [mem 0x0000000000812000-0x0000000000812fff]  device reserved
[    0.000000] BIOS-e820: [mem 0x0000000000813000-0x0000000000813fff]  System RAM
[    0.000000] BIOS-e820: [mem 0x0000000000814000-0x00000000008fffff]  ACPI NVS
[    0.000000] BIOS-e820: [mem 0x0000000000900000-0x000000007def9fff]  System RAM
[    0.000000] BIOS-e820: [mem 0x000000007defa000-0x000000007defbfff]  device reserved
[    0.000000] BIOS-e820: [mem 0x000000007defc000-0x000000007f8ecfff]  System RAM
[    0.000000] BIOS-e820: [mem 0x000000007f8ed000-0x000000007fb6cfff]  device reserved
[    0.000000] BIOS-e820: [mem 0x000000007fb6d000-0x000000007fb7efff]  ACPI data
[    0.000000] BIOS-e820: [mem 0x000000007fb7f000-0x000000007fbfefff]  ACPI NVS
[    0.000000] BIOS-e820: [mem 0x000000007fbff000-0x000000007ff1ffff]  System RAM
[    0.000000] BIOS-e820: [mem 0x000000007ff20000-0x000000007ff3ffff]  device reserved
[    0.000000] BIOS-e820: [mem 0x000000007ff40000-0x000000007fffffff]  ACPI NVS
[    0.000000] BIOS-e820: [gap 0x0000000080000000-0x00000000dfffffff]
[    0.000000] BIOS-e820: [mem 0x00000000e0000000-0x00000000efffffff]  device reserved
[    0.000000] BIOS-e820: [gap 0x00000000f0000000-0x00000000feffbfff]
[    0.000000] BIOS-e820: [mem 0x00000000feffc000-0x00000000feffffff]  device reserved
[    0.000000] BIOS-e820: [gap 0x00000000ff000000-0x00000000ffdfffff]
[    0.000000] BIOS-e820: [mem 0x00000000ffe00000-0x00000000ffffffff]  device reserved
[    0.000000] BIOS-e820: [mem 0x0000000100000000-0x000000027fffffff]  System RAM
[    0.000000] BIOS-e820: [gap 0x0000000280000000-0x000000fcffffffff]
[    0.000000] BIOS-e820: [mem 0x000000fd00000000-0x000000ffffffffff]  device reserved
[    0.000000] NX (Execute Disable) protection: active
[    0.000000] APIC: Static calls initialized
[    0.000000] efi: EFI v2.7 by EDK II
[    0.000000] efi: SMBIOS=0x7f8f0000 ACPI=0x7fb7e000 ACPI 2.0=0x7fb7e014 MEMATTR=0x7def7018 MOKvar=0x7defa000 RNG=0x7fb73018 
[    0.000000] random: crng init done
[    0.000000] efi: Remove mem114: MMIO range=[0xffe00000-0xffffffff] (2MB) from e820 map
[    0.000000] DMI: SMBIOS 2.8 present.
[    0.000000] DMI: QEMU Standard PC (Q35 + ICH9, 2009), BIOS edk2-20260508-6.fc44 05/08/2026
[    0.000000] DMI: Memory slots populated: 1/1
[    0.000000] Hypervisor detected: KVM
[    0.000000] last_pfn = 0x7ff20 max_arch_pfn = 0x400000000
[    0.000000] kvm-clock: Using msrs 4b564d01 and 4b564d00
[    0.000000] kvm-clock: using sched offset of 1519894496098 cycles
[    0.000002] clocksource: kvm-clock: mask: 0xffffffffffffffff max_cycles: 0x1cd42e4dffb, max_idle_ns: 881590591483 ns
[    0.000005] tsc: Detected 4099.996 MHz processor
[    0.000116] last_pfn = 0x280000 max_arch_pfn = 0x400000000
[    0.000152] MTRR map: 4 entries (2 fixed + 2 variable; max 18), built from 8 variable MTRRs
[    0.000155] x86/PAT: Configuration [0-7]: WB  WC  UC- UC  WB  WP  UC- WT  
[    0.000203] last_pfn = 0x7ff20 max_arch_pfn = 0x400000000
[    0.004002] Using GB pages for direct mapping
[    0.004308] Secure boot disabled
[    0.004308] RAMDISK: [mem 0x65837000-0x74888fff]
[    0.004313] ACPI: Early table checksum verification disabled
[    0.004315] ACPI: RSDP 0x000000007FB7E014 000024 (v02 BOCHS )
[    0.004318] ACPI: XSDT 0x000000007FB7D0E8 000054 (v01 BOCHS  BXPC     00000001      01000013)
[    0.004322] ACPI: FACP 0x000000007FB79000 0000F4 (v03 BOCHS  BXPC     00000001 BXPC 00000001)
[    0.004327] ACPI: DSDT 0x000000007FB7A000 002379 (v01 BOCHS  BXPC     00000001 BXPC 00000001)
[    0.004331] ACPI: FACS 0x000000007FBDD000 000040
[    0.004334] ACPI: APIC 0x000000007FB78000 0000B0 (v03 BOCHS  BXPC     00000001 BXPC 00000001)
[    0.004338] ACPI: HPET 0x000000007FB77000 000038 (v01 BOCHS  BXPC     00000001 BXPC 00000001)
[    0.004341] ACPI: MCFG 0x000000007FB76000 00003C (v01 BOCHS  BXPC     00000001 BXPC 00000001)
[    0.004344] ACPI: WAET 0x000000007FB75000 000028 (v01 BOCHS  BXPC     00000001 BXPC 00000001)
[    0.004348] ACPI: BGRT 0x000000007FB74000 000038 (v01 INTEL  EDK2     00000002      01000013)
[    0.004349] ACPI: Reserving FACP table memory at [mem 0x7fb79000-0x7fb790f3]
[    0.004350] ACPI: Reserving DSDT table memory at [mem 0x7fb7a000-0x7fb7c378]
[    0.004351] ACPI: Reserving FACS table memory at [mem 0x7fbdd000-0x7fbdd03f]
[    0.004352] ACPI: Reserving APIC table memory at [mem 0x7fb78000-0x7fb780af]
[    0.004352] ACPI: Reserving HPET table memory at [mem 0x7fb77000-0x7fb77037]
[    0.004353] ACPI: Reserving MCFG table memory at [mem 0x7fb76000-0x7fb7603b]
[    0.004353] ACPI: Reserving WAET table memory at [mem 0x7fb75000-0x7fb75027]
[    0.004354] ACPI: Reserving BGRT table memory at [mem 0x7fb74000-0x7fb74037]
[    0.004849] No NUMA configuration found
[    0.004851] Faking a node at [mem 0x0000000000000000-0x000000027fffffff]
[    0.004860] NODE_DATA(0) allocated [mem 0x27ffd4f80-0x27fffffff]
[    0.005787] ACPI: PM-Timer IO Port: 0x608
[    0.005799] ACPI: LAPIC_NMI (acpi_id[0xff] dfl dfl lint[0x1])
[    0.005821] IOAPIC[0]: apic_id 0, version 17, address 0xfec00000, GSI 0-23
[    0.005824] ACPI: INT_SRC_OVR (bus 0 bus_irq 0 global_irq 2 dfl dfl)
[    0.005825] ACPI: INT_SRC_OVR (bus 0 bus_irq 5 global_irq 5 high level)
[    0.005826] ACPI: INT_SRC_OVR (bus 0 bus_irq 9 global_irq 9 high level)
[    0.005827] ACPI: INT_SRC_OVR (bus 0 bus_irq 10 global_irq 10 high level)
[    0.005827] ACPI: INT_SRC_OVR (bus 0 bus_irq 11 global_irq 11 high level)
[    0.005830] ACPI: Using ACPI (MADT) for SMP configuration information
[    0.005830] ACPI: HPET id: 0x8086a201 base: 0xfed00000
[    0.005850] TSC deadline timer available
[    0.005852] CPU topo: Max. logical packages:   1
[    0.005853] CPU topo: Max. logical nodes:      1
[    0.005853] CPU topo: Num. nodes per package:  1
[    0.005855] CPU topo: Max. logical dies:       1
[    0.005856] CPU topo: Max. dies per package:   1
[    0.005858] CPU topo: Max. threads per core:   1
[    0.005859] CPU topo: Num. cores per package:     8
[    0.005859] CPU topo: Num. threads per package:   8
[    0.005860] CPU topo: Allowing 8 present CPUs plus 0 hotplug CPUs
[    0.005873] kvm-guest: APIC: eoi() replaced with kvm_guest_apic_eoi_write()
[    0.005884] kvm-guest: KVM setup pv remote TLB flush
[    0.005887] kvm-guest: setup PV sched yield
[    0.005901] PM: hibernation: Registered nosave memory: [mem 0x00000000-0x00000fff]
[    0.005902] PM: hibernation: Registered nosave memory: [mem 0x000a0000-0x000fffff]
[    0.005903] PM: hibernation: Registered nosave memory: [mem 0x00800000-0x00807fff]
[    0.005905] PM: hibernation: Registered nosave memory: [mem 0x0080b000-0x0080bfff]
[    0.005905] PM: hibernation: Registered nosave memory: [mem 0x00812000-0x00812fff]
[    0.005906] PM: hibernation: Registered nosave memory: [mem 0x00814000-0x008fffff]
[    0.005907] PM: hibernation: Registered nosave memory: [mem 0x7defa000-0x7defbfff]
[    0.005909] PM: hibernation: Registered nosave memory: [mem 0x7df06000-0x7df0efff]
[    0.005910] PM: hibernation: Registered nosave memory: [mem 0x7f8ed000-0x7fbfefff]
[    0.005911] PM: hibernation: Registered nosave memory: [mem 0x7ff20000-0xffffffff]
[    0.005912] [gap 0x80000000-0xdfffffff] available for PCI devices
[    0.005913] Booting paravirtualized kernel on KVM
[    0.005914] clocksource: refined-jiffies: mask: 0xffffffff max_cycles: 0xffffffff, max_idle_ns: 1910969940391419 ns
[    0.011854] Zone ranges:
[    0.011854]   DMA      [mem 0x0000000000001000-0x0000000000ffffff]
[    0.011856]   DMA32    [mem 0x0000000001000000-0x00000000ffffffff]
[    0.011857]   Normal   [mem 0x0000000100000000-0x000000027fffffff]
[    0.011858]   Device   empty
[    0.011859] Movable zone start for each node
[    0.011861] Early memory node ranges
[    0.011861]   node   0: [mem 0x0000000000001000-0x000000000009ffff]
[    0.011862]   node   0: [mem 0x0000000000100000-0x00000000007fffff]
[    0.011862]   node   0: [mem 0x0000000000808000-0x000000000080afff]
[    0.011863]   node   0: [mem 0x000000000080c000-0x0000000000811fff]
[    0.011863]   node   0: [mem 0x0000000000813000-0x0000000000813fff]
[    0.011864]   node   0: [mem 0x0000000000900000-0x000000007def9fff]
[    0.011865]   node   0: [mem 0x000000007defc000-0x000000007f8ecfff]
[    0.011865]   node   0: [mem 0x000000007fbff000-0x000000007ff1ffff]
[    0.011866]   node   0: [mem 0x0000000100000000-0x000000027fffffff]
[    0.011867] Initmem setup node 0 [mem 0x0000000000001000-0x000000027fffffff]
[    0.011878] On node 0, zone DMA: 1 pages in unavailable ranges
[    0.011932] On node 0, zone DMA: 96 pages in unavailable ranges
[    0.011934] On node 0, zone DMA: 8 pages in unavailable ranges
[    0.011935] On node 0, zone DMA: 1 pages in unavailable ranges
[    0.011935] On node 0, zone DMA: 1 pages in unavailable ranges
[    0.011992] On node 0, zone DMA: 236 pages in unavailable ranges
[    0.026924] On node 0, zone DMA32: 2 pages in unavailable ranges
[    0.026973] On node 0, zone DMA32: 786 pages in unavailable ranges
[    0.072404] On node 0, zone Normal: 224 pages in unavailable ranges
[    0.072421] setup_percpu: NR_CPUS:8192 nr_cpumask_bits:8 nr_cpu_ids:8 nr_node_ids:1
[    0.074421] percpu: Embedded 85 pages/cpu s225280 r8192 d114688 u524288
[    0.074479] kvm-guest: PV spinlocks enabled
[    0.074481] PV qspinlock hash table entries: 256 (order: 0, 4096 bytes, linear)
[    0.074484] Kernel command line: BOOT_IMAGE=(hd0,gpt2)/ostree/default-a68fdf669824e7bea84f6339c1b0a162c5382aa3213bb37b639d9879f3bc9dc0/vmlinuz-7.1.3-ogc3.4.fc44.x86_64 ostree=/ostree/boot.0/default/a68fdf669824e7bea84f6339c1b0a162c5382aa3213bb37b639d9879f3bc9dc0/0 console=tty0 console=ttyS0,115200 root=UUID=16d6e9ea-19b9-4095-9bf1-4c3c4973c5b8 vconsole.keymap=us rootflags=subvol=root rw bluetooth.disable_ertm=1
[    0.074706] Unknown kernel command line parameters "ostree=/ostree/boot.0/default/a68fdf669824e7bea84f6339c1b0a162c5382aa3213bb37b639d9879f3bc9dc0/0", will be passed to user space.
[    0.074897] printk: log buffer data + meta data: 262144 + 1114112 = 1376256 bytes
[    0.078614] Dentry cache hash table entries: 1048576 (order: 11, 8388608 bytes, linear)
[    0.080470] Inode-cache hash table entries: 524288 (order: 10, 4194304 bytes, linear)
[    0.080559] software IO TLB: area num 8.
[    0.094194] Fallback order for Node 0: 0 
[    0.094199] Built 1 zonelists, mobility grouping on.  Total pages: 2095797
[    0.094201] Policy zone: Normal
[    0.095280] mem auto-init: stack:all(zero), heap alloc:on, heap free:off
[    0.106388] SLUB: HWalign=64, Order=0-3, MinObjects=0, CPUs=8, Nodes=1
[    0.116698] ftrace: allocating 64544 entries in 254 pages
[    0.116700] ftrace: allocated 254 pages with 7 groups
[    0.117502] Dynamic Preempt: lazy
[    0.117645] rcu: Preemptible hierarchical RCU implementation.
[    0.117646] rcu: 	RCU event tracing is enabled.
[    0.117646] rcu: 	RCU restricting CPUs from NR_CPUS=8192 to nr_cpu_ids=8.
[    0.117648] 	Trampoline variant of Tasks RCU enabled.
[    0.117648] 	Rude variant of Tasks RCU enabled.
[    0.117648] 	Tracing variant of Tasks RCU enabled.
[    0.117649] rcu: RCU calculated value of scheduler-enlistment delay is 100 jiffies.
[    0.117650] rcu: Adjusting geometry for rcu_fanout_leaf=16, nr_cpu_ids=8
[    0.117663] RCU Tasks: Setting shift to 3 and lim to 1 rcu_task_cb_adjust=1 rcu_task_cpu_ids=8.
[    0.117664] RCU Tasks Rude: Setting shift to 3 and lim to 1 rcu_task_cb_adjust=1 rcu_task_cpu_ids=8.
[    0.121909] NR_IRQS: 524544, nr_irqs: 488, preallocated irqs: 16
[    0.122166] rcu: srcu_init: Setting srcu_struct sizes based on contention.
[    0.122353] kfence: initialized - using 2097152 bytes for 255 objects at 0x(____ptrval____)-0x(____ptrval____)
[    0.122458] Console: colour dummy device 80x25
[    0.122461] printk: legacy console [tty0] enabled
[    0.122709] printk: legacy console [ttyS0] enabled
[    0.458299] ACPI: Core revision 20251212
[    0.459724] clocksource: hpet: mask: 0xffffffff max_cycles: 0xffffffff, max_idle_ns: 19112604467 ns
[    0.462536] APIC: Switch to symmetric I/O mode setup
[    0.464206] x2apic enabled
[    0.465289] APIC: Switched APIC routing to: physical x2apic
[    0.466995] kvm-guest: APIC: send_IPI_mask() replaced with kvm_send_ipi_mask()
[    0.469181] kvm-guest: APIC: send_IPI_mask_allbutself() replaced with kvm_send_ipi_mask_allbutself()
[    0.471895] kvm-guest: setup PV IPIs
[    0.473854] ..TIMER: vector=0x30 apic1=0 pin1=2 apic2=-1 pin2=-1
[    0.475672] clocksource: tsc-early: mask: 0xffffffffffffffff max_cycles: 0x3b195b6e39b, max_idle_ns: 440795394037 ns
[    0.478793] Calibrating delay loop (skipped) preset value.. 8199.99 BogoMIPS (lpj=4099996)
[    0.479915] x86/cpu: User Mode Instruction Prevention (UMIP) activated
[    0.480898] Last level iTLB entries: 4KB 512, 2MB 255, 4MB 127
[    0.481796] Last level dTLB entries: 4KB 512, 2MB 255, 4MB 127, 1GB 0
[    0.482801] mitigations: Enabled attack vectors: user_kernel, user_user, guest_host, guest_guest, SMT mitigations: auto
[    0.483796] Speculative Store Bypass: Mitigation: Speculative Store Bypass disabled via prctl
[    0.484796] Transient Scheduler Attacks: Mitigation: Clear CPU buffers
[    0.485795] Spectre V2 : Mitigation: Enhanced / Automatic IBRS
[    0.486795] Speculative Return Stack Overflow: Mitigation: Safe RET
[    0.487795] Spectre V1 : Mitigation: usercopy/swapgs barriers and __user pointer sanitization
[    0.488800] Spectre V2 : mitigation: Enabling conditional Indirect Branch Prediction Barrier
[    0.489796] active return thunk: srso_alias_return_thunk
[    0.490819] x86/fpu: Supporting XSAVE feature 0x001: 'x87 floating point registers'
[    0.491795] x86/fpu: Supporting XSAVE feature 0x002: 'SSE registers'
[    0.492795] x86/fpu: Supporting XSAVE feature 0x004: 'AVX registers'
[    0.493795] x86/fpu: Supporting XSAVE feature 0x020: 'AVX-512 opmask'
[    0.494795] x86/fpu: Supporting XSAVE feature 0x040: 'AVX-512 Hi256'
[    0.495795] x86/fpu: Supporting XSAVE feature 0x080: 'AVX-512 ZMM_Hi256'
[    0.496795] x86/fpu: Supporting XSAVE feature 0x200: 'Protection Keys User registers'
[    0.497796] x86/fpu: xstate_offset[2]:  576, xstate_sizes[2]:  256
[    0.498795] x86/fpu: xstate_offset[5]:  832, xstate_sizes[5]:   64
[    0.499795] x86/fpu: xstate_offset[6]:  896, xstate_sizes[6]:  512
[    0.500795] x86/fpu: xstate_offset[7]: 1408, xstate_sizes[7]: 1024
[    0.501795] x86/fpu: xstate_offset[9]: 2432, xstate_sizes[9]:    8
[    0.502795] x86/fpu: Enabled xstate features 0x2e7, context size is 2440 bytes, using 'compacted' format.
[    0.532845] pid_max: default: 32768 minimum: 301
[    0.533978] Yama: becoming mindful.
[    0.534802] SELinux:  Initializing.
[    0.536992] LSM support for eBPF active
[    0.537823] landlock: Up and running.
[    0.538971] Mount-cache hash table entries: 16384 (order: 5, 131072 bytes, linear)
[    0.540792] Mountpoint-cache hash table entries: 16384 (order: 5, 131072 bytes, linear)
[    0.542034] VFS: Finished mounting rootfs on nullfs
[    0.543405] smpboot: CPU0: AMD Ryzen 7 8700F 8-Core Processor (family: 0x19, model: 0x75, stepping: 0x2)
[    0.544222] Performance Events: Fam17h+ core perfctr, AMD PMU driver.
[    0.544807] ... version:                   2
[    0.545798] ... bit width:                 48
[    0.546798] ... generic counters:          6
[    0.547798] ... generic bitmap:            000000000000003f
[    0.548798] ... fixed-purpose counters:    0
[    0.549798] ... fixed-purpose bitmap:      0000000000000000
[    0.550798] ... value mask:                0000ffffffffffff
[    0.551798] ... max period:                00007fffffffffff
[    0.552798] ... global_ctrl mask:          000000000000003f
[    0.553914] signal: max sigframe size: 3376
[    0.554855] rcu: Hierarchical SRCU implementation.
[    0.555802] rcu: 	Max phase no-delay instances is 400.
[    0.556926] Timer migration: 1 hierarchy levels; 8 children per group; 1 crossnode level
[    0.563716] smp: Bringing up secondary CPUs ...
[    0.564032] smpboot: x86: Booting SMP configuration:
[    0.564802] .... node  #0, CPUs:      #1 #2 #3 #4 #5 #6 #7
[    0.568833] smp: Brought up 1 node, 8 CPUs
[    0.570801] smpboot: Total of 8 processors activated (65599.93 BogoMIPS)
[    0.572437] Memory: 7798100K/8383188K available (24368K kernel code, 4756K rwdata, 18752K rodata, 5300K init, 4316K bss, 572428K reserved, 0K cma-reserved)
[    0.573203] devtmpfs: initialized
[    0.573940] x86/mm: Memory block size: 128MB
[    0.576310] ACPI: PM: Registering ACPI NVS region [mem 0x00800000-0x00807fff] (32768 bytes)
[    0.576801] ACPI: PM: Registering ACPI NVS region [mem 0x0080b000-0x0080bfff] (4096 bytes)
[    0.577808] ACPI: PM: Registering ACPI NVS region [mem 0x00814000-0x008fffff] (966656 bytes)
[    0.578822] ACPI: PM: Registering ACPI NVS region [mem 0x7fb7f000-0x7fbfefff] (524288 bytes)
[    0.579816] ACPI: PM: Registering ACPI NVS region [mem 0x7ff40000-0x7fffffff] (786432 bytes)
[    0.581017] clocksource: jiffies: mask: 0xffffffff max_cycles: 0xffffffff, max_idle_ns: 1911260446275000 ns
[    0.581845] posixtimers hash table entries: 4096 (order: 4, 65536 bytes, linear)
[    0.582868] futex hash table entries: 2048 (131072 bytes on 1 NUMA nodes, total 128 KiB, linear).
[    0.583955] xor: automatically using best checksumming function   avx       
[    0.585211] PM: RTC time: 17:27:46, date: 2026-07-20
[    0.587310] NET: Registered PF_NETLINK/PF_ROUTE protocol family
[    0.588528] DMA: preallocated 1024 KiB GFP_KERNEL pool for atomic allocations
[    0.589518] DMA: preallocated 1024 KiB GFP_KERNEL|GFP_DMA pool for atomic allocations
[    0.590277] DMA: preallocated 1024 KiB GFP_KERNEL|GFP_DMA32 pool for atomic allocations
[    0.590821] audit: initializing netlink subsys (disabled)
[    0.591847] audit: type=2000 audit(1784568466.293:1): state=initialized audit_enabled=0 res=1
[    0.591978] thermal_sys: Registered thermal governor 'fair_share'
[    0.592800] thermal_sys: Registered thermal governor 'bang_bang'
[    0.593799] thermal_sys: Registered thermal governor 'step_wise'
[    0.594800] thermal_sys: Registered thermal governor 'user_space'
[    0.595815] cpuidle: using governor menu
[    0.598974] Freeing SMP alternatives memory: 60K
[    0.602070] efi: Freeing EFI boot services memory: 44748K
[    0.602801] acpiphp: ACPI Hot Plug PCI Controller Driver version: 0.5
[    0.604060] PCI: ECAM [mem 0xe0000000-0xefffffff] (base 0xe0000000) for domain 0000 [bus 00-ff]
[    0.604814] PCI: Using configuration type 1 for base access
[    0.605903] virt/tdx: TDX not supported by the host platform
[    0.606873] kprobes: kprobe jump-optimization is enabled. All kprobes are optimized if possible.
[    0.608062] HugeTLB: registered 1.00 GiB page size, pre-allocated 0 pages
[    0.608800] HugeTLB: 16380 KiB vmemmap can be freed for a 1.00 GiB page
[    0.609803] HugeTLB: registered 2.00 MiB page size, pre-allocated 0 pages
[    0.610807] HugeTLB: 28 KiB vmemmap can be freed for a 2.00 MiB page
[    0.615588] raid6: skipped pq benchmark and selected avx512x4
[    0.615801] raid6: using avx512x2 recovery algorithm
[    0.616957] fbcon: Taking over console
[    0.617846] ACPI: Added _OSI(Module Device)
[    0.617848] ACPI: Added _OSI(Processor Device)
[    0.617849] ACPI: Added _OSI(Processor Aggregator Device)
[    0.619790] ACPI: 1 ACPI AML tables successfully acquired and loaded
[    0.625009] ACPI: \_SB_: platform _OSC: OS support mask [006e7eff]
[    0.627127] ACPI: Interpreter enabled
[    0.627830] ACPI: PM: (supports S0 S3 S4 S5)
[    0.629799] ACPI: Using IOAPIC for interrupt routing
[    0.631050] PCI: Using host bridge windows from ACPI; if necessary, use "pci=nocrs" and report a bug
[    0.633801] PCI: Ignoring E820 reservations for host bridge windows
[    0.635958] ACPI: Enabled 2 GPEs in block 00 to 3F
[    0.641897] ACPI: PCI Root Bridge [PCI0] (domain 0000 [bus 00-ff])
[    0.643804] acpi PNP0A08:00: _OSC: OS supports [ExtendedConfig ASPM ClockPM Segments MSI EDR HPX-Type3]
[    0.645871] acpi PNP0A08:00: _OSC: platform does not support [PCIeHotplug LTR DPC]
[    0.648936] acpi PNP0A08:00: _OSC: OS now controls [SHPCHotplug PME AER PCIeCapability]
[    0.651135] PCI host bridge to bus 0000:00
[    0.652813] pci_bus 0000:00: root bus resource [io  0x0000-0x0cf7 window]
[    0.654805] pci_bus 0000:00: root bus resource [io  0x0d00-0xffff window]
[    0.656799] pci_bus 0000:00: root bus resource [mem 0x000a0000-0x000bffff window]
[    0.658800] pci_bus 0000:00: root bus resource [mem 0x80000000-0xdfffffff window]
[    0.660800] pci_bus 0000:00: root bus resource [mem 0xf0000000-0xfebfffff window]
[    0.662800] pci_bus 0000:00: root bus resource [mem 0x380000000000-0x3807ffffffff window]
[    0.664800] pci_bus 0000:00: root bus resource [bus 00-ff]
[    0.666891] pci 0000:00:00.0: [8086:29c0] type 00 class 0x060000 conventional PCI endpoint
[    0.670866] pci 0000:00:01.0: [1af4:1000] type 00 class 0x020000 conventional PCI endpoint
[    0.674809] pci 0000:00:01.0: BAR 0 [io  0x60e0-0x60ff]
[    0.676814] pci 0000:00:01.0: BAR 1 [mem 0x80845000-0x80845fff]
[    0.678853] pci 0000:00:01.0: BAR 4 [mem 0x380000000000-0x380000003fff 64bit pref]
[    0.680814] pci 0000:00:01.0: ROM [mem 0xfffc0000-0xffffffff pref]
[    0.684229] pci 0000:00:02.0: [1af4:1050] type 00 class 0x030000 conventional PCI endpoint
[    0.695880] pci 0000:00:02.0: BAR 0 [mem 0x80000000-0x807fffff pref]
[    0.697867] pci 0000:00:02.0: BAR 2 [mem 0x380000004000-0x380000007fff 64bit pref]
[    0.699831] pci 0000:00:02.0: BAR 4 [mem 0x80844000-0x80844fff]
[    0.701830] pci 0000:00:02.0: ROM [mem 0xffff0000-0xffffffff pref]
[    0.704019] pci 0000:00:02.0: Video device with shadowed ROM at [mem 0x000c0000-0x000dffff]
[    0.708594] pci 0000:00:03.0: [1af4:1052] type 00 class 0x098000 conventional PCI endpoint
[    0.712823] pci 0000:00:03.0: BAR 1 [mem 0x80843000-0x80843fff]
[    0.714853] pci 0000:00:03.0: BAR 4 [mem 0x380000008000-0x38000000bfff 64bit pref]
[    0.718027] pci 0000:00:04.0: [1af4:1052] type 00 class 0x090000 conventional PCI endpoint
[    0.722007] pci 0000:00:04.0: BAR 1 [mem 0x80842000-0x80842fff]
[    0.723853] pci 0000:00:04.0: BAR 4 [mem 0x38000000c000-0x38000000ffff 64bit pref]
[    0.727009] pci 0000:00:05.0: [1af4:1001] type 00 class 0x010000 conventional PCI endpoint
[    0.731714] pci 0000:00:05.0: BAR 0 [io  0x6000-0x607f]
[    0.732813] pci 0000:00:05.0: BAR 1 [mem 0x80841000-0x80841fff]
[    0.734859] pci 0000:00:05.0: BAR 4 [mem 0x380000010000-0x380000013fff 64bit pref]
[    0.738140] pci 0000:00:1f.0: [8086:2918] type 00 class 0x060100 conventional PCI endpoint
[    0.741479] pci 0000:00:1f.0: quirk: [io  0x0600-0x067f] claimed by ICH6 ACPI/GPIO/TCO
[    0.744294] pci 0000:00:1f.2: [8086:2922] type 00 class 0x010601 conventional PCI endpoint
[    0.748880] pci 0000:00:1f.2: BAR 4 [io  0x60c0-0x60df]
[    0.749813] pci 0000:00:1f.2: BAR 5 [mem 0x80840000-0x80840fff]
[    0.752628] pci 0000:00:1f.3: [8086:2930] type 00 class 0x0c0500 conventional PCI endpoint
[    0.755383] pci 0000:00:1f.3: BAR 4 [io  0x6080-0x60bf]
[    0.760790] ACPI: PCI: Interrupt link LNKA configured for IRQ 10
[    0.762951] ACPI: PCI: Interrupt link LNKB configured for IRQ 10
[    0.764942] ACPI: PCI: Interrupt link LNKC configured for IRQ 11
[    0.766944] ACPI: PCI: Interrupt link LNKD configured for IRQ 11
[    0.768955] ACPI: PCI: Interrupt link LNKE configured for IRQ 10
[    0.770944] ACPI: PCI: Interrupt link LNKF configured for IRQ 10
[    0.772944] ACPI: PCI: Interrupt link LNKG configured for IRQ 11
[    0.774943] ACPI: PCI: Interrupt link LNKH configured for IRQ 11
[    0.776859] ACPI: PCI: Interrupt link GSIA configured for IRQ 16
[    0.778815] ACPI: PCI: Interrupt link GSIB configured for IRQ 17
[    0.779814] ACPI: PCI: Interrupt link GSIC configured for IRQ 18
[    0.781814] ACPI: PCI: Interrupt link GSID configured for IRQ 19
[    0.783814] ACPI: PCI: Interrupt link GSIE configured for IRQ 20
[    0.785814] ACPI: PCI: Interrupt link GSIF configured for IRQ 21
[    0.786818] ACPI: PCI: Interrupt link GSIG configured for IRQ 22
[    0.788818] ACPI: PCI: Interrupt link GSIH configured for IRQ 23
[    0.793088] iommu: Default domain type: Translated
[    0.793799] iommu: DMA domain TLB invalidation policy: lazy mode
[    0.796992] SCSI subsystem initialized
[    0.798945] ACPI: bus type USB registered
[    0.799856] usbcore: registered new interface driver usbfs
[    0.801929] usbcore: registered new interface driver hub
[    0.803834] usbcore: registered new device driver usb
[    0.804996] pps_core: LinuxPPS API ver. 1 registered
[    0.806799] pps_core: Software ver. 5.3.6 - Copyright 2005-2007 Rodolfo Giometti <giometti@linux.it>
[    0.809805] PTP clock support registered
[    0.810881] EDAC MC: Ver: 3.0.0
[    0.812796] efivars: Registered efivars operations
[    0.814591] NetLabel: Initializing
[    0.815799] NetLabel:  domain hash size = 128
[    0.816798] NetLabel:  protocols = UNLABELED CIPSOv4 CALIPSO
[    0.818852] NetLabel:  unlabeled traffic allowed by default
[    0.820810] mctp: management component transport protocol core
[    0.821805] NET: Registered PF_MCTP protocol family
[    0.823837] PCI: Using ACPI for IRQ routing
[    0.932440] e820: register RAM buffer resource [mem 0x0080b000-0x008fffff]
[    0.934847] e820: register RAM buffer resource [mem 0x00812000-0x008fffff]
[    0.936800] e820: register RAM buffer resource [mem 0x00814000-0x008fffff]
[    0.938799] e820: register RAM buffer resource [mem 0x7defa000-0x7fffffff]
[    0.940799] e820: register RAM buffer resource [mem 0x7df06000-0x7fffffff]
[    0.942799] e820: register RAM buffer resource [mem 0x7f8ed000-0x7fffffff]
[    0.944799] e820: register RAM buffer resource [mem 0x7ff20000-0x7fffffff]
[    0.947821] pci 0000:00:02.0: vgaarb: setting as boot VGA device
[    0.948790] pci 0000:00:02.0: vgaarb: bridge control possible
[    0.948790] pci 0000:00:02.0: vgaarb: VGA device added: decodes=io+mem,owns=io+mem,locks=none
[    0.953797] vgaarb: loaded
[    0.955109] hpet0: at MMIO 0xfed00000, IRQs 2, 8, 0
[    0.955798] hpet0: 3 comparators, 64-bit 100.000000 MHz counter
[    0.960990] clocksource: Switched to clocksource kvm-clock
[    0.963124] VFS: Disk quotas dquot_6.6.0
[    0.964349] VFS: Dquot-cache hash table entries: 512 (order 0, 4096 bytes)
[    0.966691] acpi PNP0C01:00: Reserved [mem 0xe0000000-0xefffffff]
[    0.968548] pnp: PnP ACPI init
[    0.970090] pnp: PnP ACPI: found 4 devices
[    0.978633] clocksource: acpi_pm: mask: 0xffffff max_cycles: 0xffffff, max_idle_ns: 2085701024 ns
[    0.981436] NET: Registered PF_INET protocol family
[    0.983426] IP idents hash table entries: 131072 (order: 8, 1048576 bytes, linear)
[    1.005497] tcp_listen_portaddr_hash hash table entries: 4096 (order: 4, 65536 bytes, linear)
[    1.008053] Table-perturb hash table entries: 65536 (order: 6, 262144 bytes, linear)
[    1.010397] TCP established hash table entries: 65536 (order: 7, 524288 bytes, linear)
[    1.012822] TCP bind hash table entries: 65536 (order: 9, 2097152 bytes, linear)
[    1.015078] TCP: Hash tables configured (established 65536 bind 65536)
[    1.017126] MPTCP token hash table entries: 8192 (order: 6, 196608 bytes, linear)
[    1.019391] UDP hash table entries: 4096 (order: 6, 262144 bytes, linear)
[    1.021513] NET: Registered PF_UNIX/PF_LOCAL protocol family
[    1.023233] NET: Registered PF_XDP protocol family
[    1.024678] pci 0000:00:01.0: ROM [mem 0xfffc0000-0xffffffff pref]: can't claim; no compatible bridge window
[    1.027603] pci 0000:00:01.0: ROM [mem 0x80800000-0x8083ffff pref]: assigned
[    1.029708] pci_bus 0000:00: resource 4 [io  0x0000-0x0cf7 window]
[    1.031552] pci_bus 0000:00: resource 5 [io  0x0d00-0xffff window]
[    1.033386] pci_bus 0000:00: resource 6 [mem 0x000a0000-0x000bffff window]
[    1.035419] pci_bus 0000:00: resource 7 [mem 0x80000000-0xdfffffff window]
[    1.037457] pci_bus 0000:00: resource 8 [mem 0xf0000000-0xfebfffff window]
[    1.039497] pci_bus 0000:00: resource 9 [mem 0x380000000000-0x3807ffffffff window]
[    1.041914] PCI: CLS 0 bytes, default 64
[    1.043201] PCI-DMA: Using software bounce buffering for IO (SWIOTLB)
[    1.043383] Trying to unpack rootfs image as initramfs...
[    1.045105] software IO TLB: mapped [mem 0x0000000077e7e000-0x000000007be7e000] (64MB)
[    1.049183] clocksource: tsc: mask: 0xffffffffffffffff max_cycles: 0x3b195b6e39b, max_idle_ns: 440795394037 ns
[    1.057030] Initialise system trusted keyrings
[    1.058418] Key type blacklist registered
[    1.059851] workingset: timestamp_bits=36 (anon: 32) max_order=21 bucket_order=0 (anon: 0)
[    1.063565] integrity: Platform Keyring initialized
[    1.065073] integrity: Machine keyring initialized
[    1.066722] cryptd: max_cpu_qlen set to 1000
[    1.076035] NET: Registered PF_ALG protocol family
[    1.077480] Key type asymmetric registered
[    1.078719] Asymmetric key parser 'x509' registered
[    1.080845] Block layer SCSI generic (bsg) driver version 0.4 loaded (major 244)
[    1.083274] io scheduler mq-deadline registered
[    1.084635] io scheduler kyber registered
[    1.085868] io scheduler bfq registered
[    1.087847] atomic64_test: passed for x86-64 platform with CX8 and with SSE
[    1.090217] input: Power Button as /devices/platform/LNXPWRBN:00/input/input0
[    1.092452] ACPI: button: Power Button [PWRF]
[    1.095948] ACPI: \_SB_.GSIF: Enabled at IRQ 21
[    1.098957] ACPI: \_SB_.GSIG: Enabled at IRQ 22
[    1.102104] ACPI: \_SB_.GSIH: Enabled at IRQ 23
[    1.105270] ACPI: \_SB_.GSIE: Enabled at IRQ 20
[    1.109512] Serial: 8250/16550 driver, 32 ports, IRQ sharing enabled
[    1.111846] 00:03: ttyS0 at I/O 0x3f8 (irq = 4, base_baud = 115200) is a 16550A
[    1.117385] Non-volatile memory driver v1.3
[    1.118859] ACPI: bus type drm_connector registered
[    1.122939] virtio_blk virtio4: 8/0/0 default/read/poll queues
[    1.128574] virtio_blk virtio4: [vda] 134217728 512-byte logical blocks (68.7 GB/64.0 GiB)
[    1.133077]  vda: vda1 vda2 vda3
[    1.134781] ACPI: \_SB_.GSIA: Enabled at IRQ 16
[    1.137300] ahci 0000:00:1f.2: AHCI vers 0001.0000, 32 command slots, 1.5 Gbps, SATA mode
[    1.139739] ahci 0000:00:1f.2: 6/6 ports implemented (port mask 0x3f)
[    1.141668] ahci 0000:00:1f.2: flags: 64bit ncq only 
[    1.145250] scsi host0: ahci
[    1.146495] scsi host1: ahci
[    1.147602] scsi host2: ahci
[    1.148763] scsi host3: ahci
[    1.149878] scsi host4: ahci
[    1.151013] scsi host5: ahci
[    1.151993] ata1: SATA max UDMA/133 abar m4096@0x80840000 port 0x80840100 irq 33 lpm-pol 1
[    1.154490] ata2: SATA max UDMA/133 abar m4096@0x80840000 port 0x80840180 irq 33 lpm-pol 1
[    1.156964] ata3: SATA max UDMA/133 abar m4096@0x80840000 port 0x80840200 irq 33 lpm-pol 1
[    1.159460] ata4: SATA max UDMA/133 abar m4096@0x80840000 port 0x80840280 irq 33 lpm-pol 1
[    1.161937] ata5: SATA max UDMA/133 abar m4096@0x80840000 port 0x80840300 irq 33 lpm-pol 1
[    1.164412] ata6: SATA max UDMA/133 abar m4096@0x80840000 port 0x80840380 irq 33 lpm-pol 1
[    1.167126] CAN device driver interface
[    1.168894] usbcore: registered new interface driver usbserial_generic
[    1.171012] usbserial: USB Serial support registered for generic
[    1.172901] i8042: PNP: PS/2 Controller [PNP0303:KBD,PNP0f13:MOU] at 0x60,0x64 irq 1,12
[    1.176389] serio: i8042 KBD port at 0x60,0x64 irq 1
[    1.177904] serio: i8042 AUX port at 0x60,0x64 irq 12
[    1.179645] mousedev: PS/2 mouse device common for all mice
[    1.181509] rtc_cmos PNP0B00:00: RTC can wake from S4
[    1.184113] rtc_cmos PNP0B00:00: registered as rtc0
[    1.184164] input: AT Translated Set 2 keyboard as /devices/platform/i8042/serio0/input/input1
[    1.186275] rtc_cmos PNP0B00:00: setting system clock to 2026-07-20T17:27:46 UTC (1784568466)
[    1.191889] rtc_cmos PNP0B00:00: alarms up to one day, y3k, 242 bytes nvram
[    1.194214] device-mapper: core: CONFIG_IMA_DISABLE_HTABLE is disabled. Duplicate IMA measurements will not be recorded in the IMA log.
[    1.196145] input: VirtualPS/2 VMware VMMouse as /devices/platform/i8042/serio1/input/input4
[    1.198472] device-mapper: uevent: version 1.0.3
[    1.201812] input: VirtualPS/2 VMware VMMouse as /devices/platform/i8042/serio1/input/input3
[    1.202662] device-mapper: ioctl: 4.50.0-ioctl (2025-04-28) initialised: dm-devel@lists.linux.dev
[    1.207888] amd_pstate: The CPPC feature is supported but currently disabled by the BIOS.
[    1.207888] Please enable it if your BIOS has the CPPC option.
[    1.212477] amd_pstate: the _CPC object is not present in SBIOS or ACPI disabled
[    1.215496] simple-framebuffer simple-framebuffer.0: [drm] Registered 1 planes with drm panic
[    1.218100] [drm] Initialized simpledrm 1.0.0 for simple-framebuffer.0 on minor 0
[    1.225622] Console: switching to colour frame buffer device 160x50
[    1.228037] simple-framebuffer simple-framebuffer.0: [drm] fb0: simpledrmdrmfb frame buffer device
[    1.230829] hid: raw HID events driver (C) Jiri Kosina
[    1.232473] usbcore: registered new interface driver usbhid
[    1.234163] usbhid: USB HID core driver
[    1.235510] drop_monitor: Initializing network drop monitor service
[    1.237582] Initializing XFRM netlink socket
[    1.238918] NET: Registered PF_INET6 protocol family
[    1.241079] Segment Routing with IPv6
[    1.242243] RPL Segment Routing with IPv6
[    1.243822] In-situ OAM (IOAM) with IPv6
[    1.245130] mip6: Mobile IPv6
[    1.246157] NET: Registered PF_PACKET protocol family
[    1.247673] can: controller area network core
[    1.249074] NET: Registered PF_CAN protocol family
[    1.253681] IPI shorthand broadcast: enabled
[    1.258628] sched_clock: Marking stable (910001277, 348609381)->(1359934485, -101323827)
[    1.261588] registered taskstats version 1
[    1.266507] Loading compiled-in X.509 certificates
[    1.274341] Loaded X.509 cert 'Build time autogenerated kernel key: ee71fdbd84a1e7d51c52f7049642deb14d1904d3'
[    1.285285] Demotion targets for Node 0: null
[    1.286652] page_owner is disabled
[    1.287843] Key type .fscrypt registered
[    1.289029] Key type fscrypt-provisioning registered
[    1.291250] Btrfs loaded, zoned=yes, fsverity=yes
[    1.292715] Key type big_key registered
[    1.294576] Key type encrypted registered
[    1.296005] ima: No TPM chip found, activating TPM-bypass!
[    1.297959] Loading compiled-in module X.509 certificates
[    1.300210] Loaded X.509 cert 'Build time autogenerated kernel key: ee71fdbd84a1e7d51c52f7049642deb14d1904d3'
[    1.303589] ima: Allocated hash algorithm: sha256
[    1.305440] ima: No architecture policies found
[    1.306978] evm: Initialising EVM extended attributes:
[    1.308799] evm: security.selinux
[    1.309930] evm: security.SMACK64 (disabled)
[    1.311444] evm: security.SMACK64EXEC (disabled)
[    1.312970] evm: security.SMACK64TRANSMUTE (disabled)
[    1.314770] evm: security.SMACK64MMAP (disabled)
[    1.316284] evm: security.apparmor
[    1.317544] evm: security.ima
[    1.318572] evm: security.capability
[    1.319877] evm: HMAC attrs: 0x1
[    1.322625] alg: No test for 842 (842-scomp)
[    1.332539] PM:   Magic number: 2:240:492
[    1.334204] RAS: Correctable Errors collector initialized.
[    1.336445] clk: Disabling unused clocks
[    1.337783] PM: genpd: Disabling unused power domains
[    1.477459] ata1: SATA link down (SStatus 0 SControl 300)
[    1.479917] ata3: SATA link up 1.5 Gbps (SStatus 113 SControl 300)
[    1.482161] ata6: SATA link down (SStatus 0 SControl 300)
[    1.484173] ata2: SATA link down (SStatus 0 SControl 300)
[    1.486240] ata4: SATA link down (SStatus 0 SControl 300)
[    1.488095] ata3.00: ATAPI: QEMU DVD-ROM, 2.5+, max UDMA/100
[    1.489975] ata3.00: applying bridge limits
[    1.491882] ata5: SATA link down (SStatus 0 SControl 300)
[    1.494140] ata3.00: configured for UDMA/100
[    1.496419] scsi 2:0:0:0: CD-ROM            QEMU     QEMU DVD-ROM     2.5+ PQ: 0 ANSI: 5
[    1.521056] sr 2:0:0:0: [sr0] scsi3-mmc drive: 4x/4x cd/rw xa/form2 tray
[    1.538913] cdrom: Uniform CD-ROM driver Revision: 3.20
[    1.551767] sr 2:0:0:0: Attached scsi generic sg0 type 5
[    1.910300] Freeing initrd memory: 246088K
[    1.915263] Freeing unused decrypted memory: 2028K
[    1.919735] Freeing unused kernel image (initmem) memory: 5300K
[    1.921506] Write protecting the kernel read-only data: 45056k
[    1.923457] Freeing unused kernel image (text/rodata gap) memory: 204K
[    1.926332] Freeing unused kernel image (rodata/data gap) memory: 1728K
[    1.967713] x86/mm: Checked W+X mappings: passed, no W+X pages found.
[    1.969367] Run /init as init process
P+q6E616D65\[    2.319252] fuse: init (API version 7.45)
[    2.333217] systemd[1]: Successfully made /usr/ read-only.
[6n[32766;32766H[6n[!p]104\[0m[?7h[1G[0J[    2.670441] systemd[1]: systemd 259.7-1.fc44 running in system mode (+PAM +AUDIT +SELINUX -APPARMOR +IMA +IPE +SMACK +SECCOMP -GCRYPT +GNUTLS +OPENSSL +ACL +BLKID +CURL +ELFUTILS +FIDO2 +IDN2 -IDN +KMOD +LIBCRYPTSETUP +LIBCRYPTSETUP_PLUGINS +LIBFDISK +PCRE2 +PWQUALITY +P11KIT +QRENCODE +TPM2 +BZIP2 +LZ4 +XZ +ZLIB +ZSTD +BPF_FRAMEWORK +BTF +XKBCOMMON +UTMP +SYSVINIT +LIBARCHIVE)
[    2.679456] systemd[1]: Detected virtualization kvm.
[    2.681016] systemd[1]: Detected architecture x86-64.
[    2.682546] systemd[1]: Running in initrd.
[0;1;39mBooting initrd of [0m[0;38;2;138;43;226mBazzite dracut-108-7.fc44 (Initramfs)[0m[0;1;39m.[0m
[    2.687084] systemd[1]: Initializing machine ID from random generator.
[    2.689432] systemd[1]: No hostname configured, using default hostname.
[    2.691731] systemd[1]: Hostname set to <bazzite>.
]3008;start=4d791cdd5cfd44808e9f3b817bb0ff81;user=root;hostname=bazzite;machineid=095c7a40d95a4918b49937e81d47ed88;bootid=4ef52539f8794d19ad0fa9b05177e471;pid=1;pidfdid=1;comm=systemd;type=boot\[    2.784723] systemd[1]: bpf-restrict-fs: LSM BPF program attached
[    2.838860] systemd[1]: /usr/lib/systemd/system/systemd-udevd.service:56: System call bpf cannot be resolved as libseccomp is not available, ignoring: Operation not supported
[    2.859734] systemd[1]: Queued start job for default target initrd.target.
[    2.869577] systemd[1]: Expecting device dev-disk-by\x2duuid-16d6e9ea\x2d19b9\x2d4095\x2d9bf1\x2d4c3c4973c5b8.device - /dev/disk/by-uuid/16d6e9ea-19b9-4095-9bf1-4c3c4973c5b8...
         Expecting device [0;1;39mdev-disk-by\x2duu…[0me9ea-19b9-4095-9bf1-4c3c4973c5b8...
[    2.877013] systemd[1]: Reached target initrd-usr-fs.target - Initrd /usr File System.
[[0;32m  OK  [0m] Reached target [0;1;39minitrd-usr-fs.target[0m - Initrd /usr File System.
[    2.881849] systemd[1]: Reached target slices.target - Slice Units.
[[0;32m  OK  [0m] Reached target [0;1;39mslices.target[0m - Slice Units.
[    2.885511] systemd[1]: Reached target swap.target - Swaps.
[[0;32m  OK  [0m] Reached target [0;1;39mswap.target[0m - Swaps.
[    2.888981] systemd[1]: Reached target timers.target - Timer Units.
[[0;32m  OK  [0m] Reached target [0;1;39mtimers.target[0m - Timer Units.
[    2.893426] systemd[1]: Listening on pcscd.socket - PC/SC Smart Card Daemon Activation Socket (Dracut).
[[0;32m  OK  [0m] Listening on [0;1;39mpcscd.socket[0m - PC/SC … Daemon Activation Socket (Dracut).
[    2.898686] systemd[1]: Listening on systemd-journald-dev-log.socket - Journal Socket (/dev/log).
[[0;32m  OK  [0m] Listening on [0;1;39msystemd-journald-dev-…socket[0m - Journal Socket (/dev/log).
[    2.904119] systemd[1]: Listening on systemd-journald.socket - Journal Sockets.
[[0;32m  OK  [0m] Listening on [0;1;39msystemd-journald.socket[0m - Journal Sockets.
[    2.908558] systemd[1]: Listening on systemd-udevd-control.socket - udev Control Socket.
[[0;32m  OK  [0m] Listening on [0;1;39msystemd-udevd-control.socket[0m - udev Control Socket.
[    2.913260] systemd[1]: Listening on systemd-udevd-kernel.socket - udev Kernel Socket.
[[0;32m  OK  [0m] Listening on [0;1;39msystemd-udevd-kernel.socket[0m - udev Kernel Socket.
[    2.917569] systemd[1]: Reached target sockets.target - Socket Units.
[[0;32m  OK  [0m] Reached target [0;1;39msockets.target[0m - Socket Units.
[    2.922997] systemd[1]: Starting kmod-static-nodes.service - Create List of Static Device Nodes...
         Starting [0;1;39mkmod-static-nodes.service[0m…eate List of Static Device Nodes...
[    2.928183] systemd[1]: memstrack.service - Memstrack Anylazing Service skipped, no trigger condition checks were met.
[    2.937257] systemd[1]: Starting systemd-journald.service - Journal Service...
         Starting [0;1;39msystemd-journald.service[0m - Journal Service...
[    2.942064] systemd[1]: Starting systemd-modules-load.service - Load Kernel Modules...
         Starting [0;1;39msystemd-modules-load.service[0m - Lo[    2.945863] systemd-journald[249]: Collecting audit messages is disabled.
ad Kernel Modules...
[    2.948295] systemd[1]: systemd-pcrphase-initrd.service - TPM PCR Barrier (initrd) skipped, unmet condition check ConditionSecurity=measured-uki
[    2.952430] systemd[1]: Starting systemd-vconsole-setup.service - Virtual Console Setup...
         Starting [0;1;39msystemd-vconsole-setup.service[0m - Virtual Console Setup...
[    2.957159] i2c_dev: i2c /dev entries driver
[    2.958282] systemd[1]: Finished kmod-static-nodes.service - Create List of Static Device Nodes.
[[0;32m  OK  [0m] Finished [0;1;39mkmod-static-nodes.service[0m…Create List of Static Device Nodes.
[    2.964472] Asymmetric key parser 'pkcs8' registered
[    2.966087] hid_fanatec: loading out-of-tree module taints kernel.
[    2.968030] systemd[1]: Starting systemd-tmpfiles-setup-dev-early.service - Create Static Device Nodes in /dev gracefully...
[    2.968041] hid_tmff_new: loading out-of-tree module taints kernel.
[    2.970808] gcadapter_oc: loading out-of-tree module taints kernel.
[    2.970816] gcadapter_oc: module verification failed: signature and/or required key missing - tainting kernel
[    2.977339] kvmfr: creating 0 static devices
[    2.978832] usbcore: registered new interface driver system76-io
[    2.979654] kvmfr: kvmfr_module_init: module loaded
         Starting [0;1;39msystemd-tmpfiles-setup-de…[0m Device Nodes in /dev gracefully...
[    2.985037] systemd[1]: Finished systemd-tmpfiles-setup-dev-early.service - Create Static Device Nodes in /dev gracefully.
[[0;32m  OK  [0m] Finished [0;1;39msystemd-tm[    2.988522] system76: Model does not utilize this driver
pfiles-setup-de�[    2.989510] systemd[1]: Started systemd-journald.service - Journal Service.
��[0mic Device Nodes in /dev gracefully.
[[0;32m  OK  [0m] Started [0;1;39msystemd-journald.service[0m - Journal Service.
[    2.996220] mc: Linux media interface: v0.10
         Starting [0;1;39msystemd-tmpfiles-setup-de…[0meate Static Device Nodes in /dev...
[[0;32m  OK  [0m] Finished [0;1;39msystemd-tmpfiles-setup-de…[0mCreate Static Device Nodes in /dev.
[[0;32m  OK  [0m] Reached target [0;1;39mlocal-fs-pre.target[0m…Preparation for Local File Systems.
[[0;32m  OK  [0m] Reached target [0;1;39mlocal-fs.target[0m - Local File Systems.
         Starting [0;1;39msystemd-tmpfiles-setup.se…[0mate System Files and Directories...
[    3.023776] videodev: Linux video capture interface: v2.00
[[0;32m  OK  [0m] Finished [0;1;39msystemd-vconsole-setup.service[0m - Virtual Console Setup.
[    3.033827] v4l2-loopback driver version 0.15.4 loaded
         Starting [0;1;39mdracut-cmdline-ask.servic…[0mor additional cmdline parameters...
[[0;32m  OK  [0m] Finished [0;1;39msystemd-modules-load.service[0m - Load Kernel Modules.
[[0;32m  OK  [0m] Finished [0;1;39msystemd-tmpfiles-setup.se…[0mreate System Files and Directories.
         Starting [0;1;39msystemd-sysctl.service[0m - Apply Kernel Variables...
[[0;32m  OK  [0m] Finished [0;1;39msystemd-sysctl.service[0m - Apply Kernel Variables.
[[0;32m  OK  [0m] Finished [0;1;39mdracut-cmdline-ask.servic…[0m for additional cmdline parameters.
         Starting [0;1;39mdracut-cmdline.service[0m - dracut cmdline hook...
[[0;32m  OK  [0m] Finished [0;1;39mdracut-cmdline.service[0m - dracut cmdline hook.
         Starting [0;1;39mdracut-pre-udev.service[0m - dracut pre-udev hook...
[    3.182402] VFIO - User Level meta-driver version: 0.3
[[0;32m  OK  [0m] Finished [0;1;39mdracut-pre-udev.service[0m - dracut pre-udev hook.
         Starting [0;1;39msystemd-udevd.service[0m - R…ager for Device Events and Files...
[[0;32m  OK  [0m] Started [0;1;39msystemd-udevd.service[0m - Ru…anager for Device Events and Files.
         Starting [0;1;39mdracut-pre-trigger.service[0m - dracut pre-trigger hook...
[[0;32m  OK  [0m] Finished [0;1;39mdracut-pre-trigger.service[0m - dracut pre-trigger hook.
         Starting [0;1;39msystemd-udev-trigger.service[0m - Coldplug All udev Devices...
[[0;32m  OK  [0m] Finished [0;1;39msystemd-udev-trigger.service[0m - Coldplug All udev Devices.
         Starting [0;1;39mdracut-initqueue.service[0m - dracut initqueue hook...
         Starting [0;1;39mplymouth-start.service[0m - Show Plymouth Boot Screen...
[[0;32m  OK  [0m] Created slice [0;1;39msystem-modprobe.slice[0m - Slice /system/modprobe.
[[0;32m  OK  [0m] Started [0;1;39mplymouth-start.service[0m - Show Plymouth Boot Screen.
[[0;32m  OK  [0m] Started [0;1;39msystemd-ask-password-plymo…[0mquests to Plymouth Directory Watch.
[[0;32m  OK  [0m] Reached target [0;1;39mcryptsetup.target[0m - Local Encrypted Volumes.
[[0;32m  OK  [0m] Reached target [0;1;39mpaths.target[0m - Path Units.
[[0;32m  OK  [0m] Found device [0;1;39mdev-disk-by\x2duuid-1…[0md6e9ea-19b9-4095-9bf1-4c3c4973c5b8.
[[0;32m  OK  [0m] Reached target [0;1;39minitrd-root-device.target[0m - Initrd Root Device.
[0;21;39m[drm] pci: virtio-vga detected at 0000:00:02.0[0m
[[0;32m  OK  [0m] Stopped [0;1;39msystemd-vconsole-setup.service[0m - Virtual Console Setup.
         Stopping [0;1;39msystemd-vconsole-setup.service[0m - Virtual Console Setup...
         Starting [0;1;39msystemd-vconsole-setup.service[0m - Virtual Console Setup...
[[0;32m  OK  [0m] Stopped [0;1;39msystemd-vconsole-setup.service[0m - Virtual Console Setup.
         Starting [0;1;39msystemd-vconsole-setup.service[0m - Virtual Console Setup...
[0;21;39mConsole: switching to colour dummy device 80x25[0m
[0;21;39mvirtio-pci 0000:00:02.0: vgaarb: deactivate vga console[0m
[0;21;39m[drm] features: -virgl +edid -resource_blob -host_visible[0m
[0;21;39m[drm] features: -context_init[0m
[0;21;39m[drm] number of scanouts: 1[0m
[0;21;39m[drm] number of cap sets: 0[0m
[0;21;39mvirtio-pci 0000:00:02.0: [drm] Registered 1 planes with drm panic[0m
[0;21;39m[drm] Initialized virtio_gpu 0.1.0 for 0000:00:02.0 on minor 1[0m
[0;21;39mfbcon: virtio_gpudrmfb (fb0) is primary device[0m
[[0;32m  OK  [0m] Stopped [0;1;39msystemd-vconsole-setup.service[0m - Virtual Console Setup.
[0;21;39mConsole: switching to colour frame buffer device 160x50[0m
[0;21;39mvirtio-pci 0000:00:02.0: [drm] fb0: virtio_gpudrmfb frame buffer device[0m
         Starting [0;1;39msystemd-vconsole-setup.service[0m - Virtual Console Setup...
[[0;32m  OK  [0m] Finished [0;1;39mdracut-initqueue.service[0m - dracut initqueue hook.
[[0;32m  OK  [0m] Reached target [0;1;39mremote-fs-pre.targe…[0mreparation for Remote File Systems.
[[0;32m  OK  [0m] Reached target [0;1;39mremote-cryptsetup.target[0m - Remote Encrypted Volumes.
[[0;32m  OK  [0m] Reached target [0;1;39mremote-fs.target[0m - Remote File Systems.
         Starting [0;1;39mdracut-pre-mount.service[0m - dracut pre-mount hook...
[[0;32m  OK  [0m] Finished [0;1;39mdracut-pre-mount.service[0m - dracut pre-mount hook.
         Starting [0;1;39msystemd-fsck-root.service[0m…e9ea-19b9-4095-9bf1-4c3c4973c5b8...
[[0;32m  OK  [0m] Finished [0;1;39msystemd-fsck-root.service[0m…d6e9ea-19b9-4095-9bf1-4c3c4973c5b8.
[[0;32m  OK  [0m] Finished [0;1;39msystemd-vconsole-setup.service[0m - Virtual Console Setup.
         Mounting [0;1;39msys-kernel-config.mount[0m - Kernel Configuration File System...
         Mounting [0;1;39msysroot.mount[0m - /sysroot...
[[0;32m  OK  [0m] Mounted [0;1;39msys-kernel-config.mount[0m - Kernel Configuration File System.
[0;21;39mBTRFS: device label fedora_bazzite-labwc-test devid 1 transid 441 /dev/vda3 (253:3) scanned by mount (566)[0m
[[0;32m  OK  [0m] Reached target [0;1;39msysinit.target[0m - System Initialization.
[[0;32m  OK  [0m] Reached target [0;1;39mbasic.target[0m - Basic System.
[0;21;39mBTRFS info (device vda3): first mount of filesystem 16d6e9ea-19b9-4095-9bf1-4c3c4973c5b8[0m
[0;21;39mBTRFS info (device vda3): using crc32c checksum algorithm[0m
[0;21;39mBTRFS info (device vda3): turning on async discard[0m
[0;21;39mBTRFS info (device vda3): enabling free space tree[0m
[[0;32m  OK  [0m] Mounted [0;1;39msysroot.mount[0m - /sysroot.
         Starting [0;1;39mostree-prepare-root.service[0m - OSTree Prepare OS/...
[0;21;32mnetfs: FS-Cache loaded[0m
[0;21;39merofs (device erofs): mounted with root inode @ nid 36.[0m
[[0;32m  OK  [0m] Finished [0;1;39mostree-prepare-root.service[0m - OSTree Prepare OS/.
[[0;32m  OK  [0m] Reached target [0;1;39minitrd-root-fs.target[0m - Initrd Root File System.
         Starting [0;1;39minitrd-parse-etc.service[0m …ints Configured in the Real Root...
[[0;32m  OK  [0m] Finished [0;1;39minitrd-parse-etc.service[0m …points Configured in the Real Root.
[[0;32m  OK  [0m] Reached target [0;1;39minitrd-fs.target[0m - Initrd File Systems.
[[0;32m  OK  [0m] Reached target [0;1;39minitrd.target[0m - Initrd Default Target.
         Starting [0;1;39mdracut-pre-pivot.service[0m …racut pre-pivot and cleanup hook...
[[0;32m  OK  [0m] Finished [0;1;39mdracut-pre-pivot.service[0m - dracut pre-pivot and cleanup hook.
         Starting [0;1;39minitrd-cleanup.service[0m - …ing Up and Shutting Down Daemons...
[[0;32m  OK  [0m] Stopped target [0;1;39mremote-cryptsetup.target[0m - Remote Encrypted Volumes.
[[0;32m  OK  [0m] Stopped target [0;1;39mtimers.target[0m - Timer Units.
[[0;32m  OK  [0m] Closed [0;1;39mpcscd.socket[0m - PC/SC Smart … Daemon Activation Socket (Dracut).
[[0;32m  OK  [0m] Stopped [0;1;39mdracut-pre-pivot.service[0m - dracut pre-pivot and cleanup hook.
[[0;32m  OK  [0m] Stopped target [0;1;39minitrd.target[0m - Initrd Default Target.
[[0;32m  OK  [0m] Stopped target [0;1;39mbasic.target[0m - Basic System.
[[0;32m  OK  [0m] Stopped target [0;1;39minitrd-root-device.target[0m - Initrd Root Device.
[[0;32m  OK  [0m] Stopped target [0;1;39minitrd-usr-fs.target[0m - Initrd /usr File System.
[[0;32m  OK  [0m] Stopped target [0;1;39mpaths.target[0m - Path Units.
[[0;32m  OK  [0m] Stopped target [0;1;39mremote-fs.target[0m - Remote File Systems.
[[0;32m  OK  [0m] Stopped target [0;1;39mremote-fs-pre.targe…[0mreparation for Remote File Systems.
[[0;32m  OK  [0m] Stopped target [0;1;39mslices.target[0m - Slice Units.
[[0;32m  OK  [0m] Stopped target [0;1;39msockets.target[0m - Socket Units.
[[0;32m  OK  [0m] Stopped target [0;1;39msysinit.target[0m - System Initialization.
[[0;32m  OK  [0m] Stopped target [0;1;39mswap.target[0m - Swaps.
[[0;32m  OK  [0m] Stopped [0;1;39mdracut-pre-mount.service[0m - dracut pre-mount hook.
[[0;32m  OK  [0m] Stopped target [0;1;39mcryptsetup.target[0m - Local Encrypted Volumes.
[[0;32m  OK  [0m] Stopped [0;1;39mdracut-initqueue.service[0m - dracut initqueue hook.
         Starting [0;1;39mplymouth-switch-root.serv…e[0m - Plymouth switch root service...
[[0;32m  OK  [0m] Stopped [0;1;39msystemd-sysctl.service[0m - Apply Kernel Variables.
[[0;32m  OK  [0m] Stopped [0;1;39msystemd-modules-load.service[0m - Load Kernel Modules.
[[0;32m  OK  [0m] Stopped [0;1;39msystemd-tmpfiles-setup.ser…[0mreate System Files and Directories.
[[0;32m  OK  [0m] Stopped target [0;1;39mlocal-fs.target[0m - Local File Systems.
[[0;32m  OK  [0m] Stopped target [0;1;39mlocal-fs-pre.target[0m…Preparation for Local File Systems.
[[0;32m  OK  [0m] Stopped [0;1;39msystemd-udev-trigger.service[0m - Coldplug All udev Devices.
[[0;32m  OK  [0m] Stopped [0;1;39mdracut-pre-trigger.service[0m - dracut pre-trigger hook.
         Stopping [0;1;39msystemd-udevd.service[0m - R…ager for Device Events and Files...
[[0;32m  OK  [0m] Finished [0;1;39minitrd-cleanup.service[0m - …aning Up and Shutting Down Daemons.
[[0;32m  OK  [0m] Finished [0;1;39mplymouth-switch-root.service[0m - Plymouth switch root service.
[[0;32m  OK  [0m] Stopped [0;1;39msystemd-udevd.service[0m - Ru…anager for Device Events and Files.
[[0;32m  OK  [0m] Closed [0;1;39msystemd-udevd-control.socket[0m - udev Control Socket.
[[0;32m  OK  [0m] Stopped [0;1;39mdracut-pre-udev.service[0m - dracut pre-udev hook.
[[0;32m  OK  [0m] Stopped [0;1;39mdracut-cmdline.service[0m - dracut cmdline hook.
[[0;32m  OK  [0m] Stopped [0;1;39mdracut-cmdline-ask.service[0m… for additional cmdline parameters.
         Starting [0;1;39minitrd-udevadm-cleanup-db.service[0m - Cleanup udev Database...
[[0;32m  OK  [0m] Stopped [0;1;39msystemd-tmpfiles-setup-dev…[0mCreate Static Device Nodes in /dev.
[[0;32m  OK  [0m] Stopped [0;1;39msystemd-tmpfiles-setup-dev…[0mic Device Nodes in /dev gracefully.
[[0;32m  OK  [0m] Stopped [0;1;39mkmod-static-nodes.service[0m …Create List of Static Device Nodes.
[[0;32m  OK  [0m] Finished [0;1;39minitrd-udevadm-cleanup-db.service[0m - Cleanup udev Database.
[[0;32m  OK  [0m] Reached target [0;1;39minitrd-switch-root.target[0m - Switch Root.
         Starting [0;1;39minitrd-switch-root.service[0m - Switch Root...
[0;21;39msystemd-journald[249]: Received SIGTERM from PID 1 (systemd).[0m
[0;21;32maudit: type=1404 audit(1784568469.689:2): enforcing=1 old_enforcing=0 auid=4294967295 ses=4294967295 enabled=1 old-enabled=1 lsm=selinux res=1[0m
[0;21;39mSELinux:  Permission firmware_load in class system not defined in policy.[0m
[0;21;39mSELinux:  Permission kexec_image_load in class system not defined in policy.[0m
[0;21;39mSELinux:  Permission kexec_initramfs_load in class system not defined in policy.[0m
[0;21;39mSELinux:  Permission policy_load in class system not defined in policy.[0m
[0;21;39mSELinux:  Permission x509_certificate_load in class system not defined in policy.[0m
[0;21;39mSELinux:  Permission map_create_as in class bpf not defined in policy.[0m
[0;21;39mSELinux:  Permission prog_load_as in class bpf not defined in policy.[0m
[0;21;39mSELinux:  Permission allowed in class io_uring not defined in policy.[0m
[0;21;39mSELinux:  Class memfd_file not defined in policy.[0m
[0;21;39mSELinux: the above unknown classes and permissions will be allowed[0m
[0;21;39mSELinux:  policy capability network_peer_controls=1[0m
[0;21;39mSELinux:  policy capability open_perms=1[0m
[0;21;39mSELinux:  policy capability extended_socket_class=1[0m
[0;21;39mSELinux:  policy capability always_check_network=0[0m
[0;21;39mSELinux:  policy capability cgroup_seclabel=1[0m
[0;21;39mSELinux:  policy capability nnp_nosuid_transition=1[0m
[0;21;39mSELinux:  policy capability genfs_seclabel_symlinks=1[0m
[0;21;39mSELinux:  policy capability ioctl_skip_cloexec=0[0m
[0;21;39mSELinux:  policy capability userspace_initial_context=0[0m
[0;21;39mSELinux:  policy capability netlink_xperm=0[0m
[0;21;39mSELinux:  policy capability netif_wildcard=0[0m
[0;21;39mSELinux:  policy capability genfs_seclabel_wildcard=0[0m
[0;21;39mSELinux:  policy capability functionfs_seclabel=0[0m
[0;21;39mSELinux:  policy capability memfd_class=0[0m
[0;21;39mSELinux:  policy capability bpf_token_perms=0[0m
[0;21;32maudit: type=1403 audit(1784568469.789:3): auid=4294967295 ses=4294967295 lsm=selinux res=1[0m
[0;21;39msystemd[1]: Successfully loaded SELinux policy in 101.337ms.[0m
P+q6E616D65\[0;21;39mNET: Registered PF_VSOCK protocol family[0m
[0;21;39msystemd[1]: Relabeled /dev/, /dev/shm/, /run/ in 14.221ms.[0m
[6n[32766;32766H[6n[!p]104\[0m[?7h[1G[0J[0;21;39msystemd[1]: systemd 259.7-1.fc44 running in system mode (+PAM +AUDIT +SELINUX -APPARMOR +IMA +IPE +SMACK +SECCOMP -GCRYPT +GNUTLS +OPENSSL +ACL +BLKID +CURL +ELFUTILS +FIDO2 +IDN2 -IDN +KMOD +LIBCRYPTSETUP +LIBCRYPTSETUP_PLUGINS +LIBFDISK +PCRE2 +PWQUALITY +P11KIT +QRENCODE +TPM2 +BZIP2 +LZ4 +XZ +ZLIB +ZSTD +BPF_FRAMEWORK +BTF +XKBCOMMON +UTMP +SYSVINIT +LIBARCHIVE)[0m
[0;21;39msystemd[1]: Detected virtualization kvm.[0m
[0;21;39msystemd[1]: Detected architecture x86-64.[0m

[0;1;39mWelcome to [0m[0;38;2;138;43;226mBazzite[0m[0;1;39m![0m

[0;21;39msystemd[1]: Hostname set to <bazzite-labwc-test>.[0m
]3008;start=8cc4d9defbae43b0a1898cf8288f436c;user=root;hostname=bazzite-labwc-test;machineid=d9cf3528b7854471b0750c19885ae066;bootid=4ef52539f8794d19ad0fa9b05177e471;pid=1;pidfdid=1;comm=systemd;type=boot\[0;21;39msystemd[1]: bpf-restrict-fs: LSM BPF program attached[0m
[0;21;39mzram: Added device: zram0[0m
[0;21;39msystemd[1]: initrd-switch-root.service: Deactivated successfully.[0m
[0;21;39msystemd[1]: Stopped initrd-switch-root.service - Switch Root.[0m
[[0;32m  OK  [0m] Stopped [0;1;39minitrd-switch-root.service[0m - Switch Root.
[[0;32m  OK  [0m] Created slice [0;1;39msystem-getty.slice[0m - Slice /system/getty.
[[0;32m  OK  [0m] Created slice [0;1;39msystem-serial\x2dget…slice[0m - Slice /system/serial-getty.
[[0;32m  OK  [0m] Created slice [0;1;39msystem-sshd\x2dkeygen.slice[0m - Slice /system/sshd-keygen.
[0;21;39msystemd[1]: systemd-journald.service: Scheduled restart job, restart counter is at 1.[0m
[[0;32m  OK  [0m] Created slice [0;1;39msystem-systemd\x2dfs…slice[0m - Slice /system/systemd-fsck.
[[0;32m  OK  [0m] Created slice [0;1;39msystem-systemd\x2dzr…[0m- Slice /system/systemd-zram-setup.
[[0;32m  OK  [0m] Created slice [0;1;39muser.slice[0m - User and Session Slice.
[[0;32m  OK  [0m] Started [0;1;39msystemd-ask-password-wall.…[0md Requests to Wall Directory Watch.
[[0;32m  OK  [0m] Set up automount [0;1;39mproc-sys-fs-binfm…[0mormats File System Automount Point.
         Expecting device [0;1;39mdev-disk-by\x2duu…[0me9ea-19b9-4095-9bf1-4c3c4973c5b8...
         Expecting device [0;1;39mdev-disk-by\x2duu…[0m5235-8f1f-4409-a05b-b2704a0cb280...
         Expecting device [0;1;39mdev-disk-by\x2duu…ce[0m - /dev/disk/by-uuid/9704-D569...
         Expecting device [0;1;39mdev-ttyS0.device[0m - /dev/ttyS0...
         Expecting device [0;1;39mdev-zram0.device[0m - /dev/zram0...
[[0;32m  OK  [0m] Reached target [0;1;39mimports.target[0m - Image Downloads.
[[0;32m  OK  [0m] Stopped target [0;1;39minitrd-switch-root.target[0m - Switch Root.
[[0;32m  OK  [0m] Stopped target [0;1;39minitrd-fs.target[0m - Initrd File Systems.
[[0;32m  OK  [0m] Stopped target [0;1;39minitrd-root-fs.target[0m - Initrd Root File System.
[[0;32m  OK  [0m] Reached target [0;1;39mintegritysetup.targ…[0m Local Integrity Protected Volumes.
[[0;32m  OK  [0m] Reached target [0;1;39mslices.target[0m - Slice Units.
[[0;32m  OK  [0m] Reached target [0;1;39mveritysetup.target[0m - Local Verity Protected Volumes.
[[0;32m  OK  [0m] Listening on [0;1;39mdm-event.socket[0m - Device-mapper event daemon FIFOs.
[[0;32m  OK  [0m] Listening on [0;1;39mlvm2-lvmpolld.socket[0m - LVM2 poll daemon socket.
[0;21;39msystemd[1]: Created slice system-getty.slice - Slice /system/getty.[0m
[[0;32m  OK  [0m] Listening on [0;1;39msystemd-ask-password.…[0m User Interactively for a Password.
[[0;32m  OK  [0m] Listening on [0;1;39msystemd-coredump.socket[0m - Process Core Dump Socket.
[[0;32m  OK  [0m] Listening on [0;1;39msystemd-creds.socket[0m - Credential Encryption/Decryption.
[0;21;39msystemd[1]: Created slice system-serial\x2dgetty.slice - Slice /system/serial-getty.[0m
[0;21;39msystemd[1]: Created slice system-sshd\x2dkeygen.slice - Slice /system/sshd-keygen.[0m
[[0;32m  OK  [0m] Listening on [0;1;39msystemd-factory-reset.socket[0m - Factory Reset Management.
[[0;32m  OK  [0m] Listening on [0;1;39msystemd-journald-audit.socket[0m - Journal Audit Socket.
[[0;32m  OK  [0m] Listening on [0;1;39msystemd-mountfsd.socket[0m - DDI File System Mounter Socket.
[0;21;39msystemd[1]: Created slice system-systemd\x2dfsck.slice - Slice /system/systemd-fsck.[0m
[0;21;39msystemd[1]: Created slice system-systemd\x2dzram\x2dsetup.slice - Slice /system/systemd-zram-setup.[0m
[[0;32m  OK  [0m] Listening on [0;1;39msystemd-mute-console.…[0mnsole Output Muting Service Socket.
[[0;32m  OK  [0m] Listening on [0;1;39msystemd-nsresourced.s…[0m Namespace Resource Manager Socket.
[0;21;39msystemd[1]: Created slice user.slice - User and Session Slice.[0m
[0;21;39msystemd[1]: systemd-ask-password-console.path - Dispatch Password Requests to Console Directory Watch skipped, unmet condition check ConditionPathExists=!/run/plymouth/pid[0m
[[0;32m  OK  [0m] Listening on [0;1;39msystemd-oomd.socket[0m -… Out-Of-Memory (OOM) Killer Socket.
[0;21;39msystemd[1]: Started systemd-ask-password-wall.path - Forward Password Requests to Wall Directory Watch.[0m
[[0;32m  OK  [0m] Listening on [0;1;39msystemd-repart.socket[0m…Disk Repartitioning Service Socket.
[[0;32m  OK  [0m] Listening on [0;1;39msystemd-resolved-moni…t[0m - Resolve Monitor Varlink Socket.
[[0;32m  OK  [0m] Listening on [0;1;39msystemd-resolved-varl…t[0m - Resolve Service Varlink Socket.
[0;21;39msystemd[1]: Set up automount proc-sys-fs-binfmt_misc.automount - Arbitrary Executable File Formats File System Automount Point.[0m
[0;21;39msystemd[1]: Expecting device dev-disk-by\x2duuid-16d6e9ea\x2d19b9\x2d4095\x2d9bf1\x2d4c3c4973c5b8.device - /dev/disk/by-uuid/16d6e9ea-19b9-4095-9bf1-4c3c4973c5b8...[0m
[[0;32m  OK  [0m] Listening on [0;1;39msystemd-udevd-control.socket[0m - udev Control Socket.
[[0;32m  OK  [0m] Listening on [0;1;39msystemd-udevd-varlink.socket[0m - udev Varlink Socket.
[[0;32m  OK  [0m] Listening on [0;1;39msystemd-userdbd.socket[0m - User Database Manager Socket.
[0;21;39msystemd[1]: Expecting device dev-disk-by\x2duuid-7fdf5235\x2d8f1f\x2d4409\x2da05b\x2db2704a0cb280.device - /dev/disk/by-uuid/7fdf5235-8f1f-4409-a05b-b2704a0cb280...[0m
[0;21;39msystemd[1]: Expecting device dev-disk-by\x2duuid-9704\x2dD569.device - /dev/disk/by-uuid/9704-D569...[0m
         Mounting [0;1;39mdev-hugepages.mount[0m - Huge Pages File System...
         Mounting [0;1;39mdev-mqueue.mount[0m - POSIX Message Queue File System...
         Mounting [0;1;39msys-kernel-debug.mount[0m - Kernel Debug File System...
[0;21;39msystemd[1]: Expecting device dev-ttyS0.device - /dev/ttyS0...[0m
[0;21;39msystemd[1]: Expecting device dev-zram0.device - /dev/zram0...[0m
[0;21;39msystemd[1]: Reached target imports.target - Image Downloads.[0m
[0;21;39msystemd[1]: Stopped target initrd-switch-root.target - Switch Root.[0m
[0;21;39msystemd[1]: Stopped target initrd-fs.target - Initrd File Systems.[0m
[0;21;39msystemd[1]: Stopped target initrd-root-fs.target - Initrd Root File System.[0m
[0;21;39msystemd[1]: Reached target integritysetup.target - Local Integrity Protected Volumes.[0m
[0;21;39msystemd[1]: Reached target slices.target - Slice Units.[0m
[0;21;39msystemd[1]: Reached target veritysetup.target - Local Verity Protected Volumes.[0m
[0;21;39msystemd[1]: Listening on dm-event.socket - Device-mapper event daemon FIFOs.[0m
[0;21;39msystemd[1]: Listening on lvm2-lvmpolld.socket - LVM2 poll daemon socket.[0m
[0;21;39msystemd[1]: Listening on systemd-ask-password.socket - Query the User Interactively for a Password.[0m
[0;21;39msystemd[1]: Listening on systemd-coredump.socket - Process Core Dump Socket.[0m
[0;21;39msystemd[1]: Listening on systemd-creds.socket - Credential Encryption/Decryption.[0m
[0;21;39msystemd[1]: Listening on systemd-factory-reset.socket - Factory Reset Management.[0m
[0;21;39msystemd[1]: Listening on systemd-journald-audit.socket - Journal Audit Socket.[0m
[0;21;39msystemd[1]: Listening on systemd-mountfsd.socket - DDI File System Mounter Socket.[0m
[0;21;39msystemd[1]: Listening on systemd-mute-console.socket - Console Output Muting Service Socket.[0m
[0;21;39msystemd[1]: Listening on systemd-nsresourced.socket - Namespace Resource Manager Socket.[0m
[0;21;39msystemd[1]: Listening on systemd-oomd.socket - Userspace Out-Of-Memory (OOM) Killer Socket.[0m
[0;21;39msystemd[1]: systemd-pcrextend.socket - TPM PCR Measurements skipped, unmet condition check ConditionSecurity=measured-uki[0m
[0;21;39msystemd[1]: systemd-pcrlock.socket - Make TPM PCR Policy skipped, unmet condition check ConditionSecurity=measured-uki[0m
[0;21;39msystemd[1]: Listening on systemd-repart.socket - Disk Repartitioning Service Socket.[0m
[0;21;39msystemd[1]: Listening on systemd-resolved-monitor.socket - Resolve Monitor Varlink Socket.[0m
[0;21;39msystemd[1]: Listening on systemd-resolved-varlink.socket - Resolve Service Varlink Socket.[0m
[0;21;39msystemd[1]: Listening on systemd-udevd-control.socket - udev Control Socket.[0m
[0;21;39msystemd[1]: Listening on systemd-udevd-varlink.socket - udev Varlink Socket.[0m
[0;21;39msystemd[1]: Listening on systemd-userdbd.socket - User Database Manager Socket.[0m
[0;21;39msystemd[1]: Mounting dev-hugepages.mount - Huge Pages File System...[0m
[0;21;39msystemd[1]: dev-hugepages1G.mount - 1GB Huge Pages File System skipped, unmet condition check ConditionKernelCommandLine=hugepagesz=1G[0m
[0;21;39msystemd[1]: Mounting dev-mqueue.mount - POSIX Message Queue File System...[0m
[0;21;39msystemd[1]: Mounting sys-kernel-debug.mount - Kernel Debug File System...[0m
         Mounting [0;1;39msys-kernel-tracing.mount[0m - Kernel Trace File System...
[0;21;39msystemd[1]: Mounting sys-kernel-tracing.mount - Kernel Trace File System...[0m
[0;21;39msystemd[1]: auth-rpcgss-module.service - Kernel Module supporting RPCSEC_GSS skipped, unmet condition check ConditionPathExists=/etc/krb5.keytab[0m
[0;21;39msystemd[1]: fips-crypto-policy-overlay.service - Bind-mount FIPS crypto-policy in FIPS mode skipped, unmet condition check ConditionKernelCommandLine=fips=1[0m
[0;21;39msystemd[1]: Starting kmod-static-nodes.service - Create List of Static Device Nodes...[0m
[0;21;39msystemd[1]: Starting lvm2-monitor.service - Monitoring of LVM2 mirrors, snapshots etc. using dmeventd or progress polling...[0m
[0;21;39msystemd[1]: modprobe@configfs.service - Load Kernel Module configfs skipped, unmet condition check ConditionKernelModuleLoaded=!configfs[0m
[0;21;39msystemd[1]: modprobe@drm.service - Load Kernel Module drm skipped, unmet condition check ConditionKernelModuleLoaded=!drm[0m
[0;21;39msystemd[1]: modprobe@efi_pstore.service - Load Kernel Module efi_pstore skipped, unmet condition check ConditionKernelModuleLoaded=!efi_pstore[0m
[0;21;39msystemd[1]: modprobe@fuse.service - Load Kernel Module fuse skipped, unmet condition check ConditionKernelModuleLoaded=!fuse[0m
[0;21;39msystemd[1]: Mounting sys-fs-fuse-connections.mount - FUSE Control File System...[0m
[0;21;39msystemd[1]: ostree-prepare-root.service: Deactivated successfully.[0m
[0;21;39msystemd[1]: Stopped ostree-prepare-root.service - OSTree Prepare OS/.[0m
[0;21;39msystemd[1]: plymouth-switch-root.service: Deactivated successfully.[0m
[0;21;39msystemd[1]: Stopped plymouth-switch-root.service - Plymouth switch root service.[0m
[0;21;39msystemd[1]: systemd-boot-clear-sysfail.service - Clear SysFail Entry If The Boot Is Successful skipped, unmet condition check ConditionPathExists=/sys/firmware/efi/efivars/LoaderEntrySysFail-4a67b082-0a4c-41cf-b6c7-440b29bb8c4f[0m
[0;21;39msystemd[1]: systemd-fsck-root.service: Deactivated successfully.[0m
[0;21;39msystemd[1]: Stopped systemd-fsck-root.service - File System Check on Root Device.[0m
[0;21;39msystemd[1]: systemd-hibernate-clear.service - Clear Stale Hibernate Storage Info skipped, unmet condition check ConditionPathExists=/sys/firmware/efi/efivars/HibernateLocation-8cf2644b-4b0b-428f-9387-6d876050dc67[0m
         Starting [0;1;39mkmod-static-nodes.service[0m…eate List of Static Device Nodes...
         Starting [0;1;39mlvm2-monitor.service[0m - Mo…ing dmeventd or progress polling...
         Mounting [0;1;39msys-fs-fuse-connections.mount[0m - FUSE Control File System...
[[0;32m  OK  [0m] Stopped [0;1;39mostree-prepare-root.service[0m - OSTree Prepare OS/.
[[0;32m  OK  [0m] Stopped [0;1;39mplymouth-switch-root.service[0m - Plymouth switch root service.
[[0;32m  OK  [0m] Stopped [0;1;39msystemd-fsck-root.service[0m - File System Check on Root Device.
         Starting [0;1;39msystemd-hwdb-update.service[0m - Rebuild Hardware Database...
[0;21;39msystemd[1]: Starting systemd-hwdb-update.service - Rebuild Hardware Database...[0m
         Starting [0;1;39msystemd-journald.service[0m - Journal Service...
         Starting [0;1;39msystemd-modules-load.service[0m - Load Kernel Modules...
[0;21;39msystemd[1]: Starting systemd-journald.service - Journal Service...[0m
         Starting [0;1;39msystemd-network-generator…[0mk Units from Kernel Command Line...
         Starting [0;1;39msystemd-udev-load-credent…[0mLoad udev Rules from Credentials...
         Starting [0;1;39msystemd-udev-trigger.service[0m - Coldplug All udev Devices...
[[0;32m  OK  [0m] Mounted [0;1;39mdev-hugepages.mount[0m - Huge Pages File System.
[0;21;39msystemd[1]: Starting systemd-modules-load.service - Load Kernel Modules...[0m
[[0;32m  OK  [0m] Mounted [0;1;39mdev-mqueue.mount[0m - POSIX Message Queue File System.
[0;21;39msystemd[1]: Starting systemd-network-generator.service - Generate Network Units from Kernel Command Line...[0m
[[0;32m  OK  [0m] Mounted [0;1;39msys-kernel-debug.mount[0m - Kernel Debug File System.
[[0;32m  OK  [0m] Mounted [0;1;39msys-kernel-tracing.mount[0m - Kernel Trace File System.
[[0;32m  OK  [0m] Finished [0;1;39mkmod-static-nodes.service[0m…Create List of Static Device Nodes.
[[0;32m  OK  [0m] Mounted [0;1;39msys-fs-fuse-connections.mount[0m - FUSE Control File System.
[0;21;39msystemd[1]: systemd-pcrmachine.service - TPM PCR Machine ID Measurement skipped, unmet condition check ConditionSecurity=measured-uki[0m
[0;21;39msystemd[1]: systemd-tpm2-setup-early.service - Early TPM SRK Setup skipped, unmet condition check ConditionSecurity=measured-uki[0m
[0;21;39msystemd[1]: Starting systemd-udev-load-credentials.service - Load udev Rules from Credentials...[0m
[0;21;39msystemd[1]: Starting systemd-udev-trigger.service - Coldplug All udev Devices...[0m
[0;21;39msystemd[1]: Mounted dev-hugepages.mount - Huge Pages File System.[0m
[0;21;39msystemd[1]: Mounted dev-mqueue.mount - POSIX Message Queue File System.[0m
[0;21;39msystemd[1]: Mounted sys-kernel-debug.mount - Kernel Debug File System.[0m
[0;21;39msystemd[1]: Mounted sys-kernel-tracing.mount - Kernel Trace File System.[0m
[0;21;39msystemd[1]: Finished kmod-static-nodes.service - Create List of Static Device Nodes.[0m
[0;21;39msystemd[1]: Mounted sys-fs-fuse-connections.mount - FUSE Control File System.[0m
[0;21;39msystemd-journald[678]: Collecting audit messages is enabled.[0m
[[0;32m  OK  [0m] Finished [0;1;39msystemd-network-generator…[0mork Units from Kernel Command Line.
[0;21;39msystemd[1]: Finished systemd-network-generator.service - Generate Network Units from Kernel Command Line.[0m
[0;21;39msystemd[1]: Started systemd-journald.service - Journal Service.[0m
[[0;32m  OK  [0m] Started [0;1;39msystemd-journald.service[0m - Journal Service.
[0;21;32maudit: type=1130 audit(1784568471.359:4): pid=1 uid=0 auid=4294967295 ses=4294967295 subj=system_u:system_r:init_t:s0 msg='unit=systemd-network-generator comm="systemd" exe="/usr/lib/systemd/systemd" hostname=? addr=? terminal=? res=success'[0m
[0;21;32maudit: type=1130 audit(1784568471.360:5): pid=1 uid=0 auid=4294967295 ses=4294967295 subj=system_u:system_r:init_t:s0 msg='unit=systemd-journald comm="systemd" exe="/usr/lib/systemd/systemd" hostname=? addr=? terminal=? res=success'[0m
[[0;32m  OK  [0m] Finished [0;1;39msystemd-udev-load-credent…[0m- Load udev Rules from Credentials.
[[0;32m  OK  [0m] Finished [0;1;39mlvm2-monitor.service[0m - Mo…using dmeventd or progress polling.
[0;21;32maudit: type=1130 audit(1784568471.382:6): pid=1 uid=0 auid=4294967295 ses=4294967295 subj=system_u:system_r:init_t:s0 msg='unit=systemd-udev-load-credentials comm="systemd" exe="/usr/lib/systemd/systemd" hostname=? addr=? terminal=? res=success'[0m
[0;21;32maudit: type=1130 audit(1784568471.382:7): pid=1 uid=0 auid=4294967295 ses=4294967295 subj=system_u:system_r:init_t:s0 msg='unit=lvm2-monitor comm="systemd" exe="/usr/lib/systemd/systemd" hostname=? addr=? terminal=? res=success'[0m
         Starting [0;1;39msystemd-tmpfiles-setup-de…[0m Device Nodes in /dev gracefully...
[[0;32m  OK  [0m] Finished [0;1;39msystemd-modules-load.service[0m - Load Kernel Modules.
[0;21;39msystem76: Model does not utilize this driver[0m
[0;21;32maudit: type=1130 audit(1784568471.426:8): pid=1 uid=0 auid=4294967295 ses=4294967295 subj=system_u:system_r:init_t:s0 msg='unit=systemd-modules-load comm="systemd" exe="/usr/lib/systemd/systemd" hostname=? addr=? terminal=? res=success'[0m
         Starting [0;1;39msystemd-sysctl.service[0m - Apply Kernel Variables...
         Starting [0;1;39mmodprobe@tun.service[0m - Load Kernel Module tun...
         Starting [0;1;39msystemd-userdbd.service[0m - User Database Manager...
[0;21;32maudit: type=1334 audit(1784568471.445:9): prog-id=48 op=LOAD[0m
[0;21;32maudit: type=1334 audit(1784568471.445:10): prog-id=49 op=LOAD[0m
[0;21;32maudit: type=1334 audit(1784568471.445:11): prog-id=50 op=LOAD[0m
[0;21;39mtun: Universal TUN/TAP device driver, 1.6[0m
[[0;32m  OK  [0m] Finished [0;1;39mmodprobe@tun.service[0m - Load Kernel Module tun.
[0;21;32maudit: type=1130 audit(1784568471.462:12): pid=1 uid=0 auid=4294967295 ses=4294967295 subj=system_u:system_r:init_t:s0 msg='unit=modprobe@tun comm="systemd" exe="/usr/lib/systemd/systemd" hostname=? addr=? terminal=? res=success'[0m
[0;21;32maudit: type=1131 audit(1784568471.462:13): pid=1 uid=0 auid=4294967295 ses=4294967295 subj=system_u:system_r:init_t:s0 msg='unit=modprobe@tun comm="systemd" exe="/usr/lib/systemd/systemd" hostname=? addr=? terminal=? res=success'[0m
         Starting [0;1;39msystemd-nsresourced.service[0m - Namespace Resource Manager...
[[0;32m  OK  [0m] Finished [0;1;39msystemd-sysctl.service[0m - Apply Kernel Variables.
[[0;32m  OK  [0m] Started [0;1;39msystemd-userdbd.service[0m - User Database Manager.
[[0;32m  OK  [0m] Finished [0;1;39msystemd-udev-trigger.service[0m - Coldplug All udev Devices.
[[0;32m  OK  [0m] Started [0;1;39msystemd-nsresourced.service[0m - Namespace Resource Manager.
[[0;32m  OK  [0m] Finished [0;1;39msystemd-tmpfiles-setup-de…[0mic Device Nodes in /dev gracefully.
         Starting [0;1;39msystemd-sysusers.service[0m - Create System Users...
[[0;32m  OK  [0m] Finished [0;1;39msystemd-sysusers.service[0m - Create System Users.
         Starting [0;1;39msystemd-resolved.service[0m - Network Name Resolution...
         Starting [0;1;39msystemd-tmpfiles-setup-de…[0meate Static Device Nodes in /dev...
[[0;32m  OK  [0m] Finished [0;1;39msystemd-hwdb-update.service[0m - Rebuild Hardware Database.
[[0;32m  OK  [0m] Finished [0;1;39msystemd-tmpfiles-setup-de…[0mCreate Static Device Nodes in /dev.
[[0;32m  OK  [0m] Reached target [0;1;39mlocal-fs-pre.target[0m…Preparation for Local File Systems.
         Starting [0;1;39msystemd-udevd.service[0m - R…ager for Device Events and Files...
[[0;32m  OK  [0m] Started [0;1;39msystemd-resolved.service[0m - Network Name Resolution.
[[0;32m  OK  [0m] Reached target [0;1;39mnss-lookup.target[0m - Host and Network Name Lookups.
[[0;32m  OK  [0m] Started [0;1;39msystemd-udevd.service[0m - Ru…anager for Device Events and Files.
[[0;32m  OK  [0m] Found device [0;1;39mdev-zram0.device[0m - /dev/zram0.
         Starting [0;1;39msystemd-zram-setup@zram0.…vice[0m - Create swap on /dev/zram0...
[0;21;39mzram0: detected capacity change from 0 to 8110080[0m
[[0;32m  OK  [0m] Finished [0;1;39msystemd-zram-setup@zram0.service[0m - Create swap on /dev/zram0.
         Activating swap [0;1;39mdev-zram0.swap[0m - Compressed Swap on /dev/zram0...
         Mounting [0;1;39mvar.mount[0m - /var...
[[0;32m  OK  [0m] Mounted [0;1;39mvar.mount[0m - /var.
[[0;32m  OK  [0m] Reached target [0;1;39mmachines.target[0m - Virtual Machines and Containers.
[[0;32m  OK  [0m] Listening on [0;1;39msystemd-importd.socke…[0mDisk Image Download Service Socket.
         Starting [0;1;39mostree-remount.service[0m - OSTree Remount OS/ Bind Mounts...
[[0;32m  OK  [0m] Reached target [0;1;39mcryptsetup.target[0m - Local Encrypted Volumes.
[[0;32m  OK  [0m] Finished [0;1;39mostree-remount.service[0m - OSTree Remount OS/ Bind Mounts.
         Starting [0;1;39msystemd-journal-flush.ser…[0msh Journal to Persistent Storage...
         Starting [0;1;39msystemd-random-seed.service[0m - Load/Save OS Random Seed...
[0;21;39mAdding 4055036k swap on /dev/zram0.  Priority:100 extents:1 across:4055036k SSDsc[0m
[[0;32m  OK  [0m] Activated swap [0;1;39mdev-zram0.swap[0m - Compressed Swap on /dev/zram0.
[[0;32m  OK  [0m] Reached target [0;1;39mswap.target[0m - Swaps.
         Mounting [0;1;39mtmp.mount[0m - Temporary Directory /tmp...
[0;21;39msystemd-journald[678]: Received client request to flush runtime journal.[0m
         Starting [0;1;39msystemd-oomd.service[0m - Us…space Out-Of-Memory (OOM) Killer...
[[0;32m  OK  [0m] Mounted [0;1;39mtmp.mount[0m - Temporary Directory /tmp.
[[0;32m  OK  [0m] Finished [0;1;39msystemd-random-seed.service[0m - Load/Save OS Random Seed.
         Starting [0;1;39msystemd-fsck@dev-disk-by\…[0mk on /dev/disk/by-uuid/9704-D569...
[[0;32m  OK  [0m] Started [0;1;39msystemd-oomd.service[0m - Userspace Out-Of-Memory (OOM) Killer.
         Starting [0;1;39msystemd-fsck@dev-disk-by\…[0m5235-8f1f-4409-a05b-b2704a0cb280...
[0;21;32mlpc_ich 0000:00:1f.0: I/O space for GPIO uninitialized[0m
[[0;32m  OK  [0m] Found device [0;1;39mdev-disk-by\x2duuid-1…[0md6e9ea-19b9-4095-9bf1-4c3c4973c5b8.
[[0;32m  OK  [0m] Finished [0;1;39msystemd-journal-flush.ser…[0mlush Journal to Persistent Storage.
[[0;32m  OK  [0m] Finished [0;1;39msystemd-fsck@dev-disk-by\…[0meck on /dev/disk/by-uuid/9704-D569.
[[0;32m  OK  [0m] Finished [0;1;39msystemd-fsck@dev-disk-by\…[0mdf5235-8f1f-4409-a05b-b2704a0cb280.
[0;21;39minput: QEMU Virtio Tablet as /devices/pci0000:00/0000:00:03.0/virtio2/input/input5[0m
[0;21;39mi801_smbus 0000:00:1f.3: Enabling SMBus device[0m
[0;21;39mi801_smbus 0000:00:1f.3: SMBus using PCI interrupt[0m
[0;21;39mi2c i2c-0: Memory type 0x07 not supported yet, not instantiating SPD[0m
[0;21;39minput: QEMU Virtio Keyboard as /devices/pci0000:00/0000:00:04.0/virtio3/input/input6[0m
[0;21;39minput: PC Speaker as /devices/platform/pcspkr/input/input7[0m
[0;21;39mparport_pc 00:02: reported by Plug and Play ACPI[0m
[0;21;39mparport0: PC-style at 0x378, irq 7 [PCSPP,TRISTATE][0m
[0;21;39miTCO_wdt iTCO_wdt.1.auto: Found a ICH9 TCO device (Version=2, TCOBASE=0x0660)[0m
[[0;32m  OK  [0m] Stopped [0;1;39msystemd-vconsole-setup.service[0m - Virtual Console Setup.
         Stopping [0;1;39msystemd-vconsole-setup.service[0m - Virtual Console Setup...
[0;21;39mvirtio_net virtio0 enp0s1: renamed from eth0[0m
[0;21;39miTCO_wdt iTCO_wdt.1.auto: initialized. heartbeat=30 sec (nowayout=0)[0m
         Starting [0;1;39msystemd-vconsole-setup.service[0m - Virtual Console Setup...
[0;21;39mkvm_amd: TSC scaling supported[0m
[0;21;39mkvm_amd: Nested Virtualization enabled[0m
[0;21;39mkvm_amd: Nested Paging enabled[0m
[0;21;39mkvm_amd: LBR virtualization supported[0m
[0;21;39mkvm_amd: Virtual GIF supported[0m
[0;21;39mkvm_amd: Virtual NMI enabled[0m
[[0;32m  OK  [0m] Stopped [0;1;39msystemd-vconsole-setup.service[0m - Virtual Console Setup.
[0;21;39mppdev: user-space parallel port driver[0m
         Starting [0;1;39msystemd-vconsole-setup.service[0m - Virtual Console Setup...
[[0;32m  OK  [0m] Finished [0;1;39msystemd-vconsole-setup.service[0m - Virtual Console Setup.
         Mounting [0;1;39mboot.mount[0m - /boot...
         Mounting [0;1;39mvar-home.mount[0m - /var/home...
[[0;32m  OK  [0m] Mounted [0;1;39mvar-home.mount[0m - /var/home.
[0;21;39mEXT4-fs (vda2): mounted filesystem 7fdf5235-8f1f-4409-a05b-b2704a0cb280 r/w with ordered data mode. Quota mode: none.[0m
[[0;32m  OK  [0m] Mounted [0;1;39mboot.mount[0m - /boot.
         Mounting [0;1;39mboot-efi.mount[0m - /boot/efi...
[[0;32m  OK  [0m] Mounted [0;1;39mboot-efi.mount[0m - /boot/efi.
[[0;32m  OK  [0m] Reached target [0;1;39mlocal-fs.target[0m - Local File Systems.
[[0;32m  OK  [0m] Listening on [0;1;39msystemd-bootctl.socket[0m - Boot Entries Service Socket.
[[0;32m  OK  [0m] Listening on [0;1;39msystemd-sysext.socket[0m… System Extension Image Management.
         Starting [0;1;39mgreenboot-set-rollback-tr…ice[0m - Greenboot Rollback trigger...
         Starting [0;1;39mplymouth-read-write.servi…[0mymouth To Write Out Runtime Data...
         Starting [0;1;39msystemd-binfmt.service[0m - Set Up Additional Binary Formats...
         Starting [0;1;39msystemd-tmpfiles-setup.se…[0mate System Files and Directories...
         Starting [0;1;39msystemd-userdb-load-crede…[0mr/group Records from Credentials...
         Mounting [0;1;39mproc-sys-fs-binfmt_misc.m…[0mcutable File Formats File System...
[[0;32m  OK  [0m] Finished [0;1;39mplymouth-read-write.servi…[0mPlymouth To Write Out Runtime Data.
[[0;32m  OK  [0m] Mounted [0;1;39mproc-sys-fs-binfmt_misc.mo…[0mxecutable File Formats File System.
[[0;32m  OK  [0m] Finished [0;1;39msystemd-binfmt.service[0m - Set Up Additional Binary Formats.
[[0;32m  OK  [0m] Finished [0;1;39msystemd-userdb-load-crede…[0mser/group Records from Credentials.
[[0;32m  OK  [0m] Finished [0;1;39msystemd-tmpfiles-setup.se…[0mreate System Files and Directories.
         Starting [0;1;39mauditd.service[0m - Security Audit Logging Service...
         Starting [0;1;39mldconfig.service[0m - Rebuild Dynamic Linker Cache...
         Starting [0;1;39msystemd-journal-catalog-u…ervice[0m - Rebuild Journal Catalog...
[[0;32m  OK  [0m] Finished [0;1;39mgreenboot-set-rollback-tr…rvice[0m - Greenboot Rollback trigger.
[[0;32m  OK  [0m] Started [0;1;39mauditd.service[0m - Security Audit Logging Service.
         Starting [0;1;39maudit-rules.service[0m - Load Audit Rules...
         Starting [0;1;39msystemd-update-utmp.servi…[0mord System Boot/Shutdown in UTMP...
[[0;32m  OK  [0m] Finished [0;1;39msystemd-update-utmp.servi…[0mecord System Boot/Shutdown in UTMP.
[[0;32m  OK  [0m] Finished [0;1;39msystemd-journal-catalog-u….service[0m - Rebuild Journal Catalog.
[[0;32m  OK  [0m] Finished [0;1;39maudit-rules.service[0m - Load Audit Rules.
[[0;32m  OK  [0m] Finished [0;1;39mldconfig.service[0m - Rebuild Dynamic Linker Cache.
         Starting [0;1;39msystemd-update-done.service[0m - Update is Completed...
[[0;32m  OK  [0m] Finished [0;1;39msystemd-update-done.service[0m - Update is Completed.
[[0;32m  OK  [0m] Reached target [0;1;39msysinit.target[0m - System Initialization.
[[0;32m  OK  [0m] Started [0;1;39mbootc-status-updated.path[0m - Monitor bootc for status changes.
[[0;32m  OK  [0m] Started [0;1;39mcups.path[0m - CUPS Scheduler.
[[0;32m  OK  [0m] Created slice [0;1;39msystem-cups.slice[0m - CUPS Slice.
[[0;32m  OK  [0m] Started [0;1;39mlvm-devices-import.path[0m - …es-import to create system.devices.
[[0;32m  OK  [0m] Started [0;1;39mfstrim.timer[0m - Discard unused filesystem blocks once a week.
[[0;32m  OK  [0m] Started [0;1;39mlogrotate.timer[0m - Daily rotation of log files.
[[0;32m  OK  [0m] Started [0;1;39mraid-check.timer[0m - Weekly RAID setup health check.
[[0;32m  OK  [0m] Started [0;1;39mrpm-ostree-countme.timer[0m - Weekly rpm-ostree Count Me timer.
[[0;32m  OK  [0m] Started [0;1;39msystemd-tmpfiles-clean.tim…[0my Cleanup of Temporary Directories.
[[0;32m  OK  [0m] Started [0;1;39munbound-anchor.timer[0m - dai…f the root trust anchor for DNSSEC.
[[0;32m  OK  [0m] Started [0;1;39muupd.timer[0m - Auto Update System Timer For Universal Blue.
[[0;32m  OK  [0m] Reached target [0;1;39mbootc-status-update…[0m - Bootc status trigger state sync.
[[0;32m  OK  [0m] Reached target [0;1;39mpaths.target[0m - Path Units.
[[0;32m  OK  [0m] Reached target [0;1;39mtimers.target[0m - Timer Units.
[[0;32m  OK  [0m] Listening on [0;1;39mavahi-daemon.socket[0m -…DNS/DNS-SD Stack Activation Socket.
[[0;32m  OK  [0m] Listening on [0;1;39mcups.socket[0m - CUPS Scheduler.
[[0;32m  OK  [0m] Listening on [0;1;39mdbus.socket[0m - D-Bus System Message Bus Socket.
         Starting [0;1;39mpcscd.socket[0m - PC/SC Smart Card Daemon Activation Socket...
[[0;32m  OK  [0m] Listening on [0;1;39msshd-unix-local.socke…[0mtemd-ssh-generator, AF_UNIX Local).
         Starting [0;1;39msshd-vsock.socket[0m - OpenS…systemd-ssh-generator, AF_VSOCK)...
[[0;32m  OK  [0m] Listening on [0;1;39msssd-kcm.socket[0m - SSS…ros Cache Manager responder socket.
[[0;32m  OK  [0m] Listening on [0;1;39msystemd-hostnamed.socket[0m - Hostname Service Socket.
[[0;32m  OK  [0m] Listening on [0;1;39msystemd-logind-varlin…[0mer Login Management Varlink Socket.
[[0;32m  OK  [0m] Listening on [0;1;39msystemd-machined.sock…[0mtainer Registration Service Socket.
         Starting [0;1;39mdbus-broker.service[0m - D-Bus System Message Bus...
[[0;32m  OK  [0m] Listening on [0;1;39mpcscd.socket[0m - PC/SC Smart Card Daemon Activation Socket.
[[0;32m  OK  [0m] Listening on [0;1;39msshd-vsock.socket[0m - O… (systemd-ssh-generator, AF_VSOCK).
[[0;32m  OK  [0m] Reached target [0;1;39msockets.target[0m - Socket Units.
[[0;32m  OK  [0m] Reached target [0;1;39mssh-access.target[0m - SSH Access Available.
[[0;32m  OK  [0m] Started [0;1;39mdbus-broker.service[0m - D-Bus System Message Bus.
[[0;32m  OK  [0m] Reached target [0;1;39mbasic.target[0m - Basic System.
         Starting [0;1;39mauthselect-apply-changes.…rvice[0m - Apply authselect changes...
         Starting [0;1;39mavahi-daemon.service[0m - Avahi mDNS/DNS-SD Stack...
         Starting [0;1;39mbootloader-update.service[0m - Update bootloader on boot...
         Starting [0;1;39mchronyd.service[0m - NTP client/server...
[[0;32m  OK  [0m] Started [0;1;39mdmemcg-booster-system.serv…[0ming foreground games, system-level.
         Starting [0;1;39mdracut-shutdown.service[0m -…store /run/initramfs on shutdown...
[[0;32m  OK  [0m] Started [0;1;39mds-inhibit.service[0m - DualShock 4/DualSense mouse inhibitor.
[[0;32m  OK  [0m] Started [0;1;39mfirewalld.service[0m - firewalld - dynamic firewall daemon.
[[0;32m  OK  [0m] Reached target [0;1;39mnetwork-pre.target[0m - Preparation for Network.
         Starting [0;1;39mNetworkManager.service[0m - Network Manager...
         Starting [0;1;39mfoomaticrip-upgrade.servi…[0mtalled printers for foomatic-rip...
         Starting [0;1;39minput-remapper.service[0m - …odes without the GUI application...
         Starting [0;1;39mlm_sensors.service[0m - Hardware Monitoring Sensors...
         Starting [0;1;39mlvm-devices-import.service[0m - Create lvm system.devices...
         Starting [0;1;39mpolkit.service[0m - Authorization Manager...
         Starting [0;1;39mrtkit-daemon.service[0m - Re…imeKit Scheduling Policy Service...
[[0;32m  OK  [0m] Reached target [0;1;39msshd-keygen.target[0m.
         Starting [0;1;39mswitcheroo-control.servic…[0mSwitcheroo Control Proxy service...
         Starting [0;1;39msystemd-homed.service[0m - Home Area Manager...
[[0;32m  OK  [0m] Started [0;1;39mublue-os-media-automount.s…ice[0m - Mount partitons automaticaly.
         Starting [0;1;39mudisks2.service[0m - Disk Manager...
         Starting [0;1;39mupower.service[0m - Daemon for power management...
         Starting [0;1;39mfedora-atomic-desktop-app…[0ms to refresh the appstream cache...
         Starting [0;1;39mfedora-atomic-desktop-man…[0mc Destkops to update mandb cache...
[[0;32m  OK  [0m] Finished [0;1;39mauthselect-apply-changes.service[0m - Apply authselect changes.
[[0;32m  OK  [0m] Finished [0;1;39mdracut-shutdown.service[0m - Restore /run/initramfs on shutdown.
[[0;32m  OK  [0m] Finished [0;1;39mfoomaticrip-upgrade.servi…[0mnstalled printers for foomatic-rip.
[[0;32m  OK  [0m] Finished [0;1;39mlvm-devices-import.service[0m - Create lvm system.devices.
[[0;32m  OK  [0m] Started [0;1;39msystemd-homed.service[0m - Home Area Manager.
[[0;32m  OK  [0m] Reached target [0;1;39mnss-user-lookup.target[0m - User and Group Name Lookups.
         Starting [0;1;39maccounts-daemon.service[0m - Accounts Service...
[[0;32m  OK  [0m] Finished [0;1;39msystemd-homed-activate.service[0m - Home Area Activation.
         Starting [0;1;39msystemd-logind.service[0m - User Login Management...
[[0;32m  OK  [0m] Finished [0;1;39mlm_sensors.service[0m - Hardware Monitoring Sensors.
[[0;32m  OK  [0m] Started [0;1;39mswitcheroo-control.service[0m - Switcheroo Control Proxy service.
[[0;32m  OK  [0m] Started [0;1;39mavahi-daemon.service[0m - Avahi mDNS/DNS-SD Stack.
[[0;32m  OK  [0m] Started [0;1;39mrtkit-daemon.service[0m - RealtimeKit Scheduling Policy Service.
         Starting [0;1;39msystemd-hostnamed.service[0m - Hostname Service...
[[0;32m  OK  [0m] Started [0;1;39mchronyd.service[0m - NTP client/server.
[[0;32m  OK  [0m] Started [0;1;39msystemd-logind.service[0m - User Login Management.
[[0;32m  OK  [0m] Started [0;1;39msystemd-hostnamed.service[0m - Hostname Service.
[[0;32m  OK  [0m] Started [0;1;39mpolkit.service[0m - Authorization Manager.
[[0;32m  OK  [0m] Listening on [0;1;39msystemd-rfkill.socket[0m…ll Switch Status /dev/rfkill Watch.
         Starting [0;1;39mModemManager.service[0m - Modem Manager...
[[0;32m  OK  [0m] Started [0;1;39maccounts-daemon.service[0m - Accounts Service.
[[0;32m  OK  [0m] Started [0;1;39mNetworkManager.service[0m - Network Manager.
[[0;32m  OK  [0m] Reached target [0;1;39mnetwork.target[0m - Network.
         Starting [0;1;39mNetworkManager-dispatcher…[0manager Script Dispatcher Service...
         Starting [0;1;39mNetworkManager-wait-onlin…ce[0m - Network Manager Wait Online...
         Starting [0;1;39mcups.service[0m - CUPS Scheduler...
         Starting [0;1;39mgssproxy.service[0m - GSSAPI Proxy Daemon...
         Starting [0;1;39msshd.service[0m - OpenSSH server daemon...
         Starting [0;1;39mtuned.service[0m - Dynamic System Tuning Daemon...
[[0;32m  OK  [0m] Started [0;1;39mudisks2.service[0m - Disk Manager.
[[0;32m  OK  [0m] Started [0;1;39mNetworkManager-dispatcher.…[0m Manager Script Dispatcher Service.
[[0;32m  OK  [0m] Started [0;1;39msshd.service[0m - OpenSSH server daemon.
[[0;32m  OK  [0m] Started [0;1;39mupower.service[0m - Daemon for power management.
[[0;32m  OK  [0m] Started [0;1;39mcups.service[0m - CUPS Scheduler.
[[0;32m  OK  [0m] Started [0;1;39mgssproxy.service[0m - GSSAPI Proxy Daemon.
[0;21;39mNET: Registered PF_QIPCRTR protocol family[0m
[[0;32m  OK  [0m] Started [0;1;39mModemManager.service[0m - Modem Manager.
         Mounting [0;1;39mvar-lib-nfs-rpc_pipefs.mount[0m - RPC Pipe File System...
[[0;32m  OK  [0m] Finished [0;1;39mbootloader-update.service[0m - Update bootloader on boot.
[[0;32m  OK  [0m] Finished [0;1;39mNetworkManager-wait-onlin…vice[0m - Network Manager Wait Online.
[[0;32m  OK  [0m] Reached target [0;1;39mnetwork-online.target[0m - Network is Online.
         Starting [0;1;39mgreenboot-healthcheck.ser…[0m- Greenboot Health Checks Runner...
         Starting [0;1;39mrpc-statd-notify.service[0m - Notify NFS peers of a restart...
[[0;32m  OK  [0m] Started [0;1;39minput-remapper.service[0m - S…ycodes without the GUI application.
[0;21;39mRPC: Registered named UNIX socket transport module.[0m
[0;21;39mRPC: Registered udp transport module.[0m
[0;21;39mRPC: Registered tcp transport module.[0m
[[0;32m  OK  [0m] Mounted [0;1;39mvar-lib-nfs-rpc_pipefs.mount[0m - RPC Pipe File System.
[0;21;39mRPC: Registered tcp-with-tls transport module.[0m
[0;21;39mRPC: Registered tcp NFSv4.1 backchannel transport module.[0m
[[0;32m  OK  [0m] Started [0;1;39mrpc-statd-notify.service[0m - Notify NFS peers of a restart.
[[0;32m  OK  [0m] Reached target [0;1;39mrpc_pipefs.target[0m.
[[0;32m  OK  [0m] Reached target [0;1;39mnfs-client.target[0m - NFS client services.
[[0;32m  OK  [0m] Reached target [0;1;39mremote-fs-pre.targe…[0mreparation for Remote File Systems.
[[0;32m  OK  [0m] Reached target [0;1;39mremote-cryptsetup.target[0m - Remote Encrypted Volumes.
[[0;32m  OK  [0m] Reached target [0;1;39mremote-fs.target[0m - Remote File Systems.
[[0;32m  OK  [0m] Reached target [0;1;39mremote-integrityset…[0mRemote Integrity Protected Volumes.
[[0;32m  OK  [0m] Reached target [0;1;39mremote-veritysetup.…[0m - Remote Verity Protected Volumes.
[[0;32m  OK  [0m] Finished [0;1;39mfedora-atomic-desktop-app…[0mops to refresh the appstream cache.
         Starting [0;1;39mrpm-ostreed.service[0m - rpm-ostree System Management Daemon...
[[0;32m  OK  [0m] Started [0;1;39mrpm-ostreed.service[0m - rpm-ostree System Management Daemon.
[[0;32m  OK  [0m] Started [0;1;39mtuned.service[0m - Dynamic System Tuning Daemon.
         Starting [0;1;39mbazzite-hardware-setup.se…[0mure Bazzite for current hardware...
         Starting [0;1;39mtuned-ppd.service[0m - PPD-to-TuneD API Translation Daemon...
[0;21;39mclocksource: Watchdog remote CPU 7 read timed out[0m
[[0;32m  OK  [0m] Finished [0;1;39mbazzite-hardware-setup.se…[0migure Bazzite for current hardware.
         Starting [0;1;39mbazzite-flatpak-manager.service[0m - Manage system flatpaks...
         Starting [0;1;39msystemd-user-sessions.service[0m - Permit User Sessions...
[[0;32m  OK  [0m] Finished [0;1;39msystemd-user-sessions.service[0m - Permit User Sessions.
         Starting [0;1;39mplymouth-quit-wait.servic…[0md until boot process finishes up...
         Starting [0;1;39mplymouth-quit.service[0m - Terminate Plymouth Boot Screen...
[[0;32m  OK  [0m] Finished [0;1;39mbazzite-flatpak-manager.service[0m - Manage system flatpaks.
[    9.124550] evdi: [I] Initialising logging on level 4
[    9.126678] evdi: [I] Atomic driver: yes
[!p]104\[0m[?7h[1G[0J[6n[32766;32766H[6n[!p]104\[0m[?7h[1G[0J[6n[32766;32766H[6n]3008;start=83d5b07ef27f4967b0c50869fee32de1;user=root;hostname=bazzite-labwc-test;machineid=d9cf3528b7854471b0750c19885ae066;bootid=4ef52539f8794d19ad0fa9b05177e471;pid=1264;pidfdid=12502;comm=(agetty);servicename=serial-getty@ttyS0.service;invocationid=bd0f873d496a4e3287cfdd320aa654a3;type=service\P+q6E616D65\
Bazzite
Kernel 7.1.3-ogc3.4.fc44.x86_64 on x86_64 (ttyS0)

Try contacting this VM's SSH server via 'ssh vsock%4294967295' from host.

bazzite-labwc-test login: [  234.889764] evm: overlay not supported
[!p]104\[0m[?7h[1G[0J[6n[32766;32766H[6n]3008;end=83d5b07ef27f4967b0c50869fee32de1\[[0;32m  OK  [0m] Started [0;1;39mplymouth-reboot.service[0m - Show Plymouth Reboot Screen.
[[0;32m  OK  [0m] Stopped [0;1;39msession-1.scope[0m - Session 1 of User user.
         Stopping [0;1;39muser@1000.service[0m - User Manager for UID 1000...
[[0;32m  OK  [0m] Stopped [0;1;39muser@1000.service[0m - User Manager for UID 1000.
         Stopping [0;1;39msystemd-oomd.service[0m - Us…space Out-Of-Memory (OOM) Killer...
         Stopping [0;1;39msystemd-user-sessions.service[0m - Permit User Sessions...
         Stopping [0;1;39muresourced.service[0m - User resource assignment daemon...
         Stopping [0;1;39muser-runtime-dir@1000.ser…[0mRuntime Directory /run/user/1000...
[[0;32m  OK  [0m] Stopped [0;1;39msystemd-oomd.service[0m - Userspace Out-Of-Memory (OOM) Killer.
[[0;32m  OK  [0m] Unmounted [0;1;39mrun-user-1000.mount[0m - /run/user/1000.
[[0;32m  OK  [0m] Stopped [0;1;39msystemd-user-sessions.service[0m - Permit User Sessions.
[[0;32m  OK  [0m] Stopped [0;1;39muser-runtime-dir@1000.serv…[0mr Runtime Directory /run/user/1000.
[[0;32m  OK  [0m] Removed slice [0;1;39muser-1000.slice[0m - User Slice of UID 1000.
[[0;32m  OK  [0m] Stopped target [0;1;39mremote-fs.target[0m - Remote File Systems.
[[0;32m  OK  [0m] Stopped target [0;1;39mremote-fs-pre.targe…[0mreparation for Remote File Systems.
[[0;32m  OK  [0m] Stopped target [0;1;39mnfs-client.target[0m - NFS client services.
[[0;32m  OK  [0m] Stopped [0;1;39mbazzite-hardware-setup.ser…[0migure Bazzite for current hardware.
         Stopping [0;1;39mgssproxy.service[0m - GSSAPI Proxy Daemon...
         Stopping [0;1;39mrpm-ostreed.service[0m - rpm-ostree System Management Daemon...
         Stopping [0;1;39msystemd-homed-activate.service[0m - Home Area Activation...
         Stopping [0;1;39msystemd-logind.service[0m - User Login Management...
         Stopping [0;1;39mtuned.service[0m - Dynamic System Tuning Daemon...
[[0;32m  OK  [0m] Stopped [0;1;39msystemd-logind.service[0m - User Login Management.
[[0;32m  OK  [0m] Stopped [0;1;39mgssproxy.service[0m - GSSAPI Proxy Daemon.
[[0;32m  OK  [0m] Stopped [0;1;39muresourced.service[0m - User resource assignment daemon.
[[0;32m  OK  [0m] Stopped [0;1;39mrpm-ostreed.service[0m - rpm-ostree System Management Daemon.
[[0;32m  OK  [0m] Stopped [0;1;39msystemd-homed-activate.service[0m - Home Area Activation.
[[0;32m  OK  [0m] Stopped target [0;1;39mnss-user-lookup.target[0m - User and Group Name Lookups.
[[0;32m  OK  [0m] Stopped [0;1;39mauthselect-apply-changes.service[0m - Apply authselect changes.
         Stopping [0;1;39msystemd-homed.service[0m - Home Area Manager...
[[0;32m  OK  [0m] Stopped [0;1;39msystemd-userdb-load-creden…[0mser/group Records from Credentials.
[[0;32m  OK  [0m] Stopped [0;1;39msystemd-homed.service[0m - Home Area Manager.
[[0;32m  OK  [0m] Stopped [0;1;39mtuned.service[0m - Dynamic System Tuning Daemon.
[[0;32m  OK  [0m] Stopped target [0;1;39mnetwork.target[0m - Network.
         Stopping [0;1;39mNetworkManager.service[0m - Network Manager...
         Stopping [0;1;39mpolkit.service[0m - Authorization Manager...
[[0;32m  OK  [0m] Stopped [0;1;39mpolkit.service[0m - Authorization Manager.
[[0;32m  OK  [0m] Stopped [0;1;39mNetworkManager.service[0m - Network Manager.
[[0;32m  OK  [0m] Stopped target [0;1;39mnetwork-pre.target[0m - Preparation for Network.
         Stopping [0;1;39mfirewalld.service[0m - firewalld - dynamic firewall daemon...
[[0;32m  OK  [0m] Stopped [0;1;39msystemd-network-generator.…[0mork Units from Kernel Command Line.
[[0;32m  OK  [0m] Stopped [0;1;39mfirewalld.service[0m - firewalld - dynamic firewall daemon.
[[0;32m  OK  [0m] Stopped target [0;1;39mbasic.target[0m - Basic System.
[[0;32m  OK  [0m] Stopped [0;1;39msystemd-ask-password-plymo…[0mquests to Plymouth Directory Watch.
[[0;32m  OK  [0m] Stopped target [0;1;39mpaths.target[0m - Path Units.
[[0;32m  OK  [0m] Stopped [0;1;39mbootc-status-updated.path[0m - Monitor bootc for status changes.
[[0;32m  OK  [0m] Stopped [0;1;39mcups.path[0m - CUPS Scheduler.
[[0;32m  OK  [0m] Stopped [0;1;39mlvm-devices-import.path[0m - …es-import to create system.devices.
[[0;32m  OK  [0m] Stopped target [0;1;39mslices.target[0m - Slice Units.
[[0;32m  OK  [0m] Removed slice [0;1;39muser.slice[0m - User and Session Slice.
[[0;32m  OK  [0m] Stopped target [0;1;39msockets.target[0m - Socket Units.
[[0;32m  OK  [0m] Closed [0;1;39mavahi-daemon.socket[0m - Avahi…DNS/DNS-SD Stack Activation Socket.
[[0;32m  OK  [0m] Closed [0;1;39mcups.socket[0m - CUPS Scheduler.
[[0;32m  OK  [0m] Closed [0;1;39mpcscd.socket[0m - PC/SC Smart Card Daemon Activation Socket.
[[0;32m  OK  [0m] Closed [0;1;39msshd-unix-local.socket[0m - Op…temd-ssh-generator, AF_UNIX Local).
         Stopping [0;1;39msshd-vsock.socket[0m - OpenS…systemd-ssh-generator, AF_VSOCK)...
[[0;32m  OK  [0m] Closed [0;1;39msssd-kcm.socket[0m - SSSD Kerberos Cache Manager responder socket.
[[0;32m  OK  [0m] Closed [0;1;39msystemd-hostnamed.socket[0m - Hostname Service Socket.
[[0;32m  OK  [0m] Closed [0;1;39msystemd-importd.socket[0m - Disk Image Download Service Socket.
[[0;32m  OK  [0m] Closed [0;1;39msystemd-logind-varlink.sock…[0mer Login Management Varlink Socket.
[[0;32m  OK  [0m] Closed [0;1;39msystemd-machined.socket[0m - V…tainer Registration Service Socket.
[[0;32m  OK  [0m] Closed [0;1;39msystemd-mountfsd.socket[0m - DDI File System Mounter Socket.
[[0;32m  OK  [0m] Closed [0;1;39msystemd-mute-console.socket[0m…nsole Output Muting Service Socket.
[[0;32m  OK  [0m] Closed [0;1;39msystemd-oomd.socket[0m - Users… Out-Of-Memory (OOM) Killer Socket.
[[0;32m  OK  [0m] Closed [0;1;39msystemd-repart.socket[0m - Disk Repartitioning Service Socket.
         Stopping [0;1;39mdbus-broker.service[0m - D-Bus System Message Bus...
         Stopping [0;1;39mostree-finalize-staged.se…[0mSTree Finalize Staged Deployment...
[[0;32m  OK  [0m] Stopped [0;1;39mdbus-broker.service[0m - D-Bus System Message Bus.
[[0;32m  OK  [0m] Closed [0;1;39mdbus.socket[0m - D-Bus System Message Bus Socket.
[[0;32m  OK  [0m] Closed [0;1;39msshd-vsock.socket[0m - OpenSSH… (systemd-ssh-generator, AF_VSOCK).
[[0;32m  OK  [0m] Stopped target [0;1;39msysinit.target[0m - System Initialization.
[[0;32m  OK  [0m] Stopped target [0;1;39mcryptsetup.target[0m - Local Encrypted Volumes.
[[0;32m  OK  [0m] Stopped [0;1;39msystemd-ask-password-wall.…[0md Requests to Wall Directory Watch.
[[0;32m  OK  [0m] Stopped target [0;1;39mimports.target[0m - Image Downloads.
[[0;32m  OK  [0m] Stopped target [0;1;39mintegritysetup.targ…[0m Local Integrity Protected Volumes.
[[0;32m  OK  [0m] Stopped target [0;1;39mveritysetup.target[0m - Local Verity Protected Volumes.
         Stopping [0;1;39msystemd-binfmt.service[0m - Set Up Additional Binary Formats...
         Stopping [0;1;39msystemd-nsresourced.service[0m - Namespace Resource Manager...
         Stopping [0;1;39msystemd-resolved.service[0m - Network Name Resolution...
[[0;32m  OK  [0m] Stopped [0;1;39msystemd-update-done.service[0m - Update is Completed.
[[0;32m  OK  [0m] Stopped [0;1;39mldconfig.service[0m - Rebuild Dynamic Linker Cache.
[[0;32m  OK  [0m] Stopped [0;1;39msystemd-hwdb-update.service[0m - Rebuild Hardware Database.
[[0;32m  OK  [0m] Stopped [0;1;39msystemd-journal-catalog-up….service[0m - Rebuild Journal Catalog.
         Stopping [0;1;39msystemd-update-utmp.servi…[0mord System Boot/Shutdown in UTMP...
[[0;32m  OK  [0m] Stopped [0;1;39msystemd-nsresourced.service[0m - Namespace Resource Manager.
[[0;32m  OK  [0m] Closed [0;1;39msystemd-nsresourced.socket[0m - Namespace Resource Manager Socket.
[[0;32m  OK  [0m] Stopped [0;1;39msystemd-binfmt.service[0m - Set Up Additional Binary Formats.
[[0;32m  OK  [0m] Unset automount [0;1;39mproc-sys-fs-binfmt…[0mormats File System Automount Point.
[[0;32m  OK  [0m] Stopped [0;1;39msystemd-update-utmp.servic…[0mecord System Boot/Shutdown in UTMP.
[[0;32m  OK  [0m] Stopped [0;1;39msystemd-resolved.service[0m - Network Name Resolution.
[[0;32m  OK  [0m] Closed [0;1;39msystemd-resolved-monitor.so…t[0m - Resolve Monitor Varlink Socket.
[[0;32m  OK  [0m] Closed [0;1;39msystemd-resolved-varlink.so…t[0m - Resolve Service Varlink Socket.
         Stopping [0;1;39mauditd.service[0m - Security Audit Logging Service...
[[0;32m  OK  [0m] Stopped [0;1;39msystemd-sysctl.service[0m - Apply Kernel Variables.
[[0;32m  OK  [0m] Closed [0;1;39msystemd-coredump.socket[0m - Process Core Dump Socket.
[[0;32m  OK  [0m] Stopped [0;1;39msystemd-modules-load.service[0m - Load Kernel Modules.
[0;21;33mkauditd_printk_skb: 89 callbacks suppressed[0m
[0;21;32maudit: type=1305 audit(1784568822.824:660): op=set audit_pid=0 old=902 auid=4294967295 ses=4294967295 subj=system_u:system_r:auditd_t:s0 res=1[0m
[[0;32m  OK  [0m] Stopped [0;1;39mauditd.service[0m - Security Audit Logging Service.
[[0;32m  OK  [0m] Stopped [0;1;39msystemd-tmpfiles-setup.ser…[0mreate System Files and Directories.
[0;21;32maudit: type=1131 audit(1784568822.825:661): pid=1 uid=0 auid=4294967295 ses=4294967295 subj=system_u:system_r:init_t:s0 msg='unit=auditd comm="systemd" exe="/usr/lib/systemd/systemd" hostname=? addr=? terminal=? res=success'[0m
[0;21;32maudit: type=1131 audit(1784568822.825:662): pid=1 uid=0 auid=4294967295 ses=4294967295 subj=system_u:system_r:init_t:s0 msg='unit=systemd-tmpfiles-setup comm="systemd" exe="/usr/lib/systemd/systemd" hostname=? addr=? terminal=? res=success'[0m
[[0m[0;31m*     [0m] Job ostree-finalize-staged.service/stop running (3s / 5min 1s)
M[K[[0;1;31m*[0m[0;31m*    [0m] Job ostree-finalize-staged.service/stop running (3s / 5min 1s)
M[K[[0;31m*[0;1;31m*[0m[0;31m*   [0m] Job ostree-finalize-staged.service/stop running (4s / 5min 1s)
M[K[ [0;31m*[0;1;31m*[0m[0;31m*  [0m] Job ostree-finalize-staged.service/stop running (4s / 5min 1s)
M[K[  [0;31m*[0;1;31m*[0m[0;31m* [0m] Job ostree-finalize-staged.service/stop running (5s / 5min 1s)
M[K[   [0;31m*[0;1;31m*[0m[0;31m*[0m] Job ostree-finalize-staged.service/stop running (5s / 5min 1s)
M[K[    [0;31m*[0;1;31m*[0m] Job ostree-finalize-staged.service/stop running (6s / 5min 1s)
M[K[     [0;31m*[0m] Job ostree-finalize-staged.service/stop running (6s / 5min 1s)
M[K[    [0;31m*[0;1;31m*[0m] Job ostree-finalize-staged.service/stop running (7s / 5min 1s)
M[K[   [0;31m*[0;1;31m*[0m[0;31m*[0m] Job ostree-finalize-staged.service/stop running (7s / 5min 1s)
M[K[  [0;31m*[0;1;31m*[0m[0;31m* [0m] Job ostree-finalize-staged.service/stop running (8s / 5min 1s)
M[K[ [0;31m*[0;1;31m*[0m[0;31m*  [0m] Job ostree-finalize-staged.service/stop running (8s / 5min 1s)
M[K[[0;31m*[0;1;31m*[0m[0;31m*   [0m] Job ostree-finalize-staged.service/stop running (9s / 5min 1s)
M[K[[0;1;31m*[0m[0;31m*    [0m] Job ostree-finalize-staged.service/stop running (9s / 5min 1s)
M[K[[0m[0;31m*     [0m] Job ostree-finalize-staged.service/stop running (10s / 5min 1s)
M[K[[0;1;31m*[0m[0;31m*    [0m] Job ostree-finalize-staged.service/stop running (10s / 5min 1s)
M[K[[0;31m*[0;1;31m*[0m[0;31m*   [0m] Job ostree-finalize-staged.service/stop running (11s / 5min 1s)
M[K[ [0;31m*[0;1;31m*[0m[0;31m*  [0m] Job ostree-finalize-staged.service/stop running (11s / 5min 1s)
M[K[  [0;31m*[0;1;31m*[0m[0;31m* [0m] Job ostree-finalize-staged.service/stop running (12s / 5min 1s)
M[K[   [0;31m*[0;1;31m*[0m[0;31m*[0m] Job ostree-finalize-staged.service/stop running (12s / 5min 1s)
M[K[    [0;31m*[0;1;31m*[0m] Job ostree-finalize-staged.service/stop running (13s / 5min 1s)
M[K[     [0;31m*[0m] Job ostree-finalize-staged.service/stop running (13s / 5min 1s)
M[K[    [0;31m*[0;1;31m*[0m] Job ostree-finalize-staged.service/stop running (14s / 5min 1s)
M[K[   [0;31m*[0;1;31m*[0m[0;31m*[0m] Job ostree-finalize-staged.service/stop running (14s / 5min 1s)
M[K[[0;32m  OK  [0m] Stopped [0;1;39mostree-finalize-staged.ser…[0m OSTree Finalize Staged Deployment.
[K[0;21;32maudit: type=1131 audit(1784568836.988:663): pid=1 uid=0 auid=4294967295 ses=4294967295 subj=system_u:system_r:init_t:s0 msg='unit=ostree-finalize-staged comm="systemd" exe="/usr/lib/systemd/systemd" hostname=? addr=? terminal=? res=success'[0m
         Stopping [0;1;39mostree-finalize-staged-ho…[0mSTree Finalize Staged Deployment...
[[0;32m  OK  [0m] Stopped [0;1;39mostree-finalize-staged-hol…[0m OSTree Finalize Staged Deployment.
[0;21;32maudit: type=1131 audit(1784568837.000:664): pid=1 uid=0 auid=4294967295 ses=4294967295 subj=system_u:system_r:init_t:s0 msg='unit=ostree-finalize-staged-hold comm="systemd" exe="/usr/lib/systemd/systemd" hostname=? addr=? terminal=? res=success'[0m
[[0;32m  OK  [0m] Stopped target [0;1;39mlocal-fs.target[0m - Local File Systems.
         Unmounting [0;1;39mboot-efi.mount[0m - /boot/efi...
         Unmounting [0;1;39msysroot-ostree-deploy-d…[0mysroot/ostree/deploy/default/var...
         Unmounting [0;1;39mtmp.mount[0m - Temporary Directory /tmp...
         Unmounting [0;1;39mvar-home.mount[0m - /var/home...
[[0;32m  OK  [0m] Stopped [0;1;39mostree-remount.service[0m - OSTree Remount OS/ Bind Mounts.
[0;21;32maudit: type=1131 audit(1784568837.028:665): pid=1 uid=0 auid=4294967295 ses=4294967295 subj=system_u:system_r:init_t:s0 msg='unit=ostree-remount comm="systemd" exe="/usr/lib/systemd/systemd" hostname=? addr=? terminal=? res=success'[0m
[[0;32m  OK  [0m] Unmounted [0;1;39mboot-efi.mount[0m - /boot/efi.
[[0;32m  OK  [0m] Unmounted [0;1;39msysroot-ostree-deploy-de…[0m/sysroot/ostree/deploy/default/var.
[[0;32m  OK  [0m] Unmounted [0;1;39mtmp.mount[0m - Temporary Directory /tmp.
[[0;32m  OK  [0m] Stopped target [0;1;39mswap.target[0m - Swaps.
         Deactivating swap [0;1;39mdev-disk-by\x2dd…-4.swap[0m - /dev/disk/by-diskseq/4...
         Unmounting [0;1;39mboot.mount[0m - /boot...
[[0;32m  OK  [0m] Stopped [0;1;39msystemd-fsck@dev-disk-by\x…[0meck on /dev/disk/by-uuid/9704-D569.
[0;21;32maudit: type=1131 audit(1784568837.046:666): pid=1 uid=0 auid=4294967295 ses=4294967295 subj=system_u:system_r:init_t:s0 msg='unit=systemd-fsck@dev-disk-by\x2duuid-9704\x2dD569 comm="systemd" exe="/usr/lib/systemd/systemd" hostname=? addr=? terminal=? res=success'[0m
[[0;32m  OK  [0m] Unmounted [0;1;39mvar-home.mount[0m - /var/home.
[0;21;39mEXT4-fs (vda2): unmounting filesystem 7fdf5235-8f1f-4409-a05b-b2704a0cb280.[0m
[[0;32m  OK  [0m] Deactivated swap [0;1;39mdev-disk-by\x2ddi…eq-4.swap[0m - /dev/disk/by-diskseq/4.
[[0;32m  OK  [0m] Deactivated swap [0;1;39mdev-zram0.swap[0m - Compressed Swap on /dev/zram0.
[[0;32m  OK  [0m] Unmounted [0;1;39mboot.mount[0m - /boot.
[[0;32m  OK  [0m] Reached target [0;1;39mumount.target[0m - Unmount All Filesystems.
[[0;32m  OK  [0m] Stopped [0;1;39msystemd-fsck@dev-disk-by\x…[0mdf5235-8f1f-4409-a05b-b2704a0cb280.
[0;21;32maudit: type=1131 audit(1784568837.079:667): pid=1 uid=0 auid=4294967295 ses=4294967295 subj=system_u:system_r:init_t:s0 msg='unit=systemd-fsck@dev-disk-by\x2duuid-7fdf5235\x2d8f1f\x2d4409\x2da05b\x2db2704a0cb280 comm="systemd" exe="/usr/lib/systemd/systemd" hostname=? addr=? terminal=? res=success'[0m
[[0;32m  OK  [0m] Removed slice [0;1;39msystem-systemd\x2dfs…slice[0m - Slice /system/systemd-fsck.
[[0;32m  OK  [0m] Stopped target [0;1;39mlocal-fs-pre.target[0m…Preparation for Local File Systems.
         Stopping [0;1;39mlvm2-monitor.service[0m - Mo…ing dmeventd or progress polling...
[[0;32m  OK  [0m] Stopped [0;1;39msystemd-tmpfiles-setup-dev…[0mCreate Static Device Nodes in /dev.
[[0;32m  OK  [0m] Stopped [0;1;39msystemd-sysusers.service[0m - Create System Users.
[[0;32m  OK  [0m] Stopped [0;1;39msystemd-tmpfiles-setup-dev…[0mic Device Nodes in /dev gracefully.
[0;21;32maudit: type=1131 audit(1784568837.098:668): pid=1 uid=0 auid=4294967295 ses=4294967295 subj=system_u:system_r:init_t:s0 msg='unit=systemd-tmpfiles-setup-dev comm="systemd" exe="/usr/lib/systemd/systemd" hostname=? addr=? terminal=? res=success'[0m
[0;21;32maudit: type=1131 audit(1784568837.099:669): pid=1 uid=0 auid=4294967295 ses=4294967295 subj=system_u:system_r:init_t:s0 msg='unit=systemd-sysusers comm="systemd" exe="/usr/lib/systemd/systemd" hostname=? addr=? terminal=? res=success'[0m
[0;21;32maudit: type=1131 audit(1784568837.099:670): pid=1 uid=0 auid=4294967295 ses=4294967295 subj=system_u:system_r:init_t:s0 msg='unit=systemd-tmpfiles-setup-dev-early comm="systemd" exe="/usr/lib/systemd/systemd" hostname=? addr=? terminal=? res=success'[0m
         Stopping [0;1;39msystemd-zram-setup@zram0.…vice[0m - Create swap on /dev/zram0...
[0;21;39mzram0: detected capacity change from 8110080 to 0[0m
[[0;32m  OK  [0m] Stopped [0;1;39msystemd-zram-setup@zram0.service[0m - Create swap on /dev/zram0.
[0;21;32maudit: type=1131 audit(1784568837.147:671): pid=1 uid=0 auid=4294967295 ses=4294967295 subj=system_u:system_r:init_t:s0 msg='unit=systemd-zram-setup@zram0 comm="systemd" exe="/usr/lib/systemd/systemd" hostname=? addr=? terminal=? res=success'[0m
[0;21;32maudit: type=1131 audit(1784568837.148:672): pid=1 uid=0 auid=4294967295 ses=4294967295 subj=system_u:system_r:init_t:s0 msg='unit=lvm2-monitor comm="systemd" exe="/usr/lib/systemd/systemd" hostname=? addr=? terminal=? res=success'[0m
[[0;32m  OK  [0m] Stopped [0;1;39mlvm2-monitor.service[0m - Mon…using dmeventd or progress polling.
[[0;32m  OK  [0m] Removed slice [0;1;39msystem-systemd\x2dzr…[0m- Slice /system/systemd-zram-setup.
[[0;32m  OK  [0m] Reached target [0;1;39mshutdown.target[0m - System Shutdown.
[[0;32m  OK  [0m] Reached target [0;1;39mfinal.target[0m - Late Shutdown Services.
[[0;32m  OK  [0m] Finished [0;1;39msystemd-reboot.service[0m - System Reboot.
[[0;32m  OK  [0m] Reached target [0;1;39mreboot.target[0m - System Reboot.
]3008;end=8cc4d9defbae43b0a1898cf8288f436c\[0;21;31mwatchdog: watchdog0: watchdog did not stop![0m
[0;21;39msystemd-shutdown[1]: Using hardware watchdog /dev/watchdog0: 'iTCO_wdt', version 2.[0m
[0;21;39msystemd-shutdown[1]: Watchdog running with a hardware timeout of 10min.[0m
[0;21;39msystemd-shutdown[1]: Syncing filesystems and block devices.[0m
[0;21;39msystemd-shutdown[1]: Sending SIGTERM to remaining processes...[0m
[0;21;39msystemd-journald[678]: Received SIGTERM from PID 1 (systemd-shutdow).[0m
[  371.157557] systemd-shutdown[1]: Sending SIGKILL to remaining processes...
[  371.164156] systemd-shutdown[1]: Unmounting file systems.
[  371.166913] (sd-remount)[4697]: Remounting '/usr' read-only with options 'seclabel,lowerdir=usr,upperdir=/proc/self/fd/12/upper,workdir=/proc/self/fd/12/work,uuid=on'.
[  371.201244] (sd-remount)[4699]: Remounting '/var' read-only with options 'seclabel,discard=async,space_cache=v2,subvolid=257,subvol=/root'.
[  371.211782] (sd-umount)[4701]: Unmounting '/var'.
[  371.213704] (sd-umount)[4702]: Unmounting '/run/credentials/systemd-journald.service'.
[  371.218032] (sd-remount)[4703]: Remounting '/sysroot' read-only with options 'seclabel,discard=async,space_cache=v2,subvolid=257,subvol=/root'.
[  371.221778] (sd-umount)[4704]: Unmounting '/sysroot'.
[  371.224675] (sd-remount)[4705]: Remounting '/etc' read-only with options 'seclabel,discard=async,space_cache=v2,subvolid=257,subvol=/root'.
[  371.228090] (sd-umount)[4706]: Unmounting '/etc'.
[  371.229700] systemd-shutdown[1]: All filesystems unmounted.
[  371.231047] systemd-shutdown[1]: Deactivating swaps.
[  371.232268] systemd-shutdown[1]: All swaps deactivated.
[  371.233590] systemd-shutdown[1]: Detaching loop devices.
[  371.235207] systemd-shutdown[1]: All loop devices detached.
[  371.236563] systemd-shutdown[1]: Stopping MD devices.
[  371.238232] systemd-shutdown[1]: All MD devices stopped.
[  371.239482] systemd-shutdown[1]: Detaching DM devices.
[  371.240784] systemd-shutdown[1]: All DM devices detached.
[  371.242074] systemd-shutdown[1]: All filesystems, swaps, loop devices, MD devices and DM devices detached.
[  371.244290] watchdog: watchdog0: watchdog did not stop!
[  371.251966] systemd-shutdown[1]: Syncing filesystems and block devices.
[  371.253670] systemd-shutdown[1]: Rebooting.
[  371.271952] Console: switching to colour dummy device 80x25
[  371.292344] ACPI: PM: Preparing to enter system sleep state S5
[  371.294291] kvm: exiting hardware virtualization
[  371.295883] reboot: Restarting system
[  371.296741] reboot: machine restart
[2J[001;001H[=3h[2J[001;001H[2J[001;001H[8;056;240t[2J[001;001H[2J[001;001H[=3h[2J[001;001H[2J[001;001H[8;042;160t[2J[001;001HBdsDxe: loading Boot0002 "Bazzite" from HD(1,GPT,48E1E3E3-E014-49D3-A5C9-B6A962B829F9,0x800,0x12C000)/\EFI\fedora\shimx64.efi
BdsDxe: starting Boot0002 "Bazzite" from HD(1,GPT,48E1E3E3-E014-49D3-A5C9-B6A962B829F9,0x800,0x12C000)/\EFI\fedora\shimx64.efi
[0m[30m[40m[2J[001;001H[0m[37m[40m[002;072HGRUB version 2.12

[004;002H┌────────────────────────────────────────────────────────────────────────────────────────────────────────────────────────────────────────────────────────────┐[005;002H│[005;159H│[006;002H│[006;159H│[007;002H│[007;159H│[008;002H│[008;159H│[009;002H│[009;159H│[010;002H│[010;159H│[011;002H│[011;159H│[012;002H│[012;159H│[013;002H│[013;159H│[014;002H│[014;159H│[015;002H│[015;159H│[016;002H│[016;159H│[017;002H│[017;159H│[018;002H│[018;159H│[019;002H│[019;159H│[020;002H│[020;159H│[021;002H│[021;159H│[022;002H│[022;159H│[023;002H│[023;159H│[024;002H│[024;159H│[025;002H│[025;159H│[026;002H│[026;159H│[027;002H│[027;159H│[028;002H│[028;159H│[029;002H│[029;159H│[030;002H│[030;159H│[031;002H│[031;159H│[032;002H│[032;159H│[033;002H│[033;159H│[034;002H│[034;159H│[035;002H│[035;159H│[036;002H└────────────────────────────────────────────────────────────────────────────────────────────────────────────────────────────────────────────────────────────┘[037;002H[038;002H     Use the ▲ and ▼ keys to select which entry is highlighted.                                                                                          
      Press enter to boot the selected OS, `e' to edit the commands before booting or `c' for a command-line. ESC to return previous menu.                [005;160H [0m[30m[47m[005;003H*Bazzite (ostree:0)                                                                                                                                         [0m[37m[40m[005;158H[006;003H Bazzite (ostree:1)                                                                                                                                         [006;158H[007;003H UEFI Firmware Settings                                                                                                                                     [007;158H[008;003H                                                                                                                                                            [008;158H[009;003H                                                                                                                                                            [009;158H[010;003H                                                                                                                                                            [010;158H[011;003H                                                                                                                                                            [011;158H[012;003H                                                                                                                                                            [012;158H[013;003H                                                                                                                                                            [013;158H[014;003H                                                                                                                                                            [014;158H[015;003H                                                                                                                                                            [015;158H[016;003H                                                                                                                                                            [016;158H[017;003H                                                                                                                                                            [017;158H[018;003H                                                                                                                                                            [018;158H[019;003H                                                                                                                                                            [019;158H[020;003H                                                                                                                                                            [020;158H[021;003H                                                                                                                                                            [021;158H[022;003H                                                                                                                                                            [022;158H[023;003H                                                                                                                                                            [023;158H[024;003H                                                                                                                                                            [024;158H[025;003H                                                                                                                                                            [025;158H[026;003H                                                                                                                                                            [026;158H[027;003H                                                                                                                                                            [027;158H[028;003H                                                                                                                                                            [028;158H[029;003H                                                                                                                                                            [029;158H[030;003H                                                                                                                                                            [030;158H[031;003H                                                                                                                                                            [031;158H[032;003H                                                                                                                                                            [032;158H[033;003H                                                                                                                                                            [033;158H[034;003H                                                                                                                                                            [034;158H[035;003H                                                                                                                                                            [035;158H[035;160H [005;158H[040;001H   The highlighted entry will be executed automatically in 1s.                                                                                                 [005;158H[040;001H   The highlighted entry will be executed automatically in 0s.                                                                                                 [005;158H[0m[30m[40m[2J[001;001H[0m[37m[40m[0m[30m[40m[2J[001;001H[0m[37m[40m  Booting `Bazzite (ostree:0)'

[    0.000000] Linux version 7.1.3-ogc3.4.fc44.x86_64 (root@b94170d5dfd0) (gcc (GCC) 16.1.1 20260515 (Red Hat 16.1.1-2), GNU ld version 2.46-3.fc44) #1 SMP PREEMPT_DYNAMIC Fri Jul 10 04:06:08 UTC 2026
[    0.000000] Command line: BOOT_IMAGE=(hd0,gpt2)/ostree/default-a68fdf669824e7bea84f6339c1b0a162c5382aa3213bb37b639d9879f3bc9dc0/vmlinuz-7.1.3-ogc3.4.fc44.x86_64 ostree=/ostree/boot.0/default/a68fdf669824e7bea84f6339c1b0a162c5382aa3213bb37b639d9879f3bc9dc0/0 console=tty0 console=ttyS0,115200 root=UUID=16d6e9ea-19b9-4095-9bf1-4c3c4973c5b8 vconsole.keymap=us rootflags=subvol=root rw bluetooth.disable_ertm=1
[    0.000000] BIOS-provided physical RAM map:
[    0.000000] BIOS-e820: [mem 0x0000000000000000-0x000000000009ffff]  System RAM
[    0.000000] BIOS-e820: [gap 0x00000000000a0000-0x00000000000fffff]
[    0.000000] BIOS-e820: [mem 0x0000000000100000-0x00000000007fffff]  System RAM
[    0.000000] BIOS-e820: [mem 0x0000000000800000-0x0000000000807fff]  ACPI NVS
[    0.000000] BIOS-e820: [mem 0x0000000000808000-0x000000000080afff]  System RAM
[    0.000000] BIOS-e820: [mem 0x000000000080b000-0x000000000080bfff]  ACPI NVS
[    0.000000] BIOS-e820: [mem 0x000000000080c000-0x0000000000811fff]  System RAM
[    0.000000] BIOS-e820: [mem 0x0000000000812000-0x0000000000812fff]  device reserved
[    0.000000] BIOS-e820: [mem 0x0000000000813000-0x0000000000813fff]  System RAM
[    0.000000] BIOS-e820: [mem 0x0000000000814000-0x00000000008fffff]  ACPI NVS
[    0.000000] BIOS-e820: [mem 0x0000000000900000-0x000000007def9fff]  System RAM
[    0.000000] BIOS-e820: [mem 0x000000007defa000-0x000000007defbfff]  device reserved
[    0.000000] BIOS-e820: [mem 0x000000007defc000-0x000000007f8ecfff]  System RAM
[    0.000000] BIOS-e820: [mem 0x000000007f8ed000-0x000000007fb6cfff]  device reserved
[    0.000000] BIOS-e820: [mem 0x000000007fb6d000-0x000000007fb7efff]  ACPI data
[    0.000000] BIOS-e820: [mem 0x000000007fb7f000-0x000000007fbfefff]  ACPI NVS
[    0.000000] BIOS-e820: [mem 0x000000007fbff000-0x000000007ff1ffff]  System RAM
[    0.000000] BIOS-e820: [mem 0x000000007ff20000-0x000000007ff3ffff]  device reserved
[    0.000000] BIOS-e820: [mem 0x000000007ff40000-0x000000007fffffff]  ACPI NVS
[    0.000000] BIOS-e820: [gap 0x0000000080000000-0x00000000dfffffff]
[    0.000000] BIOS-e820: [mem 0x00000000e0000000-0x00000000efffffff]  device reserved
[    0.000000] BIOS-e820: [gap 0x00000000f0000000-0x00000000feffbfff]
[    0.000000] BIOS-e820: [mem 0x00000000feffc000-0x00000000feffffff]  device reserved
[    0.000000] BIOS-e820: [gap 0x00000000ff000000-0x00000000ffdfffff]
[    0.000000] BIOS-e820: [mem 0x00000000ffe00000-0x00000000ffffffff]  device reserved
[    0.000000] BIOS-e820: [mem 0x0000000100000000-0x000000027fffffff]  System RAM
[    0.000000] BIOS-e820: [gap 0x0000000280000000-0x000000fcffffffff]
[    0.000000] BIOS-e820: [mem 0x000000fd00000000-0x000000ffffffffff]  device reserved
[    0.000000] NX (Execute Disable) protection: active
[    0.000000] APIC: Static calls initialized
[    0.000000] efi: EFI v2.7 by EDK II
[    0.000000] efi: SMBIOS=0x7f8f0000 ACPI=0x7fb7e000 ACPI 2.0=0x7fb7e014 MEMATTR=0x7def7018 MOKvar=0x7defa000 RNG=0x7fb73018 
[    0.000000] random: crng init done
[    0.000000] efi: Remove mem114: MMIO range=[0xffe00000-0xffffffff] (2MB) from e820 map
[    0.000000] DMI: SMBIOS 2.8 present.
[    0.000000] DMI: QEMU Standard PC (Q35 + ICH9, 2009), BIOS edk2-20260508-6.fc44 05/08/2026
[    0.000000] DMI: Memory slots populated: 1/1
[    0.000000] Hypervisor detected: KVM
[    0.000000] last_pfn = 0x7ff20 max_arch_pfn = 0x400000000
[    0.000000] kvm-clock: Using msrs 4b564d01 and 4b564d00
[    0.000000] kvm-clock: using sched offset of 1895699229375 cycles
[    0.000002] clocksource: kvm-clock: mask: 0xffffffffffffffff max_cycles: 0x1cd42e4dffb, max_idle_ns: 881590591483 ns
[    0.000004] tsc: Detected 4099.996 MHz processor
[    0.000106] last_pfn = 0x280000 max_arch_pfn = 0x400000000
[    0.000142] MTRR map: 4 entries (2 fixed + 2 variable; max 18), built from 8 variable MTRRs
[    0.000145] x86/PAT: Configuration [0-7]: WB  WC  UC- UC  WB  WP  UC- WT  
[    0.000193] last_pfn = 0x7ff20 max_arch_pfn = 0x400000000
[    0.003999] Using GB pages for direct mapping
[    0.004294] Secure boot disabled
[    0.004295] RAMDISK: [mem 0x65837000-0x74888fff]
[    0.004299] ACPI: Early table checksum verification disabled
[    0.004301] ACPI: RSDP 0x000000007FB7E014 000024 (v02 BOCHS )
[    0.004304] ACPI: XSDT 0x000000007FB7D0E8 000054 (v01 BOCHS  BXPC     00000001      01000013)
[    0.004308] ACPI: FACP 0x000000007FB79000 0000F4 (v03 BOCHS  BXPC     00000001 BXPC 00000001)
[    0.004313] ACPI: DSDT 0x000000007FB7A000 002379 (v01 BOCHS  BXPC     00000001 BXPC 00000001)
[    0.004317] ACPI: FACS 0x000000007FBDD000 000040
[    0.004321] ACPI: APIC 0x000000007FB78000 0000B0 (v03 BOCHS  BXPC     00000001 BXPC 00000001)
[    0.004324] ACPI: HPET 0x000000007FB77000 000038 (v01 BOCHS  BXPC     00000001 BXPC 00000001)
[    0.004327] ACPI: MCFG 0x000000007FB76000 00003C (v01 BOCHS  BXPC     00000001 BXPC 00000001)
[    0.004331] ACPI: WAET 0x000000007FB75000 000028 (v01 BOCHS  BXPC     00000001 BXPC 00000001)
[    0.004334] ACPI: BGRT 0x000000007FB74000 000038 (v01 INTEL  EDK2     00000002      01000013)
[    0.004335] ACPI: Reserving FACP table memory at [mem 0x7fb79000-0x7fb790f3]
[    0.004337] ACPI: Reserving DSDT table memory at [mem 0x7fb7a000-0x7fb7c378]
[    0.004337] ACPI: Reserving FACS table memory at [mem 0x7fbdd000-0x7fbdd03f]
[    0.004338] ACPI: Reserving APIC table memory at [mem 0x7fb78000-0x7fb780af]
[    0.004338] ACPI: Reserving HPET table memory at [mem 0x7fb77000-0x7fb77037]
[    0.004339] ACPI: Reserving MCFG table memory at [mem 0x7fb76000-0x7fb7603b]
[    0.004339] ACPI: Reserving WAET table memory at [mem 0x7fb75000-0x7fb75027]
[    0.004340] ACPI: Reserving BGRT table memory at [mem 0x7fb74000-0x7fb74037]
[    0.004835] No NUMA configuration found
[    0.004837] Faking a node at [mem 0x0000000000000000-0x000000027fffffff]
[    0.004846] NODE_DATA(0) allocated [mem 0x27ffd4f80-0x27fffffff]
[    0.005778] ACPI: PM-Timer IO Port: 0x608
[    0.005790] ACPI: LAPIC_NMI (acpi_id[0xff] dfl dfl lint[0x1])
[    0.005812] IOAPIC[0]: apic_id 0, version 17, address 0xfec00000, GSI 0-23
[    0.005815] ACPI: INT_SRC_OVR (bus 0 bus_irq 0 global_irq 2 dfl dfl)
[    0.005816] ACPI: INT_SRC_OVR (bus 0 bus_irq 5 global_irq 5 high level)
[    0.005817] ACPI: INT_SRC_OVR (bus 0 bus_irq 9 global_irq 9 high level)
[    0.005818] ACPI: INT_SRC_OVR (bus 0 bus_irq 10 global_irq 10 high level)
[    0.005819] ACPI: INT_SRC_OVR (bus 0 bus_irq 11 global_irq 11 high level)
[    0.005821] ACPI: Using ACPI (MADT) for SMP configuration information
[    0.005822] ACPI: HPET id: 0x8086a201 base: 0xfed00000
[    0.005841] TSC deadline timer available
[    0.005843] CPU topo: Max. logical packages:   1
[    0.005844] CPU topo: Max. logical nodes:      1
[    0.005845] CPU topo: Num. nodes per package:  1
[    0.005846] CPU topo: Max. logical dies:       1
[    0.005847] CPU topo: Max. dies per package:   1
[    0.005850] CPU topo: Max. threads per core:   1
[    0.005850] CPU topo: Num. cores per package:     8
[    0.005850] CPU topo: Num. threads per package:   8
[    0.005851] CPU topo: Allowing 8 present CPUs plus 0 hotplug CPUs
[    0.005864] kvm-guest: APIC: eoi() replaced with kvm_guest_apic_eoi_write()
[    0.005875] kvm-guest: KVM setup pv remote TLB flush
[    0.005878] kvm-guest: setup PV sched yield
[    0.005892] PM: hibernation: Registered nosave memory: [mem 0x00000000-0x00000fff]
[    0.005893] PM: hibernation: Registered nosave memory: [mem 0x000a0000-0x000fffff]
[    0.005895] PM: hibernation: Registered nosave memory: [mem 0x00800000-0x00807fff]
[    0.005896] PM: hibernation: Registered nosave memory: [mem 0x0080b000-0x0080bfff]
[    0.005897] PM: hibernation: Registered nosave memory: [mem 0x00812000-0x00812fff]
[    0.005898] PM: hibernation: Registered nosave memory: [mem 0x00814000-0x008fffff]
[    0.005899] PM: hibernation: Registered nosave memory: [mem 0x7defa000-0x7defbfff]
[    0.005900] PM: hibernation: Registered nosave memory: [mem 0x7df06000-0x7df0efff]
[    0.005901] PM: hibernation: Registered nosave memory: [mem 0x7f8ed000-0x7fbfefff]
[    0.005902] PM: hibernation: Registered nosave memory: [mem 0x7ff20000-0xffffffff]
[    0.005903] [gap 0x80000000-0xdfffffff] available for PCI devices
[    0.005904] Booting paravirtualized kernel on KVM
[    0.005906] clocksource: refined-jiffies: mask: 0xffffffff max_cycles: 0xffffffff, max_idle_ns: 1910969940391419 ns
[    0.011855] Zone ranges:
[    0.011856]   DMA      [mem 0x0000000000001000-0x0000000000ffffff]
[    0.011857]   DMA32    [mem 0x0000000001000000-0x00000000ffffffff]
[    0.011858]   Normal   [mem 0x0000000100000000-0x000000027fffffff]
[    0.011859]   Device   empty
[    0.011860] Movable zone start for each node
[    0.011861] Early memory node ranges
[    0.011862]   node   0: [mem 0x0000000000001000-0x000000000009ffff]
[    0.011863]   node   0: [mem 0x0000000000100000-0x00000000007fffff]
[    0.011863]   node   0: [mem 0x0000000000808000-0x000000000080afff]
[    0.011864]   node   0: [mem 0x000000000080c000-0x0000000000811fff]
[    0.011864]   node   0: [mem 0x0000000000813000-0x0000000000813fff]
[    0.011865]   node   0: [mem 0x0000000000900000-0x000000007def9fff]
[    0.011865]   node   0: [mem 0x000000007defc000-0x000000007f8ecfff]
[    0.011866]   node   0: [mem 0x000000007fbff000-0x000000007ff1ffff]
[    0.011866]   node   0: [mem 0x0000000100000000-0x000000027fffffff]
[    0.011868] Initmem setup node 0 [mem 0x0000000000001000-0x000000027fffffff]
[    0.011879] On node 0, zone DMA: 1 pages in unavailable ranges
[    0.011932] On node 0, zone DMA: 96 pages in unavailable ranges
[    0.011935] On node 0, zone DMA: 8 pages in unavailable ranges
[    0.011936] On node 0, zone DMA: 1 pages in unavailable ranges
[    0.011936] On node 0, zone DMA: 1 pages in unavailable ranges
[    0.011997] On node 0, zone DMA: 236 pages in unavailable ranges
[    0.027051] On node 0, zone DMA32: 2 pages in unavailable ranges
[    0.027101] On node 0, zone DMA32: 786 pages in unavailable ranges
[    0.072477] On node 0, zone Normal: 224 pages in unavailable ranges
[    0.072493] setup_percpu: NR_CPUS:8192 nr_cpumask_bits:8 nr_cpu_ids:8 nr_node_ids:1
[    0.074421] percpu: Embedded 85 pages/cpu s225280 r8192 d114688 u524288
[    0.074471] kvm-guest: PV spinlocks enabled
[    0.074473] PV qspinlock hash table entries: 256 (order: 0, 4096 bytes, linear)
[    0.074475] Kernel command line: BOOT_IMAGE=(hd0,gpt2)/ostree/default-a68fdf669824e7bea84f6339c1b0a162c5382aa3213bb37b639d9879f3bc9dc0/vmlinuz-7.1.3-ogc3.4.fc44.x86_64 ostree=/ostree/boot.0/default/a68fdf669824e7bea84f6339c1b0a162c5382aa3213bb37b639d9879f3bc9dc0/0 console=tty0 console=ttyS0,115200 root=UUID=16d6e9ea-19b9-4095-9bf1-4c3c4973c5b8 vconsole.keymap=us rootflags=subvol=root rw bluetooth.disable_ertm=1
[    0.074697] Unknown kernel command line parameters "ostree=/ostree/boot.0/default/a68fdf669824e7bea84f6339c1b0a162c5382aa3213bb37b639d9879f3bc9dc0/0", will be passed to user space.
[    0.074892] printk: log buffer data + meta data: 262144 + 1114112 = 1376256 bytes
[    0.078598] Dentry cache hash table entries: 1048576 (order: 11, 8388608 bytes, linear)
[    0.080477] Inode-cache hash table entries: 524288 (order: 10, 4194304 bytes, linear)
[    0.080565] software IO TLB: area num 8.
[    0.094133] Fallback order for Node 0: 0 
[    0.094139] Built 1 zonelists, mobility grouping on.  Total pages: 2095797
[    0.094140] Policy zone: Normal
[    0.095212] mem auto-init: stack:all(zero), heap alloc:on, heap free:off
[    0.106380] SLUB: HWalign=64, Order=0-3, MinObjects=0, CPUs=8, Nodes=1
[    0.116780] ftrace: allocating 64544 entries in 254 pages
[    0.116782] ftrace: allocated 254 pages with 7 groups
[    0.117624] Dynamic Preempt: lazy
[    0.117761] rcu: Preemptible hierarchical RCU implementation.
[    0.117762] rcu: 	RCU event tracing is enabled.
[    0.117763] rcu: 	RCU restricting CPUs from NR_CPUS=8192 to nr_cpu_ids=8.
[    0.117764] 	Trampoline variant of Tasks RCU enabled.
[    0.117765] 	Rude variant of Tasks RCU enabled.
[    0.117765] 	Tracing variant of Tasks RCU enabled.
[    0.117766] rcu: RCU calculated value of scheduler-enlistment delay is 100 jiffies.
[    0.117766] rcu: Adjusting geometry for rcu_fanout_leaf=16, nr_cpu_ids=8
[    0.117781] RCU Tasks: Setting shift to 3 and lim to 1 rcu_task_cb_adjust=1 rcu_task_cpu_ids=8.
[    0.117782] RCU Tasks Rude: Setting shift to 3 and lim to 1 rcu_task_cb_adjust=1 rcu_task_cpu_ids=8.
[    0.122027] NR_IRQS: 524544, nr_irqs: 488, preallocated irqs: 16
[    0.122273] rcu: srcu_init: Setting srcu_struct sizes based on contention.
[    0.122451] kfence: initialized - using 2097152 bytes for 255 objects at 0x(____ptrval____)-0x(____ptrval____)
[    0.122555] Console: colour dummy device 80x25
[    0.122558] printk: legacy console [tty0] enabled
[    0.122808] printk: legacy console [ttyS0] enabled
[    0.454982] ACPI: Core revision 20251212
[    0.456406] clocksource: hpet: mask: 0xffffffff max_cycles: 0xffffffff, max_idle_ns: 19112604467 ns
[    0.459204] APIC: Switch to symmetric I/O mode setup
[    0.460849] x2apic enabled
[    0.461921] APIC: Switched APIC routing to: physical x2apic
[    0.463619] kvm-guest: APIC: send_IPI_mask() replaced with kvm_send_ipi_mask()
[    0.465773] kvm-guest: APIC: send_IPI_mask_allbutself() replaced with kvm_send_ipi_mask_allbutself()
[    0.468493] kvm-guest: setup PV IPIs
[    0.470438] ..TIMER: vector=0x30 apic1=0 pin1=2 apic2=-1 pin2=-1
[    0.472238] clocksource: tsc-early: mask: 0xffffffffffffffff max_cycles: 0x3b195b6e39b, max_idle_ns: 440795394037 ns
[    0.475325] Calibrating delay loop (skipped) preset value.. 8199.99 BogoMIPS (lpj=4099996)
[    0.476447] x86/cpu: User Mode Instruction Prevention (UMIP) activated
[    0.477437] Last level iTLB entries: 4KB 512, 2MB 255, 4MB 127
[    0.478328] Last level dTLB entries: 4KB 512, 2MB 255, 4MB 127, 1GB 0
[    0.479334] mitigations: Enabled attack vectors: user_kernel, user_user, guest_host, guest_guest, SMT mitigations: auto
[    0.480329] Speculative Store Bypass: Mitigation: Speculative Store Bypass disabled via prctl
[    0.481329] Transient Scheduler Attacks: Mitigation: Clear CPU buffers
[    0.482328] Spectre V2 : Mitigation: Enhanced / Automatic IBRS
[    0.483328] Speculative Return Stack Overflow: Mitigation: Safe RET
[    0.484328] Spectre V1 : Mitigation: usercopy/swapgs barriers and __user pointer sanitization
[    0.485334] Spectre V2 : mitigation: Enabling conditional Indirect Branch Prediction Barrier
[    0.486329] active return thunk: srso_alias_return_thunk
[    0.487353] x86/fpu: Supporting XSAVE feature 0x001: 'x87 floating point registers'
[    0.488328] x86/fpu: Supporting XSAVE feature 0x002: 'SSE registers'
[    0.489328] x86/fpu: Supporting XSAVE feature 0x004: 'AVX registers'
[    0.490328] x86/fpu: Supporting XSAVE feature 0x020: 'AVX-512 opmask'
[    0.491328] x86/fpu: Supporting XSAVE feature 0x040: 'AVX-512 Hi256'
[    0.492328] x86/fpu: Supporting XSAVE feature 0x080: 'AVX-512 ZMM_Hi256'
[    0.493332] x86/fpu: Supporting XSAVE feature 0x200: 'Protection Keys User registers'
[    0.494329] x86/fpu: xstate_offset[2]:  576, xstate_sizes[2]:  256
[    0.495328] x86/fpu: xstate_offset[5]:  832, xstate_sizes[5]:   64
[    0.496328] x86/fpu: xstate_offset[6]:  896, xstate_sizes[6]:  512
[    0.497328] x86/fpu: xstate_offset[7]: 1408, xstate_sizes[7]: 1024
[    0.498328] x86/fpu: xstate_offset[9]: 2432, xstate_sizes[9]:    8
[    0.499328] x86/fpu: Enabled xstate features 0x2e7, context size is 2440 bytes, using 'compacted' format.
[    0.528597] pid_max: default: 32768 minimum: 301
[    0.529474] Yama: becoming mindful.
[    0.530335] SELinux:  Initializing.
[    0.532707] LSM support for eBPF active
[    0.533355] landlock: Up and running.
[    0.534492] Mount-cache hash table entries: 16384 (order: 5, 131072 bytes, linear)
[    0.535391] Mountpoint-cache hash table entries: 16384 (order: 5, 131072 bytes, linear)
[    0.536525] VFS: Finished mounting rootfs on nullfs
[    0.537931] smpboot: CPU0: AMD Ryzen 7 8700F 8-Core Processor (family: 0x19, model: 0x75, stepping: 0x2)
[    0.538751] Performance Events: Fam17h+ core perfctr, AMD PMU driver.
[    0.539339] ... version:                   2
[    0.540330] ... bit width:                 48
[    0.541330] ... generic counters:          6
[    0.542330] ... generic bitmap:            000000000000003f
[    0.543331] ... fixed-purpose counters:    0
[    0.544330] ... fixed-purpose bitmap:      0000000000000000
[    0.545331] ... value mask:                0000ffffffffffff
[    0.546331] ... max period:                00007fffffffffff
[    0.547331] ... global_ctrl mask:          000000000000003f
[    0.548447] signal: max sigframe size: 3376
[    0.549379] rcu: Hierarchical SRCU implementation.
[    0.550335] rcu: 	Max phase no-delay instances is 400.
[    0.551447] Timer migration: 1 hierarchy levels; 8 children per group; 1 crossnode level
[    0.557798] smp: Bringing up secondary CPUs ...
[    0.558560] smpboot: x86: Booting SMP configuration:
[    0.559340] .... node  #0, CPUs:      #1 #2 #3 #4 #5 #6 #7
[    0.563366] smp: Brought up 1 node, 8 CPUs
[    0.565334] smpboot: Total of 8 processors activated (65599.93 BogoMIPS)
[    0.566978] Memory: 7798272K/8383188K available (24368K kernel code, 4756K rwdata, 18752K rodata, 5300K init, 4316K bss, 572424K reserved, 0K cma-reserved)
[    0.567580] devtmpfs: initialized
[    0.568467] x86/mm: Memory block size: 128MB
[    0.570836] ACPI: PM: Registering ACPI NVS region [mem 0x00800000-0x00807fff] (32768 bytes)
[    0.571333] ACPI: PM: Registering ACPI NVS region [mem 0x0080b000-0x0080bfff] (4096 bytes)
[    0.572333] ACPI: PM: Registering ACPI NVS region [mem 0x00814000-0x008fffff] (966656 bytes)
[    0.573354] ACPI: PM: Registering ACPI NVS region [mem 0x7fb7f000-0x7fbfefff] (524288 bytes)
[    0.574346] ACPI: PM: Registering ACPI NVS region [mem 0x7ff40000-0x7fffffff] (786432 bytes)
[    0.575562] clocksource: jiffies: mask: 0xffffffff max_cycles: 0xffffffff, max_idle_ns: 1911260446275000 ns
[    0.576381] posixtimers hash table entries: 4096 (order: 4, 65536 bytes, linear)
[    0.577398] futex hash table entries: 2048 (131072 bytes on 1 NUMA nodes, total 128 KiB, linear).
[    0.578475] xor: automatically using best checksumming function   avx       
[    0.579737] PM: RTC time: 17:34:02, date: 2026-07-20
[    0.581763] NET: Registered PF_NETLINK/PF_ROUTE protocol family
[    0.583054] DMA: preallocated 1024 KiB GFP_KERNEL pool for atomic allocations
[    0.583794] DMA: preallocated 1024 KiB GFP_KERNEL|GFP_DMA pool for atomic allocations
[    0.584808] DMA: preallocated 1024 KiB GFP_KERNEL|GFP_DMA32 pool for atomic allocations
[    0.585344] audit: initializing netlink subsys (disabled)
[    0.586372] audit: type=2000 audit(1784568842.104:1): state=initialized audit_enabled=0 res=1
[    0.586503] thermal_sys: Registered thermal governor 'fair_share'
[    0.587332] thermal_sys: Registered thermal governor 'bang_bang'
[    0.588331] thermal_sys: Registered thermal governor 'step_wise'
[    0.589331] thermal_sys: Registered thermal governor 'user_space'
[    0.590343] cpuidle: using governor menu
[    0.593510] Freeing SMP alternatives memory: 60K
[    0.596600] efi: Freeing EFI boot services memory: 44748K
[    0.597333] acpiphp: ACPI Hot Plug PCI Controller Driver version: 0.5
[    0.598571] PCI: ECAM [mem 0xe0000000-0xefffffff] (base 0xe0000000) for domain 0000 [bus 00-ff]
[    0.599343] PCI: Using configuration type 1 for base access
[    0.600430] virt/tdx: TDX not supported by the host platform
[    0.601386] kprobes: kprobe jump-optimization is enabled. All kprobes are optimized if possible.
[    0.602574] HugeTLB: registered 1.00 GiB page size, pre-allocated 0 pages
[    0.603336] HugeTLB: 16380 KiB vmemmap can be freed for a 1.00 GiB page
[    0.604340] HugeTLB: registered 2.00 MiB page size, pre-allocated 0 pages
[    0.605331] HugeTLB: 28 KiB vmemmap can be freed for a 2.00 MiB page
[    0.610118] raid6: skipped pq benchmark and selected avx512x4
[    0.610332] raid6: using avx512x2 recovery algorithm
[    0.611448] fbcon: Taking over console
[    0.612370] ACPI: Added _OSI(Module Device)
[    0.612371] ACPI: Added _OSI(Processor Device)
[    0.612373] ACPI: Added _OSI(Processor Aggregator Device)
[    0.614323] ACPI: 1 ACPI AML tables successfully acquired and loaded
[    0.619506] ACPI: \_SB_: platform _OSC: OS support mask [006e7eff]
[    0.620566] ACPI: Interpreter enabled
[    0.621345] ACPI: PM: (supports S0 S3 S4 S5)
[    0.622331] ACPI: Using IOAPIC for interrupt routing
[    0.623508] PCI: Using host bridge windows from ACPI; if necessary, use "pci=nocrs" and report a bug
[    0.624333] PCI: Ignoring E820 reservations for host bridge windows
[    0.625476] ACPI: Enabled 2 GPEs in block 00 to 3F
[    0.630379] ACPI: PCI Root Bridge [PCI0] (domain 0000 [bus 00-ff])
[    0.631336] acpi PNP0A08:00: _OSC: OS supports [ExtendedConfig ASPM ClockPM Segments MSI EDR HPX-Type3]
[    0.632401] acpi PNP0A08:00: _OSC: platform does not support [PCIeHotplug LTR DPC]
[    0.633451] acpi PNP0A08:00: _OSC: OS now controls [SHPCHotplug PME AER PCIeCapability]
[    0.634630] PCI host bridge to bus 0000:00
[    0.635335] pci_bus 0000:00: root bus resource [io  0x0000-0x0cf7 window]
[    0.636332] pci_bus 0000:00: root bus resource [io  0x0d00-0xffff window]
[    0.637332] pci_bus 0000:00: root bus resource [mem 0x000a0000-0x000bffff window]
[    0.638332] pci_bus 0000:00: root bus resource [mem 0x80000000-0xdfffffff window]
[    0.639332] pci_bus 0000:00: root bus resource [mem 0xf0000000-0xfebfffff window]
[    0.640332] pci_bus 0000:00: root bus resource [mem 0x380000000000-0x3807ffffffff window]
[    0.641335] pci_bus 0000:00: root bus resource [bus 00-ff]
[    0.642422] pci 0000:00:00.0: [8086:29c0] type 00 class 0x060000 conventional PCI endpoint
[    0.644434] pci 0000:00:01.0: [1af4:1000] type 00 class 0x020000 conventional PCI endpoint
[    0.647277] pci 0000:00:01.0: BAR 0 [io  0x60e0-0x60ff]
[    0.647346] pci 0000:00:01.0: BAR 1 [mem 0x80845000-0x80845fff]
[    0.648386] pci 0000:00:01.0: BAR 4 [mem 0x380000000000-0x380000003fff 64bit pref]
[    0.649347] pci 0000:00:01.0: ROM [mem 0xfffc0000-0xffffffff pref]
[    0.651689] pci 0000:00:02.0: [1af4:1050] type 00 class 0x030000 conventional PCI endpoint
[    0.654406] pci 0000:00:02.0: BAR 0 [mem 0x80000000-0x807fffff pref]
[    0.655398] pci 0000:00:02.0: BAR 2 [mem 0x380000004000-0x380000007fff 64bit pref]
[    0.656347] pci 0000:00:02.0: BAR 4 [mem 0x80844000-0x80844fff]
[    0.657415] pci 0000:00:02.0: ROM [mem 0xffff0000-0xffffffff pref]
[    0.658570] pci 0000:00:02.0: Video device with shadowed ROM at [mem 0x000c0000-0x000dffff]
[    0.661041] pci 0000:00:03.0: [1af4:1052] type 00 class 0x098000 conventional PCI endpoint
[    0.662356] pci 0000:00:03.0: BAR 1 [mem 0x80843000-0x80843fff]
[    0.663387] pci 0000:00:03.0: BAR 4 [mem 0x380000008000-0x38000000bfff 64bit pref]
[    0.666117] pci 0000:00:04.0: [1af4:1052] type 00 class 0x090000 conventional PCI endpoint
[    0.668194] pci 0000:00:04.0: BAR 1 [mem 0x80842000-0x80842fff]
[    0.668386] pci 0000:00:04.0: BAR 4 [mem 0x38000000c000-0x38000000ffff 64bit pref]
[    0.670536] pci 0000:00:05.0: [1af4:1001] type 00 class 0x010000 conventional PCI endpoint
[    0.673299] pci 0000:00:05.0: BAR 0 [io  0x6000-0x607f]
[    0.673346] pci 0000:00:05.0: BAR 1 [mem 0x80841000-0x80841fff]
[    0.674386] pci 0000:00:05.0: BAR 4 [mem 0x380000010000-0x380000013fff 64bit pref]
[    0.676690] pci 0000:00:1f.0: [8086:2918] type 00 class 0x060100 conventional PCI endpoint
[    0.677999] pci 0000:00:1f.0: quirk: [io  0x0600-0x067f] claimed by ICH6 ACPI/GPIO/TCO
[    0.678780] pci 0000:00:1f.2: [8086:2922] type 00 class 0x010601 conventional PCI endpoint
[    0.680395] pci 0000:00:1f.2: BAR 4 [io  0x60c0-0x60df]
[    0.681346] pci 0000:00:1f.2: BAR 5 [mem 0x80840000-0x80840fff]
[    0.683013] pci 0000:00:1f.3: [8086:2930] type 00 class 0x0c0500 conventional PCI endpoint
[    0.683910] pci 0000:00:1f.3: BAR 4 [io  0x6080-0x60bf]
[    0.687929] ACPI: PCI: Interrupt link LNKA configured for IRQ 10
[    0.688490] ACPI: PCI: Interrupt link LNKB configured for IRQ 10
[    0.689472] ACPI: PCI: Interrupt link LNKC configured for IRQ 11
[    0.690475] ACPI: PCI: Interrupt link LNKD configured for IRQ 11
[    0.691477] ACPI: PCI: Interrupt link LNKE configured for IRQ 10
[    0.692475] ACPI: PCI: Interrupt link LNKF configured for IRQ 10
[    0.693490] ACPI: PCI: Interrupt link LNKG configured for IRQ 11
[    0.694472] ACPI: PCI: Interrupt link LNKH configured for IRQ 11
[    0.695392] ACPI: PCI: Interrupt link GSIA configured for IRQ 16
[    0.696351] ACPI: PCI: Interrupt link GSIB configured for IRQ 17
[    0.697351] ACPI: PCI: Interrupt link GSIC configured for IRQ 18
[    0.698347] ACPI: PCI: Interrupt link GSID configured for IRQ 19
[    0.699353] ACPI: PCI: Interrupt link GSIE configured for IRQ 20
[    0.700353] ACPI: PCI: Interrupt link GSIF configured for IRQ 21
[    0.701347] ACPI: PCI: Interrupt link GSIG configured for IRQ 22
[    0.702351] ACPI: PCI: Interrupt link GSIH configured for IRQ 23
[    0.704765] iommu: Default domain type: Translated
[    0.705332] iommu: DMA domain TLB invalidation policy: lazy mode
[    0.707513] SCSI subsystem initialized
[    0.708434] ACPI: bus type USB registered
[    0.709397] usbcore: registered new interface driver usbfs
[    0.710358] usbcore: registered new interface driver hub
[    0.711345] usbcore: registered new device driver usb
[    0.712396] pps_core: LinuxPPS API ver. 1 registered
[    0.713331] pps_core: Software ver. 5.3.6 - Copyright 2005-2007 Rodolfo Giometti <giometti@linux.it>
[    0.714337] PTP clock support registered
[    0.715371] EDAC MC: Ver: 3.0.0
[    0.716671] efivars: Registered efivars operations
[    0.717935] NetLabel: Initializing
[    0.718332] NetLabel:  domain hash size = 128
[    0.719331] NetLabel:  protocols = UNLABELED CIPSOv4 CALIPSO
[    0.720364] NetLabel:  unlabeled traffic allowed by default
[    0.721342] mctp: management component transport protocol core
[    0.722335] NET: Registered PF_MCTP protocol family
[    0.723371] PCI: Using ACPI for IRQ routing
[    0.833288] e820: register RAM buffer resource [mem 0x0080b000-0x008fffff]
[    0.833457] e820: register RAM buffer resource [mem 0x00812000-0x008fffff]
[    0.834333] e820: register RAM buffer resource [mem 0x00814000-0x008fffff]
[    0.835332] e820: register RAM buffer resource [mem 0x7defa000-0x7fffffff]
[    0.836332] e820: register RAM buffer resource [mem 0x7df06000-0x7fffffff]
[    0.837332] e820: register RAM buffer resource [mem 0x7f8ed000-0x7fffffff]
[    0.838332] e820: register RAM buffer resource [mem 0x7ff20000-0x7fffffff]
[    0.839579] pci 0000:00:02.0: vgaarb: setting as boot VGA device
[    0.840323] pci 0000:00:02.0: vgaarb: bridge control possible
[    0.840323] pci 0000:00:02.0: vgaarb: VGA device added: decodes=io+mem,owns=io+mem,locks=none
[    0.840330] vgaarb: loaded
[    0.841650] hpet0: at MMIO 0xfed00000, IRQs 2, 8, 0
[    0.842331] hpet0: 3 comparators, 64-bit 100.000000 MHz counter
[    0.846505] clocksource: Switched to clocksource kvm-clock
[    0.848561] VFS: Disk quotas dquot_6.6.0
[    0.849765] VFS: Dquot-cache hash table entries: 512 (order 0, 4096 bytes)
[    0.852214] acpi PNP0C01:00: Reserved [mem 0xe0000000-0xefffffff]
[    0.854047] pnp: PnP ACPI init
[    0.855575] pnp: PnP ACPI: found 4 devices
[    0.863912] clocksource: acpi_pm: mask: 0xffffff max_cycles: 0xffffff, max_idle_ns: 2085701024 ns
[    0.866690] NET: Registered PF_INET protocol family
[    0.868712] IP idents hash table entries: 131072 (order: 8, 1048576 bytes, linear)
[    0.890715] tcp_listen_portaddr_hash hash table entries: 4096 (order: 4, 65536 bytes, linear)
[    0.893334] Table-perturb hash table entries: 65536 (order: 6, 262144 bytes, linear)
[    0.895642] TCP established hash table entries: 65536 (order: 7, 524288 bytes, linear)
[    0.898073] TCP bind hash table entries: 65536 (order: 9, 2097152 bytes, linear)
[    0.900336] TCP: Hash tables configured (established 65536 bind 65536)
[    0.902366] MPTCP token hash table entries: 8192 (order: 6, 196608 bytes, linear)
[    0.904604] UDP hash table entries: 4096 (order: 6, 262144 bytes, linear)
[    0.906739] NET: Registered PF_UNIX/PF_LOCAL protocol family
[    0.908446] NET: Registered PF_XDP protocol family
[    0.909895] pci 0000:00:01.0: ROM [mem 0xfffc0000-0xffffffff pref]: can't claim; no compatible bridge window
[    0.912792] pci 0000:00:01.0: ROM [mem 0x80800000-0x8083ffff pref]: assigned
[    0.914876] pci_bus 0000:00: resource 4 [io  0x0000-0x0cf7 window]
[    0.916702] pci_bus 0000:00: resource 5 [io  0x0d00-0xffff window]
[    0.918530] pci_bus 0000:00: resource 6 [mem 0x000a0000-0x000bffff window]
[    0.920550] pci_bus 0000:00: resource 7 [mem 0x80000000-0xdfffffff window]
[    0.922571] pci_bus 0000:00: resource 8 [mem 0xf0000000-0xfebfffff window]
[    0.924593] pci_bus 0000:00: resource 9 [mem 0x380000000000-0x3807ffffffff window]
[    0.926963] PCI: CLS 0 bytes, default 64
[    0.928258] PCI-DMA: Using software bounce buffering for IO (SWIOTLB)
[    0.928417] Trying to unpack rootfs image as initramfs...
[    0.930169] software IO TLB: mapped [mem 0x0000000077e7e000-0x000000007be7e000] (64MB)
[    0.934266] clocksource: tsc: mask: 0xffffffffffffffff max_cycles: 0x3b195b6e39b, max_idle_ns: 440795394037 ns
[    0.944273] Initialise system trusted keyrings
[    0.945642] Key type blacklist registered
[    0.947122] workingset: timestamp_bits=36 (anon: 32) max_order=21 bucket_order=0 (anon: 0)
[    0.951588] integrity: Platform Keyring initialized
[    0.953097] integrity: Machine keyring initialized
[    0.954720] cryptd: max_cpu_qlen set to 1000
[    0.964660] NET: Registered PF_ALG protocol family
[    0.966115] Key type asymmetric registered
[    0.967360] Asymmetric key parser 'x509' registered
[    0.969571] Block layer SCSI generic (bsg) driver version 0.4 loaded (major 244)
[    0.972049] io scheduler mq-deadline registered
[    0.973418] io scheduler kyber registered
[    0.974642] io scheduler bfq registered
[    0.976201] atomic64_test: passed for x86-64 platform with CX8 and with SSE
[    0.978599] input: Power Button as /devices/platform/LNXPWRBN:00/input/input0
[    0.980804] ACPI: button: Power Button [PWRF]
[    0.984517] ACPI: \_SB_.GSIF: Enabled at IRQ 21
[    0.987516] ACPI: \_SB_.GSIG: Enabled at IRQ 22
[    0.991054] ACPI: \_SB_.GSIH: Enabled at IRQ 23
[    0.994011] ACPI: \_SB_.GSIE: Enabled at IRQ 20
[    0.998588] Serial: 8250/16550 driver, 32 ports, IRQ sharing enabled
[    1.001209] 00:03: ttyS0 at I/O 0x3f8 (irq = 4, base_baud = 115200) is a 16550A
[    1.006825] Non-volatile memory driver v1.3
[    1.008330] ACPI: bus type drm_connector registered
[    1.012337] virtio_blk virtio4: 8/0/0 default/read/poll queues
[    1.018262] virtio_blk virtio4: [vda] 134217728 512-byte logical blocks (68.7 GB/64.0 GiB)
[    1.022816]  vda: vda1 vda2 vda3
[    1.024983] ACPI: \_SB_.GSIA: Enabled at IRQ 16
[    1.027634] ahci 0000:00:1f.2: AHCI vers 0001.0000, 32 command slots, 1.5 Gbps, SATA mode
[    1.030206] ahci 0000:00:1f.2: 6/6 ports implemented (port mask 0x3f)
[    1.032097] ahci 0000:00:1f.2: flags: 64bit ncq only 
[    1.035578] scsi host0: ahci
[    1.037104] scsi host1: ahci
[    1.038444] scsi host2: ahci
[    1.039495] scsi host3: ahci
[    1.040685] scsi host4: ahci
[    1.041748] scsi host5: ahci
[    1.042702] ata1: SATA max UDMA/133 abar m4096@0x80840000 port 0x80840100 irq 33 lpm-pol 1
[    1.045157] ata2: SATA max UDMA/133 abar m4096@0x80840000 port 0x80840180 irq 33 lpm-pol 1
[    1.047589] ata3: SATA max UDMA/133 abar m4096@0x80840000 port 0x80840200 irq 33 lpm-pol 1
[    1.050037] ata4: SATA max UDMA/133 abar m4096@0x80840000 port 0x80840280 irq 33 lpm-pol 1
[    1.052489] ata5: SATA max UDMA/133 abar m4096@0x80840000 port 0x80840300 irq 33 lpm-pol 1
[    1.054934] ata6: SATA max UDMA/133 abar m4096@0x80840000 port 0x80840380 irq 33 lpm-pol 1
[    1.057697] CAN device driver interface
[    1.059414] usbcore: registered new interface driver usbserial_generic
[    1.061366] usbserial: USB Serial support registered for generic
[    1.063216] i8042: PNP: PS/2 Controller [PNP0303:KBD,PNP0f13:MOU] at 0x60,0x64 irq 1,12
[    1.066619] serio: i8042 KBD port at 0x60,0x64 irq 1
[    1.068116] serio: i8042 AUX port at 0x60,0x64 irq 12
[    1.069783] mousedev: PS/2 mouse device common for all mice
[    1.071601] rtc_cmos PNP0B00:00: RTC can wake from S4
[    1.073541] input: AT Translated Set 2 keyboard as /devices/platform/i8042/serio0/input/input1
[    1.077084] rtc_cmos PNP0B00:00: registered as rtc0
[    1.077465] input: VirtualPS/2 VMware VMMouse as /devices/platform/i8042/serio1/input/input4
[    1.079457] rtc_cmos PNP0B00:00: setting system clock to 2026-07-20T17:34:03 UTC (1784568843)
[    1.082662] input: VirtualPS/2 VMware VMMouse as /devices/platform/i8042/serio1/input/input3
[    1.084552] rtc_cmos PNP0B00:00: alarms up to one day, y3k, 242 bytes nvram
[    1.089003] device-mapper: core: CONFIG_IMA_DISABLE_HTABLE is disabled. Duplicate IMA measurements will not be recorded in the IMA log.
[    1.092599] device-mapper: uevent: version 1.0.3
[    1.094135] device-mapper: ioctl: 4.50.0-ioctl (2025-04-28) initialised: dm-devel@lists.linux.dev
[    1.096951] amd_pstate: The CPPC feature is supported but currently disabled by the BIOS.
[    1.096951] Please enable it if your BIOS has the CPPC option.
[    1.101090] amd_pstate: the _CPC object is not present in SBIOS or ACPI disabled
[    1.103989] simple-framebuffer simple-framebuffer.0: [drm] Registered 1 planes with drm panic
[    1.106571] [drm] Initialized simpledrm 1.0.0 for simple-framebuffer.0 on minor 0
[    1.114173] Console: switching to colour frame buffer device 160x50
[    1.116683] simple-framebuffer simple-framebuffer.0: [drm] fb0: simpledrmdrmfb frame buffer device
[    1.119452] hid: raw HID events driver (C) Jiri Kosina
[    1.121073] usbcore: registered new interface driver usbhid
[    1.122744] usbhid: USB HID core driver
[    1.124118] drop_monitor: Initializing network drop monitor service
[    1.126152] Initializing XFRM netlink socket
[    1.127480] NET: Registered PF_INET6 protocol family
[    1.129593] Segment Routing with IPv6
[    1.130716] RPL Segment Routing with IPv6
[    1.131968] In-situ OAM (IOAM) with IPv6
[    1.133193] mip6: Mobile IPv6
[    1.134110] NET: Registered PF_PACKET protocol family
[    1.135629] can: controller area network core
[    1.136993] NET: Registered PF_CAN protocol family
[    1.139959] IPI shorthand broadcast: enabled
[    1.145044] sched_clock: Marking stable (800001917, 345034519)->(1354073600, -209037164)
[    1.148138] registered taskstats version 1
[    1.151852] Loading compiled-in X.509 certificates
[    1.159696] Loaded X.509 cert 'Build time autogenerated kernel key: ee71fdbd84a1e7d51c52f7049642deb14d1904d3'
[    1.170879] Demotion targets for Node 0: null
[    1.172242] page_owner is disabled
[    1.173439] Key type .fscrypt registered
[    1.174620] Key type fscrypt-provisioning registered
[    1.176819] Btrfs loaded, zoned=yes, fsverity=yes
[    1.178298] Key type big_key registered
[    1.180168] Key type encrypted registered
[    1.181531] ima: No TPM chip found, activating TPM-bypass!
[    1.183450] Loading compiled-in module X.509 certificates
[    1.185525] Loaded X.509 cert 'Build time autogenerated kernel key: ee71fdbd84a1e7d51c52f7049642deb14d1904d3'
[    1.188933] ima: Allocated hash algorithm: sha256
[    1.190778] ima: No architecture policies found
[    1.192319] evm: Initialising EVM extended attributes:
[    1.194128] evm: security.selinux
[    1.195264] evm: security.SMACK64 (disabled)
[    1.196781] evm: security.SMACK64EXEC (disabled)
[    1.198325] evm: security.SMACK64TRANSMUTE (disabled)
[    1.200092] evm: security.SMACK64MMAP (disabled)
[    1.201622] evm: security.apparmor
[    1.202901] evm: security.ima
[    1.203962] evm: security.capability
[    1.205275] evm: HMAC attrs: 0x1
[    1.208152] alg: No test for 842 (842-scomp)
[    1.216720] PM:   Magic number: 2:343:593
[    1.218543] RAS: Correctable Errors collector initialized.
[    1.220676] clk: Disabling unused clocks
[    1.222176] PM: genpd: Disabling unused power domains
[    1.369267] ata6: SATA link down (SStatus 0 SControl 300)
[    1.371708] ata1: SATA link down (SStatus 0 SControl 300)
[    1.373802] ata3: SATA link up 1.5 Gbps (SStatus 113 SControl 300)
[    1.376279] ata4: SATA link down (SStatus 0 SControl 300)
[    1.379301] ata5: SATA link down (SStatus 0 SControl 300)
[    1.381483] ata2: SATA link down (SStatus 0 SControl 300)
[    1.383347] ata3.00: ATAPI: QEMU DVD-ROM, 2.5+, max UDMA/100
[    1.385527] ata3.00: applying bridge limits
[    1.387292] ata3.00: configured for UDMA/100
[    1.389283] scsi 2:0:0:0: CD-ROM            QEMU     QEMU DVD-ROM     2.5+ PQ: 0 ANSI: 5
[    1.410542] sr 2:0:0:0: [sr0] scsi3-mmc drive: 4x/4x cd/rw xa/form2 tray
[    1.429406] cdrom: Uniform CD-ROM driver Revision: 3.20
[    1.439355] sr 2:0:0:0: Attached scsi generic sg0 type 5
[    1.787662] Freeing initrd memory: 246088K
[    1.792202] Freeing unused decrypted memory: 2028K
[    1.796426] Freeing unused kernel image (initmem) memory: 5300K
[    1.798204] Write protecting the kernel read-only data: 45056k
[    1.800366] Freeing unused kernel image (text/rodata gap) memory: 204K
[    1.803317] Freeing unused kernel image (rodata/data gap) memory: 1728K
[    1.844811] x86/mm: Checked W+X mappings: passed, no W+X pages found.
[    1.846481] Run /init as init process
P+q6E616D65\[    2.196384] fuse: init (API version 7.45)
[    2.210982] systemd[1]: Successfully made /usr/ read-only.
[6n[32766;32766H[6n[!p]104\[0m[?7h[1G[0J[    2.548212] systemd[1]: systemd 259.7-1.fc44 running in system mode (+PAM +AUDIT +SELINUX -APPARMOR +IMA +IPE +SMACK +SECCOMP -GCRYPT +GNUTLS +OPENSSL +ACL +BLKID +CURL +ELFUTILS +FIDO2 +IDN2 -IDN +KMOD +LIBCRYPTSETUP +LIBCRYPTSETUP_PLUGINS +LIBFDISK +PCRE2 +PWQUALITY +P11KIT +QRENCODE +TPM2 +BZIP2 +LZ4 +XZ +ZLIB +ZSTD +BPF_FRAMEWORK +BTF +XKBCOMMON +UTMP +SYSVINIT +LIBARCHIVE)
[    2.556632] systemd[1]: Detected virtualization kvm.
[    2.558107] systemd[1]: Detected architecture x86-64.
[    2.559590] systemd[1]: Running in initrd.
[0;1;39mBooting initrd of [0m[0;38;2;138;43;226mBazzite dracut-108-7.fc44 (Initramfs)[0m[0;1;39m.[0m
[    2.564079] systemd[1]: Initializing machine ID from random generator.
[    2.566174] systemd[1]: No hostname configured, using default hostname.
[    2.568020] systemd[1]: Hostname set to <bazzite>.
]3008;start=6df19816540f4aa2a9389a4e9fad7329;user=root;hostname=bazzite;machineid=fd2caa8bacb34c26938949d350e77f0d;bootid=b55048e3de7d4a52848ac4bbcd48dcaa;pid=1;pidfdid=1;comm=systemd;type=boot\[    2.661560] systemd[1]: bpf-restrict-fs: LSM BPF program attached
[    2.713429] systemd[1]: /usr/lib/systemd/system/systemd-udevd.service:56: System call bpf cannot be resolved as libseccomp is not available, ignoring: Operation not supported
[    2.731430] systemd[1]: Queued start job for default target initrd.target.
[    2.741847] systemd[1]: Expecting device dev-disk-by\x2duuid-16d6e9ea\x2d19b9\x2d4095\x2d9bf1\x2d4c3c4973c5b8.device - /dev/disk/by-uuid/16d6e9ea-19b9-4095-9bf1-4c3c4973c5b8...
         Expecting device [0;1;39mdev-disk-by\x2duu…[0me9ea-19b9-4095-9bf1-4c3c4973c5b8...
[    2.748127] systemd[1]: Reached target initrd-usr-fs.target - Initrd /usr File System.
[[0;32m  OK  [0m] Reached target [0;1;39minitrd-usr-fs.target[0m - Initrd /usr File System.
[    2.752640] systemd[1]: Reached target slices.target - Slice Units.
[[0;32m  OK  [0m] Reached target [0;1;39mslices.target[0m - Slice Units.
[    2.756089] systemd[1]: Reached target swap.target - Swaps.
[[0;32m  OK  [0m] Reached target [0;1;39mswap.target[0m - Swaps.
[    2.759253] systemd[1]: Reached target timers.target - Timer Units.
[[0;32m  OK  [0m] Reached target [0;1;39mtimers.target[0m - Timer Units.
[    2.763061] systemd[1]: Listening on pcscd.socket - PC/SC Smart Card Daemon Activation Socket (Dracut).
[[0;32m  OK  [0m] Listening on [0;1;39mpcscd.socket[0m - PC/SC … Daemon Activation Socket (Dracut).
[    2.768346] systemd[1]: Listening on systemd-journald-dev-log.socket - Journal Socket (/dev/log).
[[0;32m  OK  [0m] Listening on [0;1;39msystemd-journald-dev-…socket[0m - Journal Socket (/dev/log).
[    2.773359] systemd[1]: Listening on systemd-journald.socket - Journal Sockets.
[[0;32m  OK  [0m] Listening on [0;1;39msystemd-journald.socket[0m - Journal Sockets.
[    2.777743] systemd[1]: Listening on systemd-udevd-control.socket - udev Control Socket.
[[0;32m  OK  [0m] Listening on [0;1;39msystemd-udevd-control.socket[0m - udev Control Socket.
[    2.782528] systemd[1]: Listening on systemd-udevd-kernel.socket - udev Kernel Socket.
[[0;32m  OK  [0m] Listening on [0;1;39msystemd-udevd-kernel.socket[0m - udev Kernel Socket.
[    2.787274] systemd[1]: Reached target sockets.target - Socket Units.
[[0;32m  OK  [0m] Reached target [0;1;39msockets.target[0m - Socket Units.
[    2.792756] systemd[1]: Starting kmod-static-nodes.service - Create List of Static Device Nodes...
         Starting [0;1;39mkmod-static-nodes.service[0m…eate List of Static Device Nodes...
[    2.798088] systemd[1]: memstrack.service - Memstrack Anylazing Service skipped, no trigger condition checks were met.
[    2.806391] systemd[1]: Starting systemd-journald.service - Journal Service...
         Starting [0;1;39msystemd-journald.service[0m - Journal Service...
[    2.817896] systemd[1]: Starting systemd-modules-load.service - Load Kernel Modules...
         Starting [0;1;39msystemd-modules-load.service[0m - Load Kernel Modules...
[    2.822583] systemd[1]: systemd-pcrphase-initrd.service - TPM PCR Barrier (initrd) skipped, unmet condition check ConditionSecurity=measured-uki
[    2.826733] systemd[1]: Starting systemd-vconsole-setup.service - Virtual Console Setup...
[    2.829094] i2c_dev: i2c /dev entries driver
[    2.829470] systemd-journald[249]: Collecting audit messages is disabled.
[    2.832763] kvmfr: loading out-of-tree module taints kernel.
[    2.832771] kvmfr: module verification failed: signature and/or required key missing - tainting kernel
[    2.833025] Asymmetric key parser 'pkcs8' registered
[    2.836027] kvmfr: creating 0 static devices
[    2.840301] usbcore: registered new interface driver system76-io
[    2.842355] mc: Linux media interface: v0.10
[    2.844104] kvmfr: kvmfr_module_init: module loaded
         Starting [0;1;39msystemd-vconsole-setup.service[0m - Virtual Console Setup...
[    2.848493] system76: Model does not utilize this driver
[    2.849094] systemd[1]: Finished kmod-static-nodes.service - Create List of Static Device Nodes.
[[0;32m  OK  [0m] Finished [0;1;39mkmod-static-nodes.service[0m…Create List of Static Device Nodes.
[    2.855749] systemd[1]: Started systemd-journald.service - Journal Service.
[    2.856989] videodev: Linux video capture interface: v2.00
[[0;32m  OK  [0m] Started [0;1;39msystemd-journald.service[0m - Journal Service.
         Starting [0;1;39msystemd-tmpfiles-setup-de…[0m Device Nodes in /dev gracefully...
[    2.865899] v4l2-loopback driver version 0.15.4 loaded
[[0;32m  OK  [0m] Finished [0;1;39msystemd-tmpfiles-setup-de…[0mic Device Nodes in /dev gracefully.
         Starting [0;1;39msystemd-tmpfiles-setup-de…[0meate Static Device Nodes in /dev...
[[0;32m  OK  [0m] Finished [0;1;39msystemd-modules-load.service[0m - Load Kernel Modules.
[[0;32m  OK  [0m] Finished [0;1;39msystemd-vconsole-setup.service[0m - Virtual Console Setup.
[[0;32m  OK  [0m] Finished [0;1;39msystemd-tmpfiles-setup-de…[0mCreate Static Device Nodes in /dev.
[[0;32m  OK  [0m] Reached target [0;1;39mlocal-fs-pre.target[0m…Preparation for Local File Systems.
[[0;32m  OK  [0m] Reached target [0;1;39mlocal-fs.target[0m - Local File Systems.
         Starting [0;1;39mdracut-cmdline-ask.servic…[0mor additional cmdline parameters...
         Starting [0;1;39msystemd-sysctl.service[0m - Apply Kernel Variables...
         Starting [0;1;39msystemd-tmpfiles-setup.se…[0mate System Files and Directories...
[[0;32m  OK  [0m] Finished [0;1;39msystemd-tmpfiles-setup.se…[0mreate System Files and Directories.
[[0;32m  OK  [0m] Finished [0;1;39msystemd-sysctl.service[0m - Apply Kernel Variables.
[[0;32m  OK  [0m] Finished [0;1;39mdracut-cmdline-ask.servic…[0m for additional cmdline parameters.
         Starting [0;1;39mdracut-cmdline.service[0m - dracut cmdline hook...
[[0;32m  OK  [0m] Finished [0;1;39mdracut-cmdline.service[0m - dracut cmdline hook.
         Starting [0;1;39mdracut-pre-udev.service[0m - dracut pre-udev hook...
[    3.048140] VFIO - User Level meta-driver version: 0.3
[[0;32m  OK  [0m] Finished [0;1;39mdracut-pre-udev.service[0m - dracut pre-udev hook.
         Starting [0;1;39msystemd-udevd.service[0m - R…ager for Device Events and Files...
[[0;32m  OK  [0m] Started [0;1;39msystemd-udevd.service[0m - Ru…anager for Device Events and Files.
         Starting [0;1;39mdracut-pre-trigger.service[0m - dracut pre-trigger hook...
[[0;32m  OK  [0m] Finished [0;1;39mdracut-pre-trigger.service[0m - dracut pre-trigger hook.
         Starting [0;1;39msystemd-udev-trigger.service[0m - Coldplug All udev Devices...
[[0;32m  OK  [0m] Finished [0;1;39msystemd-udev-trigger.service[0m - Coldplug All udev Devices.
         Starting [0;1;39mdracut-initqueue.service[0m - dracut initqueue hook...
         Starting [0;1;39mplymouth-start.service[0m - Show Plymouth Boot Screen...
[[0;32m  OK  [0m] Created slice [0;1;39msystem-modprobe.slice[0m - Slice /system/modprobe.
[[0;32m  OK  [0m] Started [0;1;39mplymouth-start.service[0m - Show Plymouth Boot Screen.
[[0;32m  OK  [0m] Started [0;1;39msystemd-ask-password-plymo…[0mquests to Plymouth Directory Watch.
[[0;32m  OK  [0m] Reached target [0;1;39mcryptsetup.target[0m - Local Encrypted Volumes.
[[0;32m  OK  [0m] Reached target [0;1;39mpaths.target[0m - Path Units.
[[0;32m  OK  [0m] Found device [0;1;39mdev-disk-by\x2duuid-1…[0md6e9ea-19b9-4095-9bf1-4c3c4973c5b8.
[[0;32m  OK  [0m] Reached target [0;1;39minitrd-root-device.target[0m - Initrd Root Device.
[0;21;39m[drm] pci: virtio-vga detected at 0000:00:02.0[0m
[[0;32m  OK  [0m] Stopped [0;1;39msystemd-vconsole-setup.service[0m - Virtual Console Setup.
         Stopping [0;1;39msystemd-vconsole-setup.service[0m - Virtual Console Setup...
         Starting [0;1;39msystemd-vconsole-setup.service[0m - Virtual Console Setup...
[0;21;39mConsole: switching to colour dummy device 80x25[0m
[0;21;39mvirtio-pci 0000:00:02.0: vgaarb: deactivate vga console[0m
[0;21;39m[drm] features: -virgl +edid -resource_blob -host_visible[0m
[0;21;39m[drm] features: -context_init[0m
[0;21;39m[drm] number of scanouts: 1[0m
[0;21;39m[drm] number of cap sets: 0[0m
[0;21;39mvirtio-pci 0000:00:02.0: [drm] Registered 1 planes with drm panic[0m
[0;21;39m[drm] Initialized virtio_gpu 0.1.0 for 0000:00:02.0 on minor 1[0m
[0;21;39mfbcon: virtio_gpudrmfb (fb0) is primary device[0m
[0;21;39mConsole: switching to colour frame buffer device 160x50[0m
[0;21;39mvirtio-pci 0000:00:02.0: [drm] fb0: virtio_gpudrmfb frame buffer device[0m
[[0;32m  OK  [0m] Stopped [0;1;39msystemd-vconsole-setup.service[0m - Virtual Console Setup.
         Starting [0;1;39msystemd-vconsole-setup.service[0m - Virtual Console Setup...
[[0;32m  OK  [0m] Finished [0;1;39mdracut-initqueue.service[0m - dracut initqueue hook.
[[0;32m  OK  [0m] Reached target [0;1;39mremote-fs-pre.targe…[0mreparation for Remote File Systems.
[[0;32m  OK  [0m] Reached target [0;1;39mremote-cryptsetup.target[0m - Remote Encrypted Volumes.
[[0;32m  OK  [0m] Reached target [0;1;39mremote-fs.target[0m - Remote File Systems.
         Starting [0;1;39mdracut-pre-mount.service[0m - dracut pre-mount hook...
[[0;32m  OK  [0m] Finished [0;1;39mdracut-pre-mount.service[0m - dracut pre-mount hook.
         Starting [0;1;39msystemd-fsck-root.service[0m…e9ea-19b9-4095-9bf1-4c3c4973c5b8...
[[0;32m  OK  [0m] Finished [0;1;39msystemd-fsck-root.service[0m…d6e9ea-19b9-4095-9bf1-4c3c4973c5b8.
[[0;32m  OK  [0m] Finished [0;1;39msystemd-vconsole-setup.service[0m - Virtual Console Setup.
         Mounting [0;1;39msys-kernel-config.mount[0m - Kernel Configuration File System...
         Mounting [0;1;39msysroot.mount[0m - /sysroot...
[[0;32m  OK  [0m] Mounted [0;1;39msys-kernel-config.mount[0m - Kernel Configuration File System.
[[0;32m  OK  [0m] Reached target [0;1;39msysinit.target[0m - System Initialization.
[[0;32m  OK  [0m] Reached target [0;1;39mbasic.target[0m - Basic System.
[0;21;39mBTRFS: device label fedora_bazzite-labwc-test devid 1 transid 484 /dev/vda3 (253:3) scanned by mount (557)[0m
[0;21;39mBTRFS info (device vda3): first mount of filesystem 16d6e9ea-19b9-4095-9bf1-4c3c4973c5b8[0m
[0;21;39mBTRFS info (device vda3): using crc32c checksum algorithm[0m
[0;21;39mBTRFS info (device vda3): turning on async discard[0m
[0;21;39mBTRFS info (device vda3): enabling free space tree[0m
[[0;32m  OK  [0m] Mounted [0;1;39msysroot.mount[0m - /sysroot.
         Starting [0;1;39mostree-prepare-root.service[0m - OSTree Prepare OS/...
[0;21;32mnetfs: FS-Cache loaded[0m
[0;21;39merofs (device erofs): mounted with root inode @ nid 36.[0m
[[0;32m  OK  [0m] Finished [0;1;39mostree-prepare-root.service[0m - OSTree Prepare OS/.
[[0;32m  OK  [0m] Reached target [0;1;39minitrd-root-fs.target[0m - Initrd Root File System.
         Starting [0;1;39minitrd-parse-etc.service[0m …ints Configured in the Real Root...
[[0;32m  OK  [0m] Finished [0;1;39minitrd-parse-etc.service[0m …points Configured in the Real Root.
[[0;32m  OK  [0m] Reached target [0;1;39minitrd-fs.target[0m - Initrd File Systems.
[[0;32m  OK  [0m] Reached target [0;1;39minitrd.target[0m - Initrd Default Target.
         Starting [0;1;39mdracut-pre-pivot.service[0m …racut pre-pivot and cleanup hook...
[[0;32m  OK  [0m] Finished [0;1;39mdracut-pre-pivot.service[0m - dracut pre-pivot and cleanup hook.
         Starting [0;1;39minitrd-cleanup.service[0m - …ing Up and Shutting Down Daemons...
[[0;32m  OK  [0m] Stopped target [0;1;39mremote-cryptsetup.target[0m - Remote Encrypted Volumes.
[[0;32m  OK  [0m] Stopped target [0;1;39mtimers.target[0m - Timer Units.
[[0;32m  OK  [0m] Closed [0;1;39mpcscd.socket[0m - PC/SC Smart … Daemon Activation Socket (Dracut).
[[0;32m  OK  [0m] Stopped [0;1;39mdracut-pre-pivot.service[0m - dracut pre-pivot and cleanup hook.
[[0;32m  OK  [0m] Stopped target [0;1;39minitrd.target[0m - Initrd Default Target.
[[0;32m  OK  [0m] Stopped target [0;1;39mbasic.target[0m - Basic System.
[[0;32m  OK  [0m] Stopped target [0;1;39minitrd-root-device.target[0m - Initrd Root Device.
[[0;32m  OK  [0m] Stopped target [0;1;39minitrd-usr-fs.target[0m - Initrd /usr File System.
[[0;32m  OK  [0m] Stopped target [0;1;39mpaths.target[0m - Path Units.
[[0;32m  OK  [0m] Stopped target [0;1;39mremote-fs.target[0m - Remote File Systems.
[[0;32m  OK  [0m] Stopped target [0;1;39mremote-fs-pre.targe…[0mreparation for Remote File Systems.
[[0;32m  OK  [0m] Stopped target [0;1;39mslices.target[0m - Slice Units.
[[0;32m  OK  [0m] Stopped target [0;1;39msockets.target[0m - Socket Units.
[[0;32m  OK  [0m] Stopped target [0;1;39msysinit.target[0m - System Initialization.
[[0;32m  OK  [0m] Stopped target [0;1;39mswap.target[0m - Swaps.
[[0;32m  OK  [0m] Stopped [0;1;39mdracut-pre-mount.service[0m - dracut pre-mount hook.
[[0;32m  OK  [0m] Stopped target [0;1;39mcryptsetup.target[0m - Local Encrypted Volumes.
[[0;32m  OK  [0m] Stopped [0;1;39mdracut-initqueue.service[0m - dracut initqueue hook.
         Starting [0;1;39mplymouth-switch-root.serv…e[0m - Plymouth switch root service...
[[0;32m  OK  [0m] Stopped [0;1;39msystemd-sysctl.service[0m - Apply Kernel Variables.
[[0;32m  OK  [0m] Stopped [0;1;39msystemd-modules-load.service[0m - Load Kernel Modules.
[[0;32m  OK  [0m] Stopped [0;1;39msystemd-tmpfiles-setup.ser…[0mreate System Files and Directories.
[[0;32m  OK  [0m] Stopped target [0;1;39mlocal-fs.target[0m - Local File Systems.
[[0;32m  OK  [0m] Stopped target [0;1;39mlocal-fs-pre.target[0m…Preparation for Local File Systems.
[[0;32m  OK  [0m] Stopped [0;1;39msystemd-udev-trigger.service[0m - Coldplug All udev Devices.
[[0;32m  OK  [0m] Stopped [0;1;39mdracut-pre-trigger.service[0m - dracut pre-trigger hook.
         Stopping [0;1;39msystemd-udevd.service[0m - R…ager for Device Events and Files...
[[0;32m  OK  [0m] Finished [0;1;39minitrd-cleanup.service[0m - …aning Up and Shutting Down Daemons.
[[0;32m  OK  [0m] Stopped [0;1;39msystemd-udevd.service[0m - Ru…anager for Device Events and Files.
[[0;32m  OK  [0m] Closed [0;1;39msystemd-udevd-control.socket[0m - udev Control Socket.
[[0;32m  OK  [0m] Stopped [0;1;39mdracut-pre-udev.service[0m - dracut pre-udev hook.
[[0;32m  OK  [0m] Stopped [0;1;39mdracut-cmdline.service[0m - dracut cmdline hook.
[[0;32m  OK  [0m] Stopped [0;1;39mdracut-cmdline-ask.service[0m… for additional cmdline parameters.
         Starting [0;1;39minitrd-udevadm-cleanup-db.service[0m - Cleanup udev Database...
[[0;32m  OK  [0m] Stopped [0;1;39msystemd-tmpfiles-setup-dev…[0mCreate Static Device Nodes in /dev.
[[0;32m  OK  [0m] Stopped [0;1;39msystemd-tmpfiles-setup-dev…[0mic Device Nodes in /dev gracefully.
[[0;32m  OK  [0m] Stopped [0;1;39mkmod-static-nodes.service[0m …Create List of Static Device Nodes.
[[0;32m  OK  [0m] Finished [0;1;39mplymouth-switch-root.service[0m - Plymouth switch root service.
[[0;32m  OK  [0m] Finished [0;1;39minitrd-udevadm-cleanup-db.service[0m - Cleanup udev Database.
[[0;32m  OK  [0m] Reached target [0;1;39minitrd-switch-root.target[0m - Switch Root.
         Starting [0;1;39minitrd-switch-root.service[0m - Switch Root...
[0;21;39msystemd-journald[249]: Received SIGTERM from PID 1 (systemd).[0m
[0;21;32maudit: type=1404 audit(1784568846.707:2): enforcing=1 old_enforcing=0 auid=4294967295 ses=4294967295 enabled=1 old-enabled=1 lsm=selinux res=1[0m
[0;21;39mSELinux:  Permission firmware_load in class system not defined in policy.[0m
[0;21;39mSELinux:  Permission kexec_image_load in class system not defined in policy.[0m
[0;21;39mSELinux:  Permission kexec_initramfs_load in class system not defined in policy.[0m
[0;21;39mSELinux:  Permission policy_load in class system not defined in policy.[0m
[0;21;39mSELinux:  Permission x509_certificate_load in class system not defined in policy.[0m
[0;21;39mSELinux:  Permission map_create_as in class bpf not defined in policy.[0m
[0;21;39mSELinux:  Permission prog_load_as in class bpf not defined in policy.[0m
[0;21;39mSELinux:  Permission allowed in class io_uring not defined in policy.[0m
[0;21;39mSELinux:  Class memfd_file not defined in policy.[0m
[0;21;39mSELinux: the above unknown classes and permissions will be allowed[0m
[0;21;39mSELinux:  policy capability network_peer_controls=1[0m
[0;21;39mSELinux:  policy capability open_perms=1[0m
[0;21;39mSELinux:  policy capability extended_socket_class=1[0m
[0;21;39mSELinux:  policy capability always_check_network=0[0m
[0;21;39mSELinux:  policy capability cgroup_seclabel=1[0m
[0;21;39mSELinux:  policy capability nnp_nosuid_transition=1[0m
[0;21;39mSELinux:  policy capability genfs_seclabel_symlinks=1[0m
[0;21;39mSELinux:  policy capability ioctl_skip_cloexec=0[0m
[0;21;39mSELinux:  policy capability userspace_initial_context=0[0m
[0;21;39mSELinux:  policy capability netlink_xperm=0[0m
[0;21;39mSELinux:  policy capability netif_wildcard=0[0m
[0;21;39mSELinux:  policy capability genfs_seclabel_wildcard=0[0m
[0;21;39mSELinux:  policy capability functionfs_seclabel=0[0m
[0;21;39mSELinux:  policy capability memfd_class=0[0m
[0;21;39mSELinux:  policy capability bpf_token_perms=0[0m
[0;21;32maudit: type=1403 audit(1784568846.805:3): auid=4294967295 ses=4294967295 lsm=selinux res=1[0m
[0;21;39msystemd[1]: Successfully loaded SELinux policy in 99.146ms.[0m
P+q6E616D65\[0;21;39mNET: Registered PF_VSOCK protocol family[0m
[0;21;39msystemd[1]: Relabeled /dev/, /dev/shm/, /run/ in 12.600ms.[0m
[6n[32766;32766H[6n[!p]104\[0m[?7h[1G[0J[0;21;39msystemd[1]: systemd 259.7-1.fc44 running in system mode (+PAM +AUDIT +SELINUX -APPARMOR +IMA +IPE +SMACK +SECCOMP -GCRYPT +GNUTLS +OPENSSL +ACL +BLKID +CURL +ELFUTILS +FIDO2 +IDN2 -IDN +KMOD +LIBCRYPTSETUP +LIBCRYPTSETUP_PLUGINS +LIBFDISK +PCRE2 +PWQUALITY +P11KIT +QRENCODE +TPM2 +BZIP2 +LZ4 +XZ +ZLIB +ZSTD +BPF_FRAMEWORK +BTF +XKBCOMMON +UTMP +SYSVINIT +LIBARCHIVE)[0m
[0;21;39msystemd[1]: Detected virtualization kvm.[0m
[0;21;39msystemd[1]: Detected architecture x86-64.[0m

[0;1;39mWelcome to [0m[0;38;2;138;43;226mBazzite[0m[0;1;39m![0m

]3008;start=8477227186694e19819b97074292d9e7;user=root;hostname=bazzite-labwc-test;machineid=d9cf3528b7854471b0750c19885ae066;bootid=b55048e3de7d4a52848ac4bbcd48dcaa;pid=1;pidfdid=1;comm=systemd;type=boot\[0;21;39msystemd[1]: Hostname set to <bazzite-labwc-test>.[0m
[0;21;39msystemd[1]: bpf-restrict-fs: LSM BPF program attached[0m
[0;21;39mzram: Added device: zram0[0m
[0;21;39msystemd[1]: initrd-switch-root.service: Deactivated successfully.[0m
[0;21;39msystemd[1]: Stopped initrd-switch-root.service - Switch Root.[0m
[[0;32m  OK  [0m] Stopped [0;1;39minitrd-switch-root.service[0m - Switch Root.
[0;21;39msystemd[1]: systemd-journald.service: Scheduled restart job, restart counter is at 1.[0m
[0;21;39msystemd[1]: Created slice system-getty.slice - Slice /system/getty.[0m
[0;21;39msystemd[1]: Created slice system-serial\x2dgetty.slice - Slice /system/serial-getty.[0m
[0;21;39msystemd[1]: Created slice system-sshd\x2dkeygen.slice - Slice /system/sshd-keygen.[0m
[0;21;39msystemd[1]: Created slice system-systemd\x2dfsck.slice - Slice /system/systemd-fsck.[0m
[0;21;39msystemd[1]: Created slice system-systemd\x2dzram\x2dsetup.slice - Slice /system/systemd-zram-setup.[0m
[0;21;39msystemd[1]: Created slice user.slice - User and Session Slice.[0m
[0;21;39msystemd[1]: systemd-ask-password-console.path - Dispatch Password Requests to Console Directory Watch skipped, unmet condition check ConditionPathExists=!/run/plymouth/pid[0m
[0;21;39msystemd[1]: Started systemd-ask-password-wall.path - Forward Password Requests to Wall Directory Watch.[0m
[0;21;39msystemd[1]: Set up automount proc-sys-fs-binfmt_misc.automount - Arbitrary Executable File Formats File System Automount Point.[0m
[0;21;39msystemd[1]: Expecting device dev-disk-by\x2duuid-16d6e9ea\x2d19b9\x2d4095\x2d9bf1\x2d4c3c4973c5b8.device - /dev/disk/by-uuid/16d6e9ea-19b9-4095-9bf1-4c3c4973c5b8...[0m
[0;21;39msystemd[1]: Expecting device dev-disk-by\x2duuid-7fdf5235\x2d8f1f\x2d4409\x2da05b\x2db2704a0cb280.device - /dev/disk/by-uuid/7fdf5235-8f1f-4409-a05b-b2704a0cb280...[0m
[0;21;39msystemd[1]: Expecting device dev-disk-by\x2duuid-9704\x2dD569.device - /dev/disk/by-uuid/9704-D569...[0m
[0;21;39msystemd[1]: Expecting device dev-ttyS0.device - /dev/ttyS0...[0m
[0;21;39msystemd[1]: Expecting device dev-zram0.device - /dev/zram0...[0m
[0;21;39msystemd[1]: Reached target imports.target - Image Downloads.[0m
[0;21;39msystemd[1]: Stopped target initrd-switch-root.target - Switch Root.[0m
[0;21;39msystemd[1]: Stopped target initrd-fs.target - Initrd File Systems.[0m
[0;21;39msystemd[1]: Stopped target initrd-root-fs.target - Initrd Root File System.[0m
[0;21;39msystemd[1]: Reached target integritysetup.target - Local Integrity Protected Volumes.[0m
[0;21;39msystemd[1]: Reached target slices.target - Slice Units.[0m
[0;21;39msystemd[1]: Reached target veritysetup.target - Local Verity Protected Volumes.[0m
[0;21;39msystemd[1]: Listening on dm-event.socket - Device-mapper event daemon FIFOs.[0m
[[0;32m  OK  [0m] Created slice [0;1;39msystem-getty.slice[0m - Slice /system/getty.
[[0;32m  OK  [0m] Created slice [0;1;39msystem-serial\x2dget…slice[0m - Slice /system/serial-getty.
[[0;32m  OK  [0m] Created slice [0;1;39msystem-sshd\x2dkeygen.slice[0m - Slice /system/sshd-keygen.
[[0;32m  OK  [0m] Created slice [0;1;39msystem-systemd\x2dfs…slice[0m - Slice /system/systemd-fsck.
[[0;32m  OK  [0m] Created slice [0;1;39msystem-systemd\x2dzr…[0m- Slice /system/systemd-zram-setup.
[[0;32m  OK  [0m] Created slice [0;1;39muser.slice[0m - User and Session Slice.
[[0;32m  OK  [0m] Started [0;1;39msystemd-ask-password-wall.…[0md Requests to Wall Directory Watch.
[[0;32m  OK  [0m] Set up automount [0;1;39mproc-sys-fs-binfm…[0mormats File System Automount Point.
         Expecting device [0;1;39mdev-disk-by\x2duu…[0me9ea-19b9-4095-9bf1-4c3c4973c5b8...
         Expecting device [0;1;39mdev-disk-by\x2duu…[0m5235-8f1f-4409-a05b-b2704a0cb280...
         Expecting device [0;1;39mdev-disk-by\x2duu…ce[0m - /dev/disk/by-uuid/9704-D569...
         Expecting device [0;1;39mdev-ttyS0.device[0m - /dev/ttyS0...
         Expecting device [0;1;39mdev-zram0.device[0m - /dev/zram0...
[[0;32m  OK  [0m] Reached target [0;1;39mimports.target[0m - Image Downloads.
[[0;32m  OK  [0m] Stopped target [0;1;39minitrd-switch-root.target[0m - Switch Root.
[[0;32m  OK  [0m] Stopped target [0;1;39minitrd-fs.target[0m - Initrd File Systems.
[[0;32m  OK  [0m] Stopped target [0;1;39minitrd-root-fs.target[0m - Initrd Root File System.
[[0;32m  OK  [0m] Reached target [0;1;39mintegritysetup.targ…[0m Local Integrity Protected Volumes.
[[0;32m  OK  [0m] Reached target [0;1;39mslices.target[0m - Slice Units.
[[0;32m  OK  [0m] Reached target [0;1;39mveritysetup.target[0m - Local Verity Protected Volumes.
[[0;32m  OK  [0m] Listening on [0;1;39mdm-event.socket[0m - Device-mapper event daemon FIFOs.
[[0;32m  OK  [0m] Listening on [0;1;39mlvm2-lvmpolld.socket[0m - LVM2 poll daemon socket.
[[0;32m  OK  [0m] Listening on [0;1;39msystemd-ask-password.…[0m User Interactively for a Password.
[[0;32m  OK  [0m] Listening on [0;1;39msystemd-coredump.socket[0m - Process Core Dump Socket.
[0;21;39msystemd[1]: Listening on lvm2-lvmpolld.socket - LVM2 poll daemon socket.[0m
[[0;32m  OK  [0m] Listening on [0;1;39msystemd-creds.socket[0m - Credential Encryption/Decryption.
[0;21;39msystemd[1]: Listening on systemd-ask-password.socket - Query the User Interactively for a Password.[0m
[[0;32m  OK  [0m] Listening on [0;1;39msystemd-factory-reset.socket[0m - Factory Reset Management.
[0;21;39msystemd[1]: Listening on systemd-coredump.socket - Process Core Dump Socket.[0m
[[0;32m  OK  [0m] Listening on [0;1;39msystemd-journald-audit.socket[0m - Journal Audit Socket.
[[0;32m  OK  [0m] Listening on [0;1;39msystemd-mountfsd.socket[0m - DDI File System Mounter Socket.
[0;21;39msystemd[1]: Listening on systemd-creds.socket - Credential Encryption/Decryption.[0m
[0;21;39msystemd[1]: Listening on systemd-factory-reset.socket - Factory Reset Management.[0m
[0;21;39msystemd[1]: Listening on systemd-journald-audit.socket - Journal Audit Socket.[0m
[[0;32m  OK  [0m] Listening on [0;1;39msystemd-mute-console.…[0mnsole Output Muting Service Socket.
[[0;32m  OK  [0m] Listening on [0;1;39msystemd-nsresourced.s…[0m Namespace Resource Manager Socket.
[[0;32m  OK  [0m] Listening on [0;1;39msystemd-oomd.socket[0m -… Out-Of-Memory (OOM) Killer Socket.
[0;21;39msystemd[1]: Listening on systemd-mountfsd.socket - DDI File System Mounter Socket.[0m
[0;21;39msystemd[1]: Listening on systemd-mute-console.socket - Console Output Muting Service Socket.[0m
[[0;32m  OK  [0m] Listening on [0;1;39msystemd-repart.socket[0m…Disk Repartitioning Service Socket.
[[0;32m  OK  [0m] Listening on [0;1;39msystemd-resolved-moni…t[0m - Resolve Monitor Varlink Socket.
[[0;32m  OK  [0m] Listening on [0;1;39msystemd-resolved-varl…t[0m - Resolve Service Varlink Socket.
[0;21;39msystemd[1]: Listening on systemd-nsresourced.socket - Namespace Resource Manager Socket.[0m
[0;21;39msystemd[1]: Listening on systemd-oomd.socket - Userspace Out-Of-Memory (OOM) Killer Socket.[0m
[[0;32m  OK  [0m] Listening on [0;1;39msystemd-udevd-control.socket[0m - udev Control Socket.
[[0;32m  OK  [0m] Listening on [0;1;39msystemd-udevd-varlink.socket[0m - udev Varlink Socket.
[[0;32m  OK  [0m] Listening on [0;1;39msystemd-userdbd.socket[0m - User Database Manager Socket.
[0;21;39msystemd[1]: systemd-pcrextend.socket - TPM PCR Measurements skipped, unmet condition check ConditionSecurity=measured-uki[0m
[0;21;39msystemd[1]: systemd-pcrlock.socket - Make TPM PCR Policy skipped, unmet condition check ConditionSecurity=measured-uki[0m
[0;21;39msystemd[1]: Listening on systemd-repart.socket - Disk Repartitioning Service Socket.[0m
         Mounting [0;1;39mdev-hugepages.mount[0m - Huge Pages File System...
         Mounting [0;1;39mdev-mqueue.mount[0m - POSIX Message Queue File System...
         Mounting [0;1;39msys-kernel-debug.mount[0m - Kernel Debug File System...
         Mounting [0;1;39msys-kernel-tracing.mount[0m - Kernel Trace File System...
         Starting [0;1;39mkmod-static-nodes.service[0m…eate List of Static Device Nodes...
         Starting [0;1;39mlvm2-monitor.service[0m - Mo…ing dmeventd or progress polling...
         Mounting [0;1;39msys-fs-fuse-connections.mount[0m - FUSE Control File System...
[[0;32m  OK  [0m] Stopped [0;1;39mostree-prepare-root.service[0m - OSTree Prepare OS/.
[[0;32m  OK  [0m] Stopped [0;1;39mplymouth-switch-root.service[0m - Plymouth switch root service.
[[0;32m  OK  [0m] Stopped [0;1;39msystemd-fsck-root.service[0m - File System Check on Root Device.
         Starting [0;1;39msystemd-hwdb-update.service[0m - Rebuild Hardware Database...
         Starting [0;1;39msystemd-journald.service[0m - Journal Service...
         Starting [0;1;39msystemd-modules-load.service[0m - Load Kernel Modules...
         Starting [0;1;39msystemd-network-generator…[0mk Units from Kernel Command Line...
         Starting [0;1;39msystemd-udev-load-credent…[0mLoad udev Rules from Credentials...
         Starting [0;1;39msystemd-udev-trigger.service[0m - Coldplug All udev Devices...
[[0;32m  OK  [0m] Mounted [0;1;39mdev-hugepages.mount[0m - Huge Pages File System.
[[0;32m  OK  [0m] Mounted [0;1;39mdev-mqueue.mount[0m - POSIX Message Queue File System.
[[0;32m  OK  [0m] Mounted [0;1;39msys-kernel-debug.mount[0m - Kernel Debug File System.
[[0;32m  OK  [0m] Mounted [0;1;39msys-kernel-tracing.mount[0m - Kernel Trace File System.
[[0;32m  OK  [0m] Finished [0;1;39mkmod-static-nodes.service[0m…Create List of Static Device Nodes.
[[0;32m  OK  [0m] Mounted [0;1;39msys-fs-fuse-connections.mount[0m - FUSE Control File System.
         Starting [0;1;39msystemd-tmpfiles-setup-de…[0m Device Nodes in /dev gracefully...
[0;21;39msystemd[1]: Listening on systemd-resolved-monitor.socket - Resolve Monitor Varlink Socket.[0m
[0;21;39msystemd[1]: Listening on systemd-resolved-varlink.socket - Resolve Service Varlink Socket.[0m
[0;21;39msystemd[1]: Listening on systemd-udevd-control.socket - udev Control Socket.[0m
[0;21;39msystemd[1]: Listening on systemd-udevd-varlink.socket - udev Varlink Socket.[0m
[0;21;39msystemd[1]: Listening on systemd-userdbd.socket - User Database Manager Socket.[0m
[0;21;39msystemd[1]: Mounting dev-hugepages.mount - Huge Pages File System...[0m
[0;21;39msystemd[1]: dev-hugepages1G.mount - 1GB Huge Pages File System skipped, unmet condition check ConditionKernelCommandLine=hugepagesz=1G[0m
[0;21;39msystemd[1]: Mounting dev-mqueue.mount - POSIX Message Queue File System...[0m
[0;21;39msystemd[1]: Mounting sys-kernel-debug.mount - Kernel Debug File System...[0m
[0;21;39msystemd[1]: Mounting sys-kernel-tracing.mount - Kernel Trace File System...[0m
[0;21;39msystemd[1]: auth-rpcgss-module.service - Kernel Module supporting RPCSEC_GSS skipped, unmet condition check ConditionPathExists=/etc/krb5.keytab[0m
[0;21;39msystemd[1]: fips-crypto-policy-overlay.service - Bind-mount FIPS crypto-policy in FIPS mode skipped, unmet condition check ConditionKernelCommandLine=fips=1[0m
[0;21;39msystemd[1]: Starting kmod-static-nodes.service - Create List of Static Device Nodes...[0m
[0;21;39msystemd[1]: Starting lvm2-monitor.service - Monitoring of LVM2 mirrors, snapshots etc. using dmeventd or progress polling...[0m
[0;21;39msystemd[1]: modprobe@configfs.service - Load Kernel Module configfs skipped, unmet condition check ConditionKernelModuleLoaded=!configfs[0m
[0;21;39msystemd[1]: modprobe@drm.service - Load Kernel Module drm skipped, unmet condition check ConditionKernelModuleLoaded=!drm[0m
[0;21;39msystemd[1]: modprobe@efi_pstore.service - Load Kernel Module efi_pstore skipped, unmet condition check ConditionKernelModuleLoaded=!efi_pstore[0m
[0;21;39msystemd[1]: modprobe@fuse.service - Load Kernel Module fuse skipped, unmet condition check ConditionKernelModuleLoaded=!fuse[0m
[0;21;39msystemd[1]: Mounting sys-fs-fuse-connections.mount - FUSE Control File System...[0m
[0;21;39msystemd[1]: ostree-prepare-root.service: Deactivated successfully.[0m
[0;21;39msystemd[1]: Stopped ostree-prepare-root.service - OSTree Prepare OS/.[0m
[0;21;39msystemd[1]: plymouth-switch-root.service: Deactivated successfully.[0m
[0;21;39msystemd[1]: Stopped plymouth-switch-root.service - Plymouth switch root service.[0m
[0;21;39msystemd[1]: systemd-boot-clear-sysfail.service - Clear SysFail Entry If The Boot Is Successful skipped, unmet condition check ConditionPathExists=/sys/firmware/efi/efivars/LoaderEntrySysFail-4a67b082-0a4c-41cf-b6c7-440b29bb8c4f[0m
[0;21;39msystemd[1]: systemd-fsck-root.service: Deactivated successfully.[0m
[0;21;39msystemd[1]: Stopped systemd-fsck-root.service - File System Check on Root Device.[0m
[0;21;39msystemd[1]: systemd-hibernate-clear.service - Clear Stale Hibernate Storage Info skipped, unmet condition check ConditionPathExists=/sys/firmware/efi/efivars/HibernateLocation-8cf2644b-4b0b-428f-9387-6d876050dc67[0m
[0;21;39msystemd[1]: Starting systemd-hwdb-update.service - Rebuild Hardware Database...[0m
[0;21;39msystemd[1]: Starting systemd-journald.service - Journal Service...[0m
[0;21;39msystemd[1]: Starting systemd-modules-load.service - Load Kernel Modules...[0m
[0;21;39msystemd[1]: Starting systemd-network-generator.service - Generate Network Units from Kernel Command Line...[0m
[0;21;39msystemd[1]: systemd-pcrmachine.service - TPM PCR Machine ID Measurement skipped, unmet condition check ConditionSecurity=measured-uki[0m
[0;21;39msystemd[1]: systemd-tpm2-setup-early.service - Early TPM SRK Setup skipped, unmet condition check ConditionSecurity=measured-uki[0m
[0;21;39msystemd[1]: Starting systemd-udev-load-credentials.service - Load udev Rules from Credentials...[0m
[0;21;39msystemd[1]: Starting systemd-udev-trigger.service - Coldplug All udev Devices...[0m
[0;21;39msystemd[1]: Mounted dev-hugepages.mount - Huge Pages File System.[0m
[0;21;39msystemd[1]: Mounted dev-mqueue.mount - POSIX Message Queue File System.[0m
[0;21;39msystemd[1]: Mounted sys-kernel-debug.mount - Kernel Debug File System.[0m
[0;21;39msystemd[1]: Mounted sys-kernel-tracing.mount - Kernel Trace File System.[0m
[0;21;39msystemd[1]: Finished kmod-static-nodes.service - Create List of Static Device Nodes.[0m
[0;21;39msystemd[1]: Mounted sys-fs-fuse-connections.mount - FUSE Control File System.[0m
[0;21;39msystemd[1]: Starting systemd-tmpfiles-setup-dev-early.service - Create Static Device Nodes in /dev gracefully...[0m
[0;21;39msystemd[1]: Finished systemd-udev-trigger.service - Coldplug All udev Devices.[0m
[[0;32m  OK  [0m] Finished [0;1;39msystemd-udev-trigger.service[0m - Coldplug All udev Devices.
[[0;32m  OK  [0m] Finished [0;1;39msystemd-network-generator…[0mork Units from Kernel Command Line.
[0;21;39msystem76: Model does not utilize this driver[0m
[0;21;39msystemd[1]: Finished systemd-network-generator.service - Generate Network Units from Kernel Command Line.[0m
[[0;32m  OK  [0m] Finished [0;1;39msystemd-udev-load-credent…[0m- Load udev Rules from Credentials.
[0;21;39msystemd[1]: Finished systemd-udev-load-credentials.service - Load udev Rules from Credentials.[0m
[0;21;39msystemd[1]: Finished lvm2-monitor.service - Monitoring of LVM2 mirrors, snapshots etc. using dmeventd or progress polling.[0m
[[0;32m  OK  [0m] Finished [0;1;39mlvm2-monitor.service[0m - Mo…using dmeventd or progress polling.
[0;21;39msystemd[1]: Starting modprobe@tun.service - Load Kernel Module tun...[0m
         Starting [0;1;39mmodprobe@tun.service[0m - Load Kernel Module tun...
         Starting [0;1;39msystemd-userdbd.service[0m - User Database Manager...
[0;21;39msystemd[1]: Starting systemd-userdbd.service - User Database Manager...[0m
[0;21;39msystemd-journald[669]: Collecting audit messages is enabled.[0m
[[0;32m  OK  [0m] Finished [0;1;39msystemd-modules-load.service[0m - Load Kernel Modules.
[0;21;39msystemd[1]: Finished systemd-modules-load.service - Load Kernel Modules.[0m
[0;21;32maudit: type=1130 audit(1784568848.413:4): pid=1 uid=0 auid=4294967295 ses=4294967295 subj=system_u:system_r:init_t:s0 msg='unit=systemd-modules-load comm="systemd" exe="/usr/lib/systemd/systemd" hostname=? addr=? terminal=? res=success'[0m
         Starting [0;1;39msystemd-sysctl.service[0m - Apply Kernel Variables...
[0;21;39msystemd[1]: Starting systemd-sysctl.service - Apply Kernel Variables...[0m
[0;21;39msystemd[1]: Started systemd-journald.service - Journal Service.[0m
[0;21;32maudit: type=1130 audit(1784568848.423:5): pid=1 uid=0 auid=4294967295 ses=4294967295 subj=system_u:system_r:init_t:s0 msg='unit=systemd-journald comm="systemd" exe="/usr/lib/systemd/systemd" hostname=? addr=? terminal=? res=success'[0m
[[0;32m  OK  [0m] Started [0;1;39msystemd-journald.service[0m - Journal Service.
[0;21;39mtun: Universal TUN/TAP device driver, 1.6[0m
[0;21;32maudit: type=1130 audit(1784568848.440:6): pid=1 uid=0 auid=4294967295 ses=4294967295 subj=system_u:system_r:init_t:s0 msg='unit=modprobe@tun comm="systemd" exe="/usr/lib/systemd/systemd" hostname=? addr=? terminal=? res=success'[0m
[[0;32m  OK  [0m] Finished [0;1;39mmodprobe@tun.service[0m - Load Kernel Module tun.
[0;21;32maudit: type=1131 audit(1784568848.440:7): pid=1 uid=0 auid=4294967295 ses=4294967295 subj=system_u:system_r:init_t:s0 msg='unit=modprobe@tun comm="systemd" exe="/usr/lib/systemd/systemd" hostname=? addr=? terminal=? res=success'[0m
[0;21;32maudit: type=1334 audit(1784568848.445:8): prog-id=51 op=LOAD[0m
[0;21;32maudit: type=1334 audit(1784568848.445:9): prog-id=52 op=LOAD[0m
         Starting [0;1;39msystemd-nsresourced.service[0m - Namespace Resource Manager...
[0;21;32maudit: type=1334 audit(1784568848.445:10): prog-id=53 op=LOAD[0m
[[0;32m  OK  [0m] Finished [0;1;39msystemd-sysctl.service[0m - Apply Kernel Variables.
[0;21;32maudit: type=1130 audit(1784568848.465:11): pid=1 uid=0 auid=4294967295 ses=4294967295 subj=system_u:system_r:init_t:s0 msg='unit=systemd-sysctl comm="systemd" exe="/usr/lib/systemd/systemd" hostname=? addr=? terminal=? res=success'[0m
[[0;32m  OK  [0m] Started [0;1;39msystemd-userdbd.service[0m - User Database Manager.
[0;21;32maudit: type=1130 audit(1784568848.483:12): pid=1 uid=0 auid=4294967295 ses=4294967295 subj=system_u:system_r:init_t:s0 msg='unit=systemd-userdbd comm="systemd" exe="/usr/lib/systemd/systemd" hostname=? addr=? terminal=? res=success'[0m
[0;21;32maudit: type=1334 audit(1784568848.494:13): prog-id=54 op=LOAD[0m
[[0;32m  OK  [0m] Started [0;1;39msystemd-nsresourced.service[0m - Namespace Resource Manager.
[[0;32m  OK  [0m] Finished [0;1;39msystemd-hwdb-update.service[0m - Rebuild Hardware Database.
[[0;32m  OK  [0m] Finished [0;1;39msystemd-tmpfiles-setup-de…[0mic Device Nodes in /dev gracefully.
         Starting [0;1;39msystemd-sysusers.service[0m - Create System Users...
[[0;32m  OK  [0m] Finished [0;1;39msystemd-sysusers.service[0m - Create System Users.
         Starting [0;1;39msystemd-resolved.service[0m - Network Name Resolution...
         Starting [0;1;39msystemd-tmpfiles-setup-de…[0meate Static Device Nodes in /dev...
[[0;32m  OK  [0m] Finished [0;1;39msystemd-tmpfiles-setup-de…[0mCreate Static Device Nodes in /dev.
[[0;32m  OK  [0m] Reached target [0;1;39mlocal-fs-pre.target[0m…Preparation for Local File Systems.
         Starting [0;1;39msystemd-udevd.service[0m - R…ager for Device Events and Files...
[[0;32m  OK  [0m] Started [0;1;39msystemd-resolved.service[0m - Network Name Resolution.
[[0;32m  OK  [0m] Reached target [0;1;39mnss-lookup.target[0m - Host and Network Name Lookups.
[[0;32m  OK  [0m] Started [0;1;39msystemd-udevd.service[0m - Ru…anager for Device Events and Files.
[[0;32m  OK  [0m] Found device [0;1;39mdev-zram0.device[0m - /dev/zram0.
         Starting [0;1;39msystemd-zram-setup@zram0.…vice[0m - Create swap on /dev/zram0...
[0;21;39mzram0: detected capacity change from 0 to 8110080[0m
[[0;32m  OK  [0m] Finished [0;1;39msystemd-zram-setup@zram0.service[0m - Create swap on /dev/zram0.
         Activating swap [0;1;39mdev-zram0.swap[0m - Compressed Swap on /dev/zram0...
         Mounting [0;1;39mvar.mount[0m - /var...
[0;21;39mAdding 4055036k swap on /dev/zram0.  Priority:100 extents:1 across:4055036k SSDsc[0m
[[0;32m  OK  [0m] Activated swap [0;1;39mdev-zram0.swap[0m - Compressed Swap on /dev/zram0.
[[0;32m  OK  [0m] Reached target [0;1;39mswap.target[0m - Swaps.
         Mounting [0;1;39mtmp.mount[0m - Temporary Directory /tmp...
         Starting [0;1;39msystemd-oomd.service[0m - Us…space Out-Of-Memory (OOM) Killer...
[[0;32m  OK  [0m] Mounted [0;1;39mvar.mount[0m - /var.
[[0;32m  OK  [0m] Mounted [0;1;39mtmp.mount[0m - Temporary Directory /tmp.
[[0;32m  OK  [0m] Reached target [0;1;39mmachines.target[0m - Virtual Machines and Containers.
[[0;32m  OK  [0m] Listening on [0;1;39msystemd-importd.socke…[0mDisk Image Download Service Socket.
         Starting [0;1;39mostree-remount.service[0m - OSTree Remount OS/ Bind Mounts...
         Starting [0;1;39msystemd-fsck@dev-disk-by\…[0mk on /dev/disk/by-uuid/9704-D569...
[[0;32m  OK  [0m] Reached target [0;1;39mcryptsetup.target[0m - Local Encrypted Volumes.
         Starting [0;1;39msystemd-fsck@dev-disk-by\…[0m5235-8f1f-4409-a05b-b2704a0cb280...
[[0;32m  OK  [0m] Finished [0;1;39mostree-remount.service[0m - OSTree Remount OS/ Bind Mounts.
         Starting [0;1;39msystemd-journal-flush.ser…[0msh Journal to Persistent Storage...
         Starting [0;1;39msystemd-random-seed.service[0m - Load/Save OS Random Seed...
[0;21;39msystemd-journald[669]: Received client request to flush runtime journal.[0m
[[0;32m  OK  [0m] Finished [0;1;39msystemd-random-seed.service[0m - Load/Save OS Random Seed.
[[0;32m  OK  [0m] Finished [0;1;39msystemd-fsck@dev-disk-by\…[0mdf5235-8f1f-4409-a05b-b2704a0cb280.
         Mounting [0;1;39mboot.mount[0m - /boot...
[[0;32m  OK  [0m] Found device [0;1;39mdev-disk-by\x2duuid-1…[0md6e9ea-19b9-4095-9bf1-4c3c4973c5b8.
[[0;32m  OK  [0m] Finished [0;1;39msystemd-fsck@dev-disk-by\…[0meck on /dev/disk/by-uuid/9704-D569.
[[0;32m  OK  [0m] Started [0;1;39msystemd-oomd.service[0m - Userspace Out-Of-Memory (OOM) Killer.
[0;21;39mEXT4-fs (vda2): mounted filesystem 7fdf5235-8f1f-4409-a05b-b2704a0cb280 r/w with ordered data mode. Quota mode: none.[0m
[[0;32m  OK  [0m] Mounted [0;1;39mboot.mount[0m - /boot.
[[0;32m  OK  [0m] Finished [0;1;39msystemd-journal-flush.ser…[0mlush Journal to Persistent Storage.
[0;21;32mlpc_ich 0000:00:1f.0: I/O space for GPIO uninitialized[0m
[0;21;39mparport_pc 00:02: reported by Plug and Play ACPI[0m
[0;21;39minput: QEMU Virtio Tablet as /devices/pci0000:00/0000:00:03.0/virtio2/input/input5[0m
[0;21;39mparport0: PC-style at 0x378, irq 7 [PCSPP,TRISTATE][0m
[0;21;39minput: PC Speaker as /devices/platform/pcspkr/input/input6[0m
[0;21;39mi801_smbus 0000:00:1f.3: Enabling SMBus device[0m
[0;21;39mi801_smbus 0000:00:1f.3: SMBus using PCI interrupt[0m
[0;21;39minput: QEMU Virtio Keyboard as /devices/pci0000:00/0000:00:04.0/virtio3/input/input7[0m
[0;21;39mi2c i2c-0: Memory type 0x07 not supported yet, not instantiating SPD[0m
[[0;32m  OK  [0m] Stopped [0;1;39msystemd-vconsole-setup.service[0m - Virtual Console Setup.
         Stopping [0;1;39msystemd-vconsole-setup.service[0m - Virtual Console Setup...
[0;21;39miTCO_wdt iTCO_wdt.1.auto: Found a ICH9 TCO device (Version=2, TCOBASE=0x0660)[0m
[0;21;39miTCO_wdt iTCO_wdt.1.auto: initialized. heartbeat=30 sec (nowayout=0)[0m
         Starting [0;1;39msystemd-vconsole-setup.service[0m - Virtual Console Setup...
[0;21;39mppdev: user-space parallel port driver[0m
[0;21;39mvirtio_net virtio0 enp0s1: renamed from eth0[0m
[0;21;39mkvm_amd: TSC scaling supported[0m
[0;21;39mkvm_amd: Nested Virtualization enabled[0m
[0;21;39mkvm_amd: Nested Paging enabled[0m
[0;21;39mkvm_amd: LBR virtualization supported[0m
[0;21;39mkvm_amd: Virtual GIF supported[0m
[0;21;39mkvm_amd: Virtual NMI enabled[0m
[[0;32m  OK  [0m] Finished [0;1;39msystemd-vconsole-setup.service[0m - Virtual Console Setup.
         Mounting [0;1;39mboot-efi.mount[0m - /boot/efi...
         Mounting [0;1;39mvar-home.mount[0m - /var/home...
[[0;32m  OK  [0m] Mounted [0;1;39mvar-home.mount[0m - /var/home.
[[0;32m  OK  [0m] Mounted [0;1;39mboot-efi.mount[0m - /boot/efi.
[[0;32m  OK  [0m] Reached target [0;1;39mlocal-fs.target[0m - Local File Systems.
[[0;32m  OK  [0m] Listening on [0;1;39msystemd-bootctl.socket[0m - Boot Entries Service Socket.
[[0;32m  OK  [0m] Listening on [0;1;39msystemd-sysext.socket[0m… System Extension Image Management.
         Starting [0;1;39mgreenboot-set-rollback-tr…ice[0m - Greenboot Rollback trigger...
         Starting [0;1;39mplymouth-read-write.servi…[0mymouth To Write Out Runtime Data...
         Starting [0;1;39msystemd-binfmt.service[0m - Set Up Additional Binary Formats...
         Starting [0;1;39msystemd-tmpfiles-setup.se…[0mate System Files and Directories...
         Starting [0;1;39msystemd-userdb-load-crede…[0mr/group Records from Credentials...
         Mounting [0;1;39mproc-sys-fs-binfmt_misc.m…[0mcutable File Formats File System...
[[0;32m  OK  [0m] Finished [0;1;39mplymouth-read-write.servi…[0mPlymouth To Write Out Runtime Data.
[[0;32m  OK  [0m] Finished [0;1;39msystemd-userdb-load-crede…[0mser/group Records from Credentials.
[[0;32m  OK  [0m] Mounted [0;1;39mproc-sys-fs-binfmt_misc.mo…[0mxecutable File Formats File System.
[[0;32m  OK  [0m] Finished [0;1;39msystemd-binfmt.service[0m - Set Up Additional Binary Formats.
[[0;32m  OK  [0m] Finished [0;1;39mgreenboot-set-rollback-tr…rvice[0m - Greenboot Rollback trigger.
[[0;32m  OK  [0m] Finished [0;1;39msystemd-tmpfiles-setup.se…[0mreate System Files and Directories.
         Starting [0;1;39mauditd.service[0m - Security Audit Logging Service...
         Starting [0;1;39mldconfig.service[0m - Rebuild Dynamic Linker Cache...
         Starting [0;1;39msystemd-journal-catalog-u…ervice[0m - Rebuild Journal Catalog...
[[0;32m  OK  [0m] Started [0;1;39mauditd.service[0m - Security Audit Logging Service.
         Starting [0;1;39maudit-rules.service[0m - Load Audit Rules...
         Starting [0;1;39msystemd-update-utmp.servi…[0mord System Boot/Shutdown in UTMP...
[[0;32m  OK  [0m] Finished [0;1;39msystemd-journal-catalog-u….service[0m - Rebuild Journal Catalog.
[[0;32m  OK  [0m] Finished [0;1;39msystemd-update-utmp.servi…[0mecord System Boot/Shutdown in UTMP.
[[0;32m  OK  [0m] Finished [0;1;39maudit-rules.service[0m - Load Audit Rules.
[[0;32m  OK  [0m] Finished [0;1;39mldconfig.service[0m - Rebuild Dynamic Linker Cache.
         Starting [0;1;39msystemd-update-done.service[0m - Update is Completed...
[[0;32m  OK  [0m] Finished [0;1;39msystemd-update-done.service[0m - Update is Completed.
[[0;32m  OK  [0m] Reached target [0;1;39msysinit.target[0m - System Initialization.
[[0;32m  OK  [0m] Started [0;1;39mbootc-status-updated.path[0m - Monitor bootc for status changes.
[[0;32m  OK  [0m] Started [0;1;39mcups.path[0m - CUPS Scheduler.
[[0;32m  OK  [0m] Created slice [0;1;39msystem-cups.slice[0m - CUPS Slice.
[[0;32m  OK  [0m] Started [0;1;39mlvm-devices-import.path[0m - …es-import to create system.devices.
[[0;32m  OK  [0m] Started [0;1;39mfstrim.timer[0m - Discard unused filesystem blocks once a week.
[[0;32m  OK  [0m] Started [0;1;39mlogrotate.timer[0m - Daily rotation of log files.
[[0;32m  OK  [0m] Started [0;1;39mraid-check.timer[0m - Weekly RAID setup health check.
[[0;32m  OK  [0m] Started [0;1;39mrpm-ostree-countme.timer[0m - Weekly rpm-ostree Count Me timer.
[[0;32m  OK  [0m] Started [0;1;39msystemd-tmpfiles-clean.tim…[0my Cleanup of Temporary Directories.
[[0;32m  OK  [0m] Started [0;1;39munbound-anchor.timer[0m - dai…f the root trust anchor for DNSSEC.
[[0;32m  OK  [0m] Started [0;1;39muupd.timer[0m - Auto Update System Timer For Universal Blue.
[[0;32m  OK  [0m] Reached target [0;1;39mbootc-status-update…[0m - Bootc status trigger state sync.
[[0;32m  OK  [0m] Reached target [0;1;39mpaths.target[0m - Path Units.
[[0;32m  OK  [0m] Reached target [0;1;39mtimers.target[0m - Timer Units.
[[0;32m  OK  [0m] Listening on [0;1;39mavahi-daemon.socket[0m -…DNS/DNS-SD Stack Activation Socket.
[[0;32m  OK  [0m] Listening on [0;1;39mcups.socket[0m - CUPS Scheduler.
[[0;32m  OK  [0m] Listening on [0;1;39mdbus.socket[0m - D-Bus System Message Bus Socket.
         Starting [0;1;39mpcscd.socket[0m - PC/SC Smart Card Daemon Activation Socket...
[[0;32m  OK  [0m] Listening on [0;1;39msshd-unix-local.socke…[0mtemd-ssh-generator, AF_UNIX Local).
         Starting [0;1;39msshd-vsock.socket[0m - OpenS…systemd-ssh-generator, AF_VSOCK)...
[[0;32m  OK  [0m] Listening on [0;1;39msssd-kcm.socket[0m - SSS…ros Cache Manager responder socket.
[[0;32m  OK  [0m] Listening on [0;1;39msystemd-hostnamed.socket[0m - Hostname Service Socket.
[[0;32m  OK  [0m] Listening on [0;1;39msystemd-logind-varlin…[0mer Login Management Varlink Socket.
[[0;32m  OK  [0m] Listening on [0;1;39msystemd-machined.sock…[0mtainer Registration Service Socket.
         Starting [0;1;39mdbus-broker.service[0m - D-Bus System Message Bus...
[[0;32m  OK  [0m] Listening on [0;1;39msshd-vsock.socket[0m - O… (systemd-ssh-generator, AF_VSOCK).
[[0;32m  OK  [0m] Reached target [0;1;39mssh-access.target[0m - SSH Access Available.
[[0;32m  OK  [0m] Listening on [0;1;39mpcscd.socket[0m - PC/SC Smart Card Daemon Activation Socket.
[[0;32m  OK  [0m] Reached target [0;1;39msockets.target[0m - Socket Units.
[[0;32m  OK  [0m] Started [0;1;39mdbus-broker.service[0m - D-Bus System Message Bus.
[[0;32m  OK  [0m] Reached target [0;1;39mbasic.target[0m - Basic System.
         Starting [0;1;39mauthselect-apply-changes.…rvice[0m - Apply authselect changes...
         Starting [0;1;39mavahi-daemon.service[0m - Avahi mDNS/DNS-SD Stack...
         Starting [0;1;39mbootloader-update.service[0m - Update bootloader on boot...
         Starting [0;1;39mchronyd.service[0m - NTP client/server...
[[0;32m  OK  [0m] Started [0;1;39mdmemcg-booster-system.serv…[0ming foreground games, system-level.
         Starting [0;1;39mdracut-shutdown.service[0m -…store /run/initramfs on shutdown...
[[0;32m  OK  [0m] Started [0;1;39mds-inhibit.service[0m - DualShock 4/DualSense mouse inhibitor.
[[0;32m  OK  [0m] Started [0;1;39mfirewalld.service[0m - firewalld - dynamic firewall daemon.
[[0;32m  OK  [0m] Reached target [0;1;39mnetwork-pre.target[0m - Preparation for Network.
         Starting [0;1;39mNetworkManager.service[0m - Network Manager...
         Starting [0;1;39mfoomaticrip-upgrade.servi…[0mtalled printers for foomatic-rip...
         Starting [0;1;39minput-remapper.service[0m - …odes without the GUI application...
         Starting [0;1;39mlm_sensors.service[0m - Hardware Monitoring Sensors...
         Starting [0;1;39mlvm-devices-import.service[0m - Create lvm system.devices...
         Starting [0;1;39mpolkit.service[0m - Authorization Manager...
         Starting [0;1;39mrtkit-daemon.service[0m - Re…imeKit Scheduling Policy Service...
[[0;32m  OK  [0m] Reached target [0;1;39msshd-keygen.target[0m.
         Starting [0;1;39mswitcheroo-control.servic…[0mSwitcheroo Control Proxy service...
         Starting [0;1;39msystemd-homed.service[0m - Home Area Manager...
[[0;32m  OK  [0m] Started [0;1;39mublue-os-media-automount.s…ice[0m - Mount partitons automaticaly.
         Starting [0;1;39mudisks2.service[0m - Disk Manager...
         Starting [0;1;39mupower.service[0m - Daemon for power management...
         Starting [0;1;39mfedora-atomic-desktop-app…[0ms to refresh the appstream cache...
         Starting [0;1;39mfedora-atomic-desktop-man…[0mc Destkops to update mandb cache...
[[0;32m  OK  [0m] Finished [0;1;39mauthselect-apply-changes.service[0m - Apply authselect changes.
[[0;32m  OK  [0m] Finished [0;1;39mdracut-shutdown.service[0m - Restore /run/initramfs on shutdown.
[[0;32m  OK  [0m] Finished [0;1;39mfoomaticrip-upgrade.servi…[0mnstalled printers for foomatic-rip.
[[0;32m  OK  [0m] Finished [0;1;39mlvm-devices-import.service[0m - Create lvm system.devices.
[[0;32m  OK  [0m] Reached target [0;1;39mnss-user-lookup.target[0m - User and Group Name Lookups.
         Starting [0;1;39maccounts-daemon.service[0m - Accounts Service...
         Starting [0;1;39msystemd-logind.service[0m - User Login Management...
[[0;32m  OK  [0m] Finished [0;1;39mlm_sensors.service[0m - Hardware Monitoring Sensors.
[[0;32m  OK  [0m] Started [0;1;39msystemd-homed.service[0m - Home Area Manager.
[[0;32m  OK  [0m] Started [0;1;39mswitcheroo-control.service[0m - Switcheroo Control Proxy service.
[[0;32m  OK  [0m] Started [0;1;39mrtkit-daemon.service[0m - RealtimeKit Scheduling Policy Service.
[[0;32m  OK  [0m] Finished [0;1;39msystemd-homed-activate.service[0m - Home Area Activation.
         Starting [0;1;39msystemd-hostnamed.service[0m - Hostname Service...
[[0;32m  OK  [0m] Started [0;1;39mavahi-daemon.service[0m - Avahi mDNS/DNS-SD Stack.
[[0;32m  OK  [0m] Started [0;1;39mchronyd.service[0m - NTP client/server.
[[0;32m  OK  [0m] Started [0;1;39msystemd-logind.service[0m - User Login Management.
[[0;32m  OK  [0m] Started [0;1;39msystemd-hostnamed.service[0m - Hostname Service.
[[0;32m  OK  [0m] Started [0;1;39mpolkit.service[0m - Authorization Manager.
         Starting [0;1;39mModemManager.service[0m - Modem Manager...
[[0;32m  OK  [0m] Started [0;1;39maccounts-daemon.service[0m - Accounts Service.
[[0;32m  OK  [0m] Listening on [0;1;39msystemd-rfkill.socket[0m…ll Switch Status /dev/rfkill Watch.
         Starting [0;1;39mNetworkManager-dispatcher…[0manager Script Dispatcher Service...
[[0;32m  OK  [0m] Started [0;1;39mNetworkManager.service[0m - Network Manager.
[[0;32m  OK  [0m] Reached target [0;1;39mnetwork.target[0m - Network.
         Starting [0;1;39mNetworkManager-wait-onlin…ce[0m - Network Manager Wait Online...
         Starting [0;1;39mcups.service[0m - CUPS Scheduler...
         Starting [0;1;39mgssproxy.service[0m - GSSAPI Proxy Daemon...
         Starting [0;1;39msshd.service[0m - OpenSSH server daemon...
         Starting [0;1;39mtuned.service[0m - Dynamic System Tuning Daemon...
[[0;32m  OK  [0m] Started [0;1;39mudisks2.service[0m - Disk Manager.
[[0;32m  OK  [0m] Started [0;1;39mNetworkManager-dispatcher.…[0m Manager Script Dispatcher Service.
[[0;32m  OK  [0m] Started [0;1;39mupower.service[0m - Daemon for power management.
[[0;32m  OK  [0m] Started [0;1;39msshd.service[0m - OpenSSH server daemon.
[[0;32m  OK  [0m] Started [0;1;39mcups.service[0m - CUPS Scheduler.
[0;21;39mNET: Registered PF_QIPCRTR protocol family[0m
[[0;32m  OK  [0m] Started [0;1;39mModemManager.service[0m - Modem Manager.
[[0;32m  OK  [0m] Finished [0;1;39mbootloader-update.service[0m - Update bootloader on boot.
[[0;32m  OK  [0m] Started [0;1;39mgssproxy.service[0m - GSSAPI Proxy Daemon.
         Mounting [0;1;39mvar-lib-nfs-rpc_pipefs.mount[0m - RPC Pipe File System...
[[0;32m  OK  [0m] Started [0;1;39minput-remapper.service[0m - S…ycodes without the GUI application.
[[0;32m  OK  [0m] Finished [0;1;39mNetworkManager-wait-onlin…vice[0m - Network Manager Wait Online.
[[0;32m  OK  [0m] Reached target [0;1;39mnetwork-online.target[0m - Network is Online.
         Starting [0;1;39mgreenboot-healthcheck.ser…[0m- Greenboot Health Checks Runner...
         Starting [0;1;39mrpc-statd-notify.service[0m - Notify NFS peers of a restart...
[[0;32m  OK  [0m] Started [0;1;39mrpc-statd-notify.service[0m - Notify NFS peers of a restart.
[0;21;39mRPC: Registered named UNIX socket transport module.[0m
[0;21;39mRPC: Registered udp transport module.[0m
[0;21;39mRPC: Registered tcp transport module.[0m
[0;21;39mRPC: Registered tcp-with-tls transport module.[0m
[0;21;39mRPC: Registered tcp NFSv4.1 backchannel transport module.[0m
[[0;32m  OK  [0m] Mounted [0;1;39mvar-lib-nfs-rpc_pipefs.mount[0m - RPC Pipe File System.
[[0;32m  OK  [0m] Reached target [0;1;39mrpc_pipefs.target[0m.
[[0;32m  OK  [0m] Reached target [0;1;39mnfs-client.target[0m - NFS client services.
[[0;32m  OK  [0m] Reached target [0;1;39mremote-fs-pre.targe…[0mreparation for Remote File Systems.
[[0;32m  OK  [0m] Reached target [0;1;39mremote-cryptsetup.target[0m - Remote Encrypted Volumes.
[[0;32m  OK  [0m] Reached target [0;1;39mremote-fs.target[0m - Remote File Systems.
[[0;32m  OK  [0m] Reached target [0;1;39mremote-integrityset…[0mRemote Integrity Protected Volumes.
[[0;32m  OK  [0m] Reached target [0;1;39mremote-veritysetup.…[0m - Remote Verity Protected Volumes.
[[0;32m  OK  [0m] Finished [0;1;39mfedora-atomic-desktop-app…[0mops to refresh the appstream cache.
         Starting [0;1;39mrpm-ostreed.service[0m - rpm-ostree System Management Daemon...
[[0;32m  OK  [0m] Started [0;1;39mtuned.service[0m - Dynamic System Tuning Daemon.
         Starting [0;1;39mtuned-ppd.service[0m - PPD-to-TuneD API Translation Daemon...
[[0;32m  OK  [0m] Started [0;1;39mrpm-ostreed.service[0m - rpm-ostree System Management Daemon.
         Starting [0;1;39mbazzite-hardware-setup.se…[0mure Bazzite for current hardware...
[[0;32m  OK  [0m] Finished [0;1;39mbazzite-hardware-setup.se…[0migure Bazzite for current hardware.
         Starting [0;1;39mbazzite-flatpak-manager.service[0m - Manage system flatpaks...
         Starting [0;1;39msystemd-user-sessions.service[0m - Permit User Sessions...
[[0;32m  OK  [0m] Finished [0;1;39msystemd-user-sessions.service[0m - Permit User Sessions.
         Starting [0;1;39mplymouth-quit-wait.servic…[0md until boot process finishes up...
         Starting [0;1;39mplymouth-quit.service[0m - Terminate Plymouth Boot Screen...
[    8.946714] evdi: [I] Initialising logging on level 4
[    8.948527] evdi: [I] Atomic driver: yes
[!p]104\[0m[?7h[1G[0J[6n[32766;32766H[6n[!p]104\[0m[?7h[1G[0J[6n[32766;32766H[6n]3008;start=5760a62383154a6c8b93c6f22a443955;user=root;hostname=bazzite-labwc-test;machineid=d9cf3528b7854471b0750c19885ae066;bootid=b55048e3de7d4a52848ac4bbcd48dcaa;pid=1247;pidfdid=28845;comm=(agetty);servicename=serial-getty@ttyS0.service;invocationid=fd1acd20f47746ea9d5d8fc789605d4f;type=service\P+q6E616D65\
Bazzite
Kernel 7.1.3-ogc3.4.fc44.x86_64 on x86_64 (ttyS0)

Try contacting this VM's SSH server via 'ssh vsock%4294967295' from host.

bazzite-labwc-test login: [   24.328494] clocksource: Watchdog remote CPU 6 read timed out
[!p]104\[0m[?7h[1G[0J[6n[32766;32766H[6n]3008;end=5760a62383154a6c8b93c6f22a443955\[[0;32m  OK  [0m] Started [0;1;39mplymouth-reboot.service[0m - Show Plymouth Reboot Screen.
[[0;32m  OK  [0m] Stopped [0;1;39msession-1.scope[0m - Session 1 of User user.
         Stopping [0;1;39muser@1000.service[0m - User Manager for UID 1000...
[[0;32m  OK  [0m] Stopped [0;1;39muser@1000.service[0m - User Manager for UID 1000.
         Stopping [0;1;39msystemd-oomd.service[0m - Us…space Out-Of-Memory (OOM) Killer...
         Stopping [0;1;39msystemd-user-sessions.service[0m - Permit User Sessions...
         Stopping [0;1;39muresourced.service[0m - User resource assignment daemon...
         Stopping [0;1;39muser-runtime-dir@1000.ser…[0mRuntime Directory /run/user/1000...
[[0;32m  OK  [0m] Stopped [0;1;39msystemd-oomd.service[0m - Userspace Out-Of-Memory (OOM) Killer.
[[0;32m  OK  [0m] Unmounted [0;1;39mrun-user-1000.mount[0m - /run/user/1000.
[[0;32m  OK  [0m] Stopped [0;1;39msystemd-user-sessions.service[0m - Permit User Sessions.
[[0;32m  OK  [0m] Stopped [0;1;39muser-runtime-dir@1000.serv…[0mr Runtime Directory /run/user/1000.
[[0;32m  OK  [0m] Removed slice [0;1;39muser-1000.slice[0m - User Slice of UID 1000.
[[0;32m  OK  [0m] Stopped target [0;1;39mremote-fs.target[0m - Remote File Systems.
[[0;32m  OK  [0m] Stopped target [0;1;39mremote-fs-pre.targe…[0mreparation for Remote File Systems.
[[0;32m  OK  [0m] Stopped target [0;1;39mnfs-client.target[0m - NFS client services.
[[0;32m  OK  [0m] Stopped [0;1;39mbazzite-hardware-setup.ser…[0migure Bazzite for current hardware.
         Stopping [0;1;39mgssproxy.service[0m - GSSAPI Proxy Daemon...
         Stopping [0;1;39mrpm-ostreed.service[0m - rpm-ostree System Management Daemon...
         Stopping [0;1;39msystemd-homed-activate.service[0m - Home Area Activation...
         Stopping [0;1;39msystemd-logind.service[0m - User Login Management...
         Stopping [0;1;39mtuned.service[0m - Dynamic System Tuning Daemon...
[[0;32m  OK  [0m] Stopped [0;1;39msystemd-logind.service[0m - User Login Management.
[[0;32m  OK  [0m] Stopped [0;1;39mgssproxy.service[0m - GSSAPI Proxy Daemon.
[[0;32m  OK  [0m] Stopped [0;1;39muresourced.service[0m - User resource assignment daemon.
[[0;32m  OK  [0m] Stopped [0;1;39mrpm-ostreed.service[0m - rpm-ostree System Management Daemon.
[[0;32m  OK  [0m] Stopped [0;1;39msystemd-homed-activate.service[0m - Home Area Activation.
[[0;32m  OK  [0m] Stopped target [0;1;39mnss-user-lookup.target[0m - User and Group Name Lookups.
[[0;32m  OK  [0m] Stopped [0;1;39mauthselect-apply-changes.service[0m - Apply authselect changes.
         Stopping [0;1;39msystemd-homed.service[0m - Home Area Manager...
[[0;32m  OK  [0m] Stopped [0;1;39msystemd-userdb-load-creden…[0mser/group Records from Credentials.
[[0;32m  OK  [0m] Stopped [0;1;39msystemd-homed.service[0m - Home Area Manager.
[[0;32m  OK  [0m] Stopped [0;1;39mtuned.service[0m - Dynamic System Tuning Daemon.
[[0;32m  OK  [0m] Stopped target [0;1;39mnetwork.target[0m - Network.
         Stopping [0;1;39mNetworkManager.service[0m - Network Manager...
         Stopping [0;1;39mpolkit.service[0m - Authorization Manager...
[[0;32m  OK  [0m] Stopped [0;1;39mpolkit.service[0m - Authorization Manager.
[[0;32m  OK  [0m] Stopped [0;1;39mNetworkManager.service[0m - Network Manager.
[[0;32m  OK  [0m] Stopped target [0;1;39mnetwork-pre.target[0m - Preparation for Network.
         Stopping [0;1;39mfirewalld.service[0m - firewalld - dynamic firewall daemon...
[[0;32m  OK  [0m] Stopped [0;1;39msystemd-network-generator.…[0mork Units from Kernel Command Line.
[[0;32m  OK  [0m] Stopped [0;1;39mfirewalld.service[0m - firewalld - dynamic firewall daemon.
[[0;32m  OK  [0m] Stopped target [0;1;39mbasic.target[0m - Basic System.
[[0;32m  OK  [0m] Stopped [0;1;39msystemd-ask-password-plymo…[0mquests to Plymouth Directory Watch.
[[0;32m  OK  [0m] Stopped target [0;1;39mpaths.target[0m - Path Units.
[[0;32m  OK  [0m] Stopped [0;1;39mbootc-status-updated.path[0m - Monitor bootc for status changes.
[[0;32m  OK  [0m] Stopped [0;1;39mcups.path[0m - CUPS Scheduler.
[[0;32m  OK  [0m] Stopped [0;1;39mlvm-devices-import.path[0m - …es-import to create system.devices.
[[0;32m  OK  [0m] Stopped target [0;1;39mslices.target[0m - Slice Units.
[[0;32m  OK  [0m] Removed slice [0;1;39muser.slice[0m - User and Session Slice.
[[0;32m  OK  [0m] Stopped target [0;1;39msockets.target[0m - Socket Units.
[[0;32m  OK  [0m] Closed [0;1;39mavahi-daemon.socket[0m - Avahi…DNS/DNS-SD Stack Activation Socket.
[[0;32m  OK  [0m] Closed [0;1;39mcups.socket[0m - CUPS Scheduler.
[[0;32m  OK  [0m] Closed [0;1;39mpcscd.socket[0m - PC/SC Smart Card Daemon Activation Socket.
[[0;32m  OK  [0m] Closed [0;1;39msshd-unix-local.socket[0m - Op…temd-ssh-generator, AF_UNIX Local).
         Stopping [0;1;39msshd-vsock.socket[0m - OpenS…systemd-ssh-generator, AF_VSOCK)...
[[0;32m  OK  [0m] Closed [0;1;39msssd-kcm.socket[0m - SSSD Kerberos Cache Manager responder socket.
[[0;32m  OK  [0m] Closed [0;1;39msystemd-hostnamed.socket[0m - Hostname Service Socket.
[[0;32m  OK  [0m] Closed [0;1;39msystemd-importd.socket[0m - Disk Image Download Service Socket.
[[0;32m  OK  [0m] Closed [0;1;39msystemd-logind-varlink.sock…[0mer Login Management Varlink Socket.
[[0;32m  OK  [0m] Closed [0;1;39msystemd-machined.socket[0m - V…tainer Registration Service Socket.
[[0;32m  OK  [0m] Closed [0;1;39msystemd-mountfsd.socket[0m - DDI File System Mounter Socket.
[[0;32m  OK  [0m] Closed [0;1;39msystemd-mute-console.socket[0m…nsole Output Muting Service Socket.
[[0;32m  OK  [0m] Closed [0;1;39msystemd-oomd.socket[0m - Users… Out-Of-Memory (OOM) Killer Socket.
[[0;32m  OK  [0m] Closed [0;1;39msystemd-repart.socket[0m - Disk Repartitioning Service Socket.
         Stopping [0;1;39mdbus-broker.service[0m - D-Bus System Message Bus...
[[0;32m  OK  [0m] Stopped [0;1;39mdbus-broker.service[0m - D-Bus System Message Bus.
[[0;32m  OK  [0m] Closed [0;1;39mdbus.socket[0m - D-Bus System Message Bus Socket.
[[0;32m  OK  [0m] Closed [0;1;39msshd-vsock.socket[0m - OpenSSH… (systemd-ssh-generator, AF_VSOCK).
[[0;32m  OK  [0m] Stopped target [0;1;39msysinit.target[0m - System Initialization.
[[0;32m  OK  [0m] Stopped target [0;1;39mcryptsetup.target[0m - Local Encrypted Volumes.
[[0;32m  OK  [0m] Stopped [0;1;39msystemd-ask-password-wall.…[0md Requests to Wall Directory Watch.
[[0;32m  OK  [0m] Stopped target [0;1;39mimports.target[0m - Image Downloads.
[[0;32m  OK  [0m] Stopped target [0;1;39mintegritysetup.targ…[0m Local Integrity Protected Volumes.
[[0;32m  OK  [0m] Stopped target [0;1;39mveritysetup.target[0m - Local Verity Protected Volumes.
         Stopping [0;1;39msystemd-binfmt.service[0m - Set Up Additional Binary Formats...
         Stopping [0;1;39msystemd-nsresourced.service[0m - Namespace Resource Manager...
         Stopping [0;1;39msystemd-resolved.service[0m - Network Name Resolution...
[[0;32m  OK  [0m] Stopped [0;1;39msystemd-update-done.service[0m - Update is Completed.
[[0;32m  OK  [0m] Stopped [0;1;39mldconfig.service[0m - Rebuild Dynamic Linker Cache.
[[0;32m  OK  [0m] Stopped [0;1;39msystemd-hwdb-update.service[0m - Rebuild Hardware Database.
[[0;32m  OK  [0m] Stopped [0;1;39msystemd-journal-catalog-up….service[0m - Rebuild Journal Catalog.
         Stopping [0;1;39msystemd-update-utmp.servi…[0mord System Boot/Shutdown in UTMP...
[[0;32m  OK  [0m] Stopped [0;1;39msystemd-binfmt.service[0m - Set Up Additional Binary Formats.
[[0;32m  OK  [0m] Unset automount [0;1;39mproc-sys-fs-binfmt…[0mormats File System Automount Point.
[[0;32m  OK  [0m] Stopped [0;1;39msystemd-update-utmp.servic…[0mecord System Boot/Shutdown in UTMP.
[[0;32m  OK  [0m] Stopped [0;1;39msystemd-resolved.service[0m - Network Name Resolution.
[[0;32m  OK  [0m] Stopped [0;1;39msystemd-nsresourced.service[0m - Namespace Resource Manager.
[[0;32m  OK  [0m] Closed [0;1;39msystemd-nsresourced.socket[0m - Namespace Resource Manager Socket.
[[0;32m  OK  [0m] Closed [0;1;39msystemd-resolved-monitor.so…t[0m - Resolve Monitor Varlink Socket.
[[0;32m  OK  [0m] Closed [0;1;39msystemd-resolved-varlink.so…t[0m - Resolve Service Varlink Socket.
         Stopping [0;1;39mauditd.service[0m - Security Audit Logging Service...
[[0;32m  OK  [0m] Stopped [0;1;39msystemd-sysctl.service[0m - Apply Kernel Variables.
[[0;32m  OK  [0m] Closed [0;1;39msystemd-coredump.socket[0m - Process Core Dump Socket.
[[0;32m  OK  [0m] Stopped [0;1;39msystemd-modules-load.service[0m - Load Kernel Modules.
[0;21;33mkauditd_printk_skb: 80 callbacks suppressed[0m
[0;21;32maudit: type=1305 audit(1784568989.608:472): op=set audit_pid=0 old=893 auid=4294967295 ses=4294967295 subj=system_u:system_r:auditd_t:s0 res=1[0m
[0;21;32maudit: type=1131 audit(1784568989.610:473): pid=1 uid=0 auid=4294967295 ses=4294967295 subj=system_u:system_r:init_t:s0 msg='unit=auditd comm="systemd" exe="/usr/lib/systemd/systemd" hostname=? addr=? terminal=? res=success'[0m
[[0;32m  OK  [0m] Stopped [0;1;39mauditd.service[0m - Security Audit Logging Service.
[[0;32m  OK  [0m] Stopped [0;1;39msystemd-tmpfiles-setup.ser…[0mreate System Files and Directories.
[[0;32m  OK  [0m] Stopped target [0;1;39mlocal-fs.target[0m - Local File Systems.
[0;21;32maudit: type=1131 audit(1784568989.611:474): pid=1 uid=0 auid=4294967295 ses=4294967295 subj=system_u:system_r:init_t:s0 msg='unit=systemd-tmpfiles-setup comm="systemd" exe="/usr/lib/systemd/systemd" hostname=? addr=? terminal=? res=success'[0m
         Unmounting [0;1;39mboot-efi.mount[0m - /boot/efi...
         Unmounting [0;1;39msysroot-ostree-deploy-d…[0mysroot/ostree/deploy/default/var...
         Unmounting [0;1;39mtmp.mount[0m - Temporary Directory /tmp...
         Unmounting [0;1;39mvar-home.mount[0m - /var/home...
[[0;32m  OK  [0m] Stopped [0;1;39mostree-remount.service[0m - OSTree Remount OS/ Bind Mounts.
[0;21;32maudit: type=1334 audit(1784568989.635:475): prog-id=65 op=UNLOAD[0m
[0;21;32maudit: type=1334 audit(1784568989.635:476): prog-id=51 op=UNLOAD[0m
[0;21;32maudit: type=1131 audit(1784568989.636:477): pid=1 uid=0 auid=4294967295 ses=4294967295 subj=system_u:system_r:init_t:s0 msg='unit=ostree-remount comm="systemd" exe="/usr/lib/systemd/systemd" hostname=? addr=? terminal=? res=success'[0m
[[0;32m  OK  [0m] Unmounted [0;1;39mboot-efi.mount[0m - /boot/efi.
[[0;32m  OK  [0m] Unmounted [0;1;39msysroot-ostree-deploy-de…[0m/sysroot/ostree/deploy/default/var.
[[0;32m  OK  [0m] Unmounted [0;1;39mtmp.mount[0m - Temporary Directory /tmp.
[[0;32m  OK  [0m] Unmounted [0;1;39mvar-home.mount[0m - /var/home.
[[0;32m  OK  [0m] Stopped target [0;1;39mswap.target[0m - Swaps.
         Deactivating swap [0;1;39mdev-disk-by\x2dd…-4.swap[0m - /dev/disk/by-diskseq/4...
         Unmounting [0;1;39mboot.mount[0m - /boot...
[[0;32m  OK  [0m] Stopped [0;1;39msystemd-fsck@dev-disk-by\x…[0meck on /dev/disk/by-uuid/9704-D569.
[0;21;32maudit: type=1131 audit(1784568989.677:478): pid=1 uid=0 auid=4294967295 ses=4294967295 subj=system_u:system_r:init_t:s0 msg='unit=systemd-fsck@dev-disk-by\x2duuid-9704\x2dD569 comm="systemd" exe="/usr/lib/systemd/systemd" hostname=? addr=? terminal=? res=success'[0m
[0;21;39mEXT4-fs (vda2): unmounting filesystem 7fdf5235-8f1f-4409-a05b-b2704a0cb280.[0m
[[0;32m  OK  [0m] Deactivated swap [0;1;39mdev-disk-by\x2ddi…eq-4.swap[0m - /dev/disk/by-diskseq/4.
[[0;32m  OK  [0m] Deactivated swap [0;1;39mdev-zram0.swap[0m - Compressed Swap on /dev/zram0.
[[0;32m  OK  [0m] Unmounted [0;1;39mboot.mount[0m - /boot.
[[0;32m  OK  [0m] Reached target [0;1;39mumount.target[0m - Unmount All Filesystems.
[[0;32m  OK  [0m] Stopped [0;1;39msystemd-fsck@dev-disk-by\x…[0mdf5235-8f1f-4409-a05b-b2704a0cb280.
[[0;32m  OK  [0m] Removed slice [0;1;39msystem-systemd\x2dfs…slice[0m - Slice /system/systemd-fsck.
[[0;32m  OK  [0m] Stopped target [0;1;39mlocal-fs-pre.target[0m…Preparation for Local File Systems.
[0;21;32maudit: type=1131 audit(1784568989.702:479): pid=1 uid=0 auid=4294967295 ses=4294967295 subj=system_u:system_r:init_t:s0 msg='unit=systemd-fsck@dev-disk-by\x2duuid-7fdf5235\x2d8f1f\x2d4409\x2da05b\x2db2704a0cb280 comm="systemd" exe="/usr/lib/systemd/systemd" hostname=? addr=? terminal=? res=success'[0m
         Stopping [0;1;39mlvm2-monitor.service[0m - Mo…ing dmeventd or progress polling...
[[0;32m  OK  [0m] Stopped [0;1;39msystemd-tmpfiles-setup-dev…[0mCreate Static Device Nodes in /dev.
[[0;32m  OK  [0m] Stopped [0;1;39msystemd-sysusers.service[0m - Create System Users.
[[0;32m  OK  [0m] Stopped [0;1;39msystemd-tmpfiles-setup-dev…[0mic Device Nodes in /dev gracefully.
[0;21;32maudit: type=1131 audit(1784568989.704:480): pid=1 uid=0 auid=4294967295 ses=4294967295 subj=system_u:system_r:init_t:s0 msg='unit=systemd-tmpfiles-setup-dev comm="systemd" exe="/usr/lib/systemd/systemd" hostname=? addr=? terminal=? res=success'[0m
[0;21;32maudit: type=1131 audit(1784568989.704:481): pid=1 uid=0 auid=4294967295 ses=4294967295 subj=system_u:system_r:init_t:s0 msg='unit=systemd-sysusers comm="systemd" exe="/usr/lib/systemd/systemd" hostname=? addr=? terminal=? res=success'[0m
         Stopping [0;1;39msystemd-zram-setup@zram0.…vice[0m - Create swap on /dev/zram0...
[0;21;39mzram0: detected capacity change from 8110080 to 0[0m
[[0;32m  OK  [0m] Stopped [0;1;39msystemd-zram-setup@zram0.service[0m - Create swap on /dev/zram0.
[[0;32m  OK  [0m] Removed slice [0;1;39msystem-systemd\x2dzr…[0m- Slice /system/systemd-zram-setup.
[[0;32m  OK  [0m] Stopped [0;1;39mlvm2-monitor.service[0m - Mon…using dmeventd or progress polling.
[[0;32m  OK  [0m] Reached target [0;1;39mshutdown.target[0m - System Shutdown.
[[0;32m  OK  [0m] Reached target [0;1;39mfinal.target[0m - Late Shutdown Services.
[[0;32m  OK  [0m] Finished [0;1;39msystemd-reboot.service[0m - System Reboot.
[[0;32m  OK  [0m] Reached target [0;1;39mreboot.target[0m - System Reboot.
]3008;end=8477227186694e19819b97074292d9e7\[0;21;31mwatchdog: watchdog0: watchdog did not stop![0m
[0;21;39msystemd-shutdown[1]: Using hardware watchdog /dev/watchdog0: 'iTCO_wdt', version 2.[0m
[0;21;39msystemd-shutdown[1]: Watchdog running with a hardware timeout of 10min.[0m
[0;21;39msystemd-shutdown[1]: Syncing filesystems and block devices.[0m
[0;21;39msystemd-shutdown[1]: Sending SIGTERM to remaining processes...[0m
[0;21;39msystemd-journald[669]: Received SIGTERM from PID 1 (systemd-shutdow).[0m
[  147.929050] systemd-shutdown[1]: Sending SIGKILL to remaining processes...
[  147.935671] systemd-shutdown[1]: Unmounting file systems.
[  147.938109] (sd-remount)[3289]: Remounting '/var' read-only with options 'seclabel,discard=async,space_cache=v2,subvolid=257,subvol=/root'.
[  147.958897] (sd-umount)[3290]: Unmounting '/var'.
[  147.961230] (sd-umount)[3291]: Unmounting '/run/credentials/systemd-journald.service'.
[  147.964536] (sd-remount)[3292]: Remounting '/sysroot' read-only with options 'seclabel,discard=async,space_cache=v2,subvolid=257,subvol=/root'.
[  147.968225] (sd-umount)[3295]: Unmounting '/sysroot'.
[  147.970027] (sd-remount)[3296]: Remounting '/etc' read-only with options 'seclabel,discard=async,space_cache=v2,subvolid=257,subvol=/root'.
[  147.973735] (sd-umount)[3297]: Unmounting '/etc'.
[  147.975210] systemd-shutdown[1]: All filesystems unmounted.
[  147.976541] systemd-shutdown[1]: Deactivating swaps.
[  147.978077] systemd-shutdown[1]: All swaps deactivated.
[  147.979421] systemd-shutdown[1]: Detaching loop devices.
[  147.980905] systemd-shutdown[1]: All loop devices detached.
[  147.982533] systemd-shutdown[1]: Stopping MD devices.
[  147.983833] systemd-shutdown[1]: All MD devices stopped.
[  147.985099] systemd-shutdown[1]: Detaching DM devices.
[  147.986403] systemd-shutdown[1]: All DM devices detached.
[  147.987684] systemd-shutdown[1]: All filesystems, swaps, loop devices, MD devices and DM devices detached.
[  147.989939] watchdog: watchdog0: watchdog did not stop!
[  147.999151] systemd-shutdown[1]: Syncing filesystems and block devices.
[  148.000916] systemd-shutdown[1]: Rebooting.
[  148.023833] Console: switching to colour dummy device 80x25
[  148.050401] ACPI: PM: Preparing to enter system sleep state S5
[  148.051899] kvm: exiting hardware virtualization
[  148.053173] reboot: Restarting system
[  148.054072] reboot: machine restart
[2J[001;001H[=3h[2J[001;001H[2J[001;001H[8;056;240t[2J[001;001H[2J[001;001H[=3h[2J[001;001H[2J[001;001H[8;042;160t[2J[001;001HBdsDxe: loading Boot0002 "Bazzite" from HD(1,GPT,48E1E3E3-E014-49D3-A5C9-B6A962B829F9,0x800,0x12C000)/\EFI\fedora\shimx64.efi
BdsDxe: starting Boot0002 "Bazzite" from HD(1,GPT,48E1E3E3-E014-49D3-A5C9-B6A962B829F9,0x800,0x12C000)/\EFI\fedora\shimx64.efi
[0m[30m[40m[2J[001;001H[0m[37m[40m[002;072HGRUB version 2.12

[004;002H┌────────────────────────────────────────────────────────────────────────────────────────────────────────────────────────────────────────────────────────────┐[005;002H│[005;159H│[006;002H│[006;159H│[007;002H│[007;159H│[008;002H│[008;159H│[009;002H│[009;159H│[010;002H│[010;159H│[011;002H│[011;159H│[012;002H│[012;159H│[013;002H│[013;159H│[014;002H│[014;159H│[015;002H│[015;159H│[016;002H│[016;159H│[017;002H│[017;159H│[018;002H│[018;159H│[019;002H│[019;159H│[020;002H│[020;159H│[021;002H│[021;159H│[022;002H│[022;159H│[023;002H│[023;159H│[024;002H│[024;159H│[025;002H│[025;159H│[026;002H│[026;159H│[027;002H│[027;159H│[028;002H│[028;159H│[029;002H│[029;159H│[030;002H│[030;159H│[031;002H│[031;159H│[032;002H│[032;159H│[033;002H│[033;159H│[034;002H│[034;159H│[035;002H│[035;159H│[036;002H└────────────────────────────────────────────────────────────────────────────────────────────────────────────────────────────────────────────────────────────┘[037;002H[038;002H     Use the ▲ and ▼ keys to select which entry is highlighted.                                                                                          
      Press enter to boot the selected OS, `e' to edit the commands before booting or `c' for a command-line. ESC to return previous menu.                [005;160H [0m[30m[47m[005;003H*Bazzite (ostree:0)                                                                                                                                         [0m[37m[40m[005;158H[006;003H Bazzite (ostree:1)                                                                                                                                         [006;158H[007;003H UEFI Firmware Settings                                                                                                                                     [007;158H[008;003H                                                                                                                                                            [008;158H[009;003H                                                                                                                                                            [009;158H[010;003H                                                                                                                                                            [010;158H[011;003H                                                                                                                                                            [011;158H[012;003H                                                                                                                                                            [012;158H[013;003H                                                                                                                                                            [013;158H[014;003H                                                                                                                                                            [014;158H[015;003H                                                                                                                                                            [015;158H[016;003H                                                                                                                                                            [016;158H[017;003H                                                                                                                                                            [017;158H[018;003H                                                                                                                                                            [018;158H[019;003H                                                                                                                                                            [019;158H[020;003H                                                                                                                                                            [020;158H[021;003H                                                                                                                                                            [021;158H[022;003H                                                                                                                                                            [022;158H[023;003H                                                                                                                                                            [023;158H[024;003H                                                                                                                                                            [024;158H[025;003H                                                                                                                                                            [025;158H[026;003H                                                                                                                                                            [026;158H[027;003H                                                                                                                                                            [027;158H[028;003H                                                                                                                                                            [028;158H[029;003H                                                                                                                                                            [029;158H[030;003H                                                                                                                                                            [030;158H[031;003H                                                                                                                                                            [031;158H[032;003H                                                                                                                                                            [032;158H[033;003H                                                                                                                                                            [033;158H[034;003H                                                                                                                                                            [034;158H[035;003H                                                                                                                                                            [035;158H[035;160H [005;158H[040;001H   The highlighted entry will be executed automatically in 1s.                                                                                                 [005;158H[040;001H   The highlighted entry will be executed automatically in 0s.                                                                                                 [005;158H[0m[30m[40m[2J[001;001H[0m[37m[40m[0m[30m[40m[2J[001;001H[0m[37m[40m  Booting `Bazzite (ostree:0)'

[    0.000000] Linux version 7.1.3-ogc3.4.fc44.x86_64 (root@b94170d5dfd0) (gcc (GCC) 16.1.1 20260515 (Red Hat 16.1.1-2), GNU ld version 2.46-3.fc44) #1 SMP PREEMPT_DYNAMIC Fri Jul 10 04:06:08 UTC 2026
[    0.000000] Command line: BOOT_IMAGE=(hd0,gpt2)/ostree/default-a68fdf669824e7bea84f6339c1b0a162c5382aa3213bb37b639d9879f3bc9dc0/vmlinuz-7.1.3-ogc3.4.fc44.x86_64 ostree=/ostree/boot.0/default/a68fdf669824e7bea84f6339c1b0a162c5382aa3213bb37b639d9879f3bc9dc0/0 console=tty0 console=ttyS0,115200 root=UUID=16d6e9ea-19b9-4095-9bf1-4c3c4973c5b8 vconsole.keymap=us rootflags=subvol=root rw bluetooth.disable_ertm=1
[    0.000000] BIOS-provided physical RAM map:
[    0.000000] BIOS-e820: [mem 0x0000000000000000-0x000000000009ffff]  System RAM
[    0.000000] BIOS-e820: [gap 0x00000000000a0000-0x00000000000fffff]
[    0.000000] BIOS-e820: [mem 0x0000000000100000-0x00000000007fffff]  System RAM
[    0.000000] BIOS-e820: [mem 0x0000000000800000-0x0000000000807fff]  ACPI NVS
[    0.000000] BIOS-e820: [mem 0x0000000000808000-0x000000000080afff]  System RAM
[    0.000000] BIOS-e820: [mem 0x000000000080b000-0x000000000080bfff]  ACPI NVS
[    0.000000] BIOS-e820: [mem 0x000000000080c000-0x0000000000811fff]  System RAM
[    0.000000] BIOS-e820: [mem 0x0000000000812000-0x0000000000812fff]  device reserved
[    0.000000] BIOS-e820: [mem 0x0000000000813000-0x0000000000813fff]  System RAM
[    0.000000] BIOS-e820: [mem 0x0000000000814000-0x00000000008fffff]  ACPI NVS
[    0.000000] BIOS-e820: [mem 0x0000000000900000-0x000000007def9fff]  System RAM
[    0.000000] BIOS-e820: [mem 0x000000007defa000-0x000000007defbfff]  device reserved
[    0.000000] BIOS-e820: [mem 0x000000007defc000-0x000000007f8ecfff]  System RAM
[    0.000000] BIOS-e820: [mem 0x000000007f8ed000-0x000000007fb6cfff]  device reserved
[    0.000000] BIOS-e820: [mem 0x000000007fb6d000-0x000000007fb7efff]  ACPI data
[    0.000000] BIOS-e820: [mem 0x000000007fb7f000-0x000000007fbfefff]  ACPI NVS
[    0.000000] BIOS-e820: [mem 0x000000007fbff000-0x000000007ff1ffff]  System RAM
[    0.000000] BIOS-e820: [mem 0x000000007ff20000-0x000000007ff3ffff]  device reserved
[    0.000000] BIOS-e820: [mem 0x000000007ff40000-0x000000007fffffff]  ACPI NVS
[    0.000000] BIOS-e820: [gap 0x0000000080000000-0x00000000dfffffff]
[    0.000000] BIOS-e820: [mem 0x00000000e0000000-0x00000000efffffff]  device reserved
[    0.000000] BIOS-e820: [gap 0x00000000f0000000-0x00000000feffbfff]
[    0.000000] BIOS-e820: [mem 0x00000000feffc000-0x00000000feffffff]  device reserved
[    0.000000] BIOS-e820: [gap 0x00000000ff000000-0x00000000ffdfffff]
[    0.000000] BIOS-e820: [mem 0x00000000ffe00000-0x00000000ffffffff]  device reserved
[    0.000000] BIOS-e820: [mem 0x0000000100000000-0x000000027fffffff]  System RAM
[    0.000000] BIOS-e820: [gap 0x0000000280000000-0x000000fcffffffff]
[    0.000000] BIOS-e820: [mem 0x000000fd00000000-0x000000ffffffffff]  device reserved
[    0.000000] NX (Execute Disable) protection: active
[    0.000000] APIC: Static calls initialized
[    0.000000] efi: EFI v2.7 by EDK II
[    0.000000] efi: SMBIOS=0x7f8f0000 ACPI=0x7fb7e000 ACPI 2.0=0x7fb7e014 MEMATTR=0x7def7018 MOKvar=0x7defa000 RNG=0x7fb73018 
[    0.000000] random: crng init done
[    0.000000] efi: Remove mem114: MMIO range=[0xffe00000-0xffffffff] (2MB) from e820 map
[    0.000000] DMI: SMBIOS 2.8 present.
[    0.000000] DMI: QEMU Standard PC (Q35 + ICH9, 2009), BIOS edk2-20260508-6.fc44 05/08/2026
[    0.000000] DMI: Memory slots populated: 1/1
[    0.000000] Hypervisor detected: KVM
[    0.000000] last_pfn = 0x7ff20 max_arch_pfn = 0x400000000
[    0.000000] kvm-clock: Using msrs 4b564d01 and 4b564d00
[    0.000000] kvm-clock: using sched offset of 2048380905600 cycles
[    0.000002] clocksource: kvm-clock: mask: 0xffffffffffffffff max_cycles: 0x1cd42e4dffb, max_idle_ns: 881590591483 ns
[    0.000005] tsc: Detected 4099.996 MHz processor
[    0.000106] last_pfn = 0x280000 max_arch_pfn = 0x400000000
[    0.000143] MTRR map: 4 entries (2 fixed + 2 variable; max 18), built from 8 variable MTRRs
[    0.000146] x86/PAT: Configuration [0-7]: WB  WC  UC- UC  WB  WP  UC- WT  
[    0.000197] last_pfn = 0x7ff20 max_arch_pfn = 0x400000000
[    0.004002] Using GB pages for direct mapping
[    0.004547] Secure boot disabled
[    0.004548] RAMDISK: [mem 0x65837000-0x74888fff]
[    0.004552] ACPI: Early table checksum verification disabled
[    0.004554] ACPI: RSDP 0x000000007FB7E014 000024 (v02 BOCHS )
[    0.004557] ACPI: XSDT 0x000000007FB7D0E8 000054 (v01 BOCHS  BXPC     00000001      01000013)
[    0.004561] ACPI: FACP 0x000000007FB79000 0000F4 (v03 BOCHS  BXPC     00000001 BXPC 00000001)
[    0.004567] ACPI: DSDT 0x000000007FB7A000 002379 (v01 BOCHS  BXPC     00000001 BXPC 00000001)
[    0.004570] ACPI: FACS 0x000000007FBDD000 000040
[    0.004574] ACPI: APIC 0x000000007FB78000 0000B0 (v03 BOCHS  BXPC     00000001 BXPC 00000001)
[    0.004577] ACPI: HPET 0x000000007FB77000 000038 (v01 BOCHS  BXPC     00000001 BXPC 00000001)
[    0.004580] ACPI: MCFG 0x000000007FB76000 00003C (v01 BOCHS  BXPC     00000001 BXPC 00000001)
[    0.004584] ACPI: WAET 0x000000007FB75000 000028 (v01 BOCHS  BXPC     00000001 BXPC 00000001)
[    0.004587] ACPI: BGRT 0x000000007FB74000 000038 (v01 INTEL  EDK2     00000002      01000013)
[    0.004589] ACPI: Reserving FACP table memory at [mem 0x7fb79000-0x7fb790f3]
[    0.004590] ACPI: Reserving DSDT table memory at [mem 0x7fb7a000-0x7fb7c378]
[    0.004590] ACPI: Reserving FACS table memory at [mem 0x7fbdd000-0x7fbdd03f]
[    0.004591] ACPI: Reserving APIC table memory at [mem 0x7fb78000-0x7fb780af]
[    0.004592] ACPI: Reserving HPET table memory at [mem 0x7fb77000-0x7fb77037]
[    0.004592] ACPI: Reserving MCFG table memory at [mem 0x7fb76000-0x7fb7603b]
[    0.004593] ACPI: Reserving WAET table memory at [mem 0x7fb75000-0x7fb75027]
[    0.004593] ACPI: Reserving BGRT table memory at [mem 0x7fb74000-0x7fb74037]
[    0.005089] No NUMA configuration found
[    0.005090] Faking a node at [mem 0x0000000000000000-0x000000027fffffff]
[    0.005099] NODE_DATA(0) allocated [mem 0x27ffd4f80-0x27fffffff]
[    0.006027] ACPI: PM-Timer IO Port: 0x608
[    0.006039] ACPI: LAPIC_NMI (acpi_id[0xff] dfl dfl lint[0x1])
[    0.006062] IOAPIC[0]: apic_id 0, version 17, address 0xfec00000, GSI 0-23
[    0.006064] ACPI: INT_SRC_OVR (bus 0 bus_irq 0 global_irq 2 dfl dfl)
[    0.006065] ACPI: INT_SRC_OVR (bus 0 bus_irq 5 global_irq 5 high level)
[    0.006066] ACPI: INT_SRC_OVR (bus 0 bus_irq 9 global_irq 9 high level)
[    0.006067] ACPI: INT_SRC_OVR (bus 0 bus_irq 10 global_irq 10 high level)
[    0.006068] ACPI: INT_SRC_OVR (bus 0 bus_irq 11 global_irq 11 high level)
[    0.006070] ACPI: Using ACPI (MADT) for SMP configuration information
[    0.006071] ACPI: HPET id: 0x8086a201 base: 0xfed00000
[    0.006091] TSC deadline timer available
[    0.006093] CPU topo: Max. logical packages:   1
[    0.006093] CPU topo: Max. logical nodes:      1
[    0.006094] CPU topo: Num. nodes per package:  1
[    0.006095] CPU topo: Max. logical dies:       1
[    0.006096] CPU topo: Max. dies per package:   1
[    0.006099] CPU topo: Max. threads per core:   1
[    0.006099] CPU topo: Num. cores per package:     8
[    0.006100] CPU topo: Num. threads per package:   8
[    0.006100] CPU topo: Allowing 8 present CPUs plus 0 hotplug CPUs
[    0.006113] kvm-guest: APIC: eoi() replaced with kvm_guest_apic_eoi_write()
[    0.006124] kvm-guest: KVM setup pv remote TLB flush
[    0.006127] kvm-guest: setup PV sched yield
[    0.006141] PM: hibernation: Registered nosave memory: [mem 0x00000000-0x00000fff]
[    0.006143] PM: hibernation: Registered nosave memory: [mem 0x000a0000-0x000fffff]
[    0.006144] PM: hibernation: Registered nosave memory: [mem 0x00800000-0x00807fff]
[    0.006145] PM: hibernation: Registered nosave memory: [mem 0x0080b000-0x0080bfff]
[    0.006146] PM: hibernation: Registered nosave memory: [mem 0x00812000-0x00812fff]
[    0.006147] PM: hibernation: Registered nosave memory: [mem 0x00814000-0x008fffff]
[    0.006148] PM: hibernation: Registered nosave memory: [mem 0x7defa000-0x7defbfff]
[    0.006149] PM: hibernation: Registered nosave memory: [mem 0x7df06000-0x7df0efff]
[    0.006150] PM: hibernation: Registered nosave memory: [mem 0x7f8ed000-0x7fbfefff]
[    0.006151] PM: hibernation: Registered nosave memory: [mem 0x7ff20000-0xffffffff]
[    0.006152] [gap 0x80000000-0xdfffffff] available for PCI devices
[    0.006154] Booting paravirtualized kernel on KVM
[    0.006155] clocksource: refined-jiffies: mask: 0xffffffff max_cycles: 0xffffffff, max_idle_ns: 1910969940391419 ns
[    0.012066] Zone ranges:
[    0.012066]   DMA      [mem 0x0000000000001000-0x0000000000ffffff]
[    0.012068]   DMA32    [mem 0x0000000001000000-0x00000000ffffffff]
[    0.012069]   Normal   [mem 0x0000000100000000-0x000000027fffffff]
[    0.012070]   Device   empty
[    0.012071] Movable zone start for each node
[    0.012072] Early memory node ranges
[    0.012073]   node   0: [mem 0x0000000000001000-0x000000000009ffff]
[    0.012074]   node   0: [mem 0x0000000000100000-0x00000000007fffff]
[    0.012074]   node   0: [mem 0x0000000000808000-0x000000000080afff]
[    0.012075]   node   0: [mem 0x000000000080c000-0x0000000000811fff]
[    0.012075]   node   0: [mem 0x0000000000813000-0x0000000000813fff]
[    0.012076]   node   0: [mem 0x0000000000900000-0x000000007def9fff]
[    0.012076]   node   0: [mem 0x000000007defc000-0x000000007f8ecfff]
[    0.012077]   node   0: [mem 0x000000007fbff000-0x000000007ff1ffff]
[    0.012077]   node   0: [mem 0x0000000100000000-0x000000027fffffff]
[    0.012079] Initmem setup node 0 [mem 0x0000000000001000-0x000000027fffffff]
[    0.012091] On node 0, zone DMA: 1 pages in unavailable ranges
[    0.012148] On node 0, zone DMA: 96 pages in unavailable ranges
[    0.012151] On node 0, zone DMA: 8 pages in unavailable ranges
[    0.012151] On node 0, zone DMA: 1 pages in unavailable ranges
[    0.012152] On node 0, zone DMA: 1 pages in unavailable ranges
[    0.012208] On node 0, zone DMA: 236 pages in unavailable ranges
[    0.027079] On node 0, zone DMA32: 2 pages in unavailable ranges
[    0.027130] On node 0, zone DMA32: 786 pages in unavailable ranges
[    0.072872] On node 0, zone Normal: 224 pages in unavailable ranges
[    0.072891] setup_percpu: NR_CPUS:8192 nr_cpumask_bits:8 nr_cpu_ids:8 nr_node_ids:1
[    0.074901] percpu: Embedded 85 pages/cpu s225280 r8192 d114688 u524288
[    0.074952] kvm-guest: PV spinlocks enabled
[    0.074954] PV qspinlock hash table entries: 256 (order: 0, 4096 bytes, linear)
[    0.074957] Kernel command line: BOOT_IMAGE=(hd0,gpt2)/ostree/default-a68fdf669824e7bea84f6339c1b0a162c5382aa3213bb37b639d9879f3bc9dc0/vmlinuz-7.1.3-ogc3.4.fc44.x86_64 ostree=/ostree/boot.0/default/a68fdf669824e7bea84f6339c1b0a162c5382aa3213bb37b639d9879f3bc9dc0/0 console=tty0 console=ttyS0,115200 root=UUID=16d6e9ea-19b9-4095-9bf1-4c3c4973c5b8 vconsole.keymap=us rootflags=subvol=root rw bluetooth.disable_ertm=1
[    0.075177] Unknown kernel command line parameters "ostree=/ostree/boot.0/default/a68fdf669824e7bea84f6339c1b0a162c5382aa3213bb37b639d9879f3bc9dc0/0", will be passed to user space.
[    0.075379] printk: log buffer data + meta data: 262144 + 1114112 = 1376256 bytes
[    0.079091] Dentry cache hash table entries: 1048576 (order: 11, 8388608 bytes, linear)
[    0.080952] Inode-cache hash table entries: 524288 (order: 10, 4194304 bytes, linear)
[    0.081041] software IO TLB: area num 8.
[    0.094625] Fallback order for Node 0: 0 
[    0.094630] Built 1 zonelists, mobility grouping on.  Total pages: 2095797
[    0.094631] Policy zone: Normal
[    0.095708] mem auto-init: stack:all(zero), heap alloc:on, heap free:off
[    0.106802] SLUB: HWalign=64, Order=0-3, MinObjects=0, CPUs=8, Nodes=1
[    0.117333] ftrace: allocating 64544 entries in 254 pages
[    0.117336] ftrace: allocated 254 pages with 7 groups
[    0.118185] Dynamic Preempt: lazy
[    0.118332] rcu: Preemptible hierarchical RCU implementation.
[    0.118332] rcu: 	RCU event tracing is enabled.
[    0.118333] rcu: 	RCU restricting CPUs from NR_CPUS=8192 to nr_cpu_ids=8.
[    0.118334] 	Trampoline variant of Tasks RCU enabled.
[    0.118334] 	Rude variant of Tasks RCU enabled.
[    0.118335] 	Tracing variant of Tasks RCU enabled.
[    0.118335] rcu: RCU calculated value of scheduler-enlistment delay is 100 jiffies.
[    0.118336] rcu: Adjusting geometry for rcu_fanout_leaf=16, nr_cpu_ids=8
[    0.118349] RCU Tasks: Setting shift to 3 and lim to 1 rcu_task_cb_adjust=1 rcu_task_cpu_ids=8.
[    0.118351] RCU Tasks Rude: Setting shift to 3 and lim to 1 rcu_task_cb_adjust=1 rcu_task_cpu_ids=8.
[    0.122576] NR_IRQS: 524544, nr_irqs: 488, preallocated irqs: 16
[    0.122833] rcu: srcu_init: Setting srcu_struct sizes based on contention.
[    0.123012] kfence: initialized - using 2097152 bytes for 255 objects at 0x(____ptrval____)-0x(____ptrval____)
[    0.123102] Console: colour dummy device 80x25
[    0.123104] printk: legacy console [tty0] enabled
[    0.123360] printk: legacy console [ttyS0] enabled
[    0.459729] ACPI: Core revision 20251212
[    0.461160] clocksource: hpet: mask: 0xffffffff max_cycles: 0xffffffff, max_idle_ns: 19112604467 ns
[    0.464002] APIC: Switch to symmetric I/O mode setup
[    0.465667] x2apic enabled
[    0.466733] APIC: Switched APIC routing to: physical x2apic
[    0.468436] kvm-guest: APIC: send_IPI_mask() replaced with kvm_send_ipi_mask()
[    0.470603] kvm-guest: APIC: send_IPI_mask_allbutself() replaced with kvm_send_ipi_mask_allbutself()
[    0.473323] kvm-guest: setup PV IPIs
[    0.475275] ..TIMER: vector=0x30 apic1=0 pin1=2 apic2=-1 pin2=-1
[    0.477096] clocksource: tsc-early: mask: 0xffffffffffffffff max_cycles: 0x3b195b6e39b, max_idle_ns: 440795394037 ns
[    0.480207] Calibrating delay loop (skipped) preset value.. 8199.99 BogoMIPS (lpj=4099996)
[    0.481329] x86/cpu: User Mode Instruction Prevention (UMIP) activated
[    0.482324] Last level iTLB entries: 4KB 512, 2MB 255, 4MB 127
[    0.483210] Last level dTLB entries: 4KB 512, 2MB 255, 4MB 127, 1GB 0
[    0.484222] mitigations: Enabled attack vectors: user_kernel, user_user, guest_host, guest_guest, SMT mitigations: auto
[    0.485212] Speculative Store Bypass: Mitigation: Speculative Store Bypass disabled via prctl
[    0.486210] Transient Scheduler Attacks: Mitigation: Clear CPU buffers
[    0.487210] Spectre V2 : Mitigation: Enhanced / Automatic IBRS
[    0.488210] Speculative Return Stack Overflow: Mitigation: Safe RET
[    0.489210] Spectre V1 : Mitigation: usercopy/swapgs barriers and __user pointer sanitization
[    0.490216] Spectre V2 : mitigation: Enabling conditional Indirect Branch Prediction Barrier
[    0.491211] active return thunk: srso_alias_return_thunk
[    0.492234] x86/fpu: Supporting XSAVE feature 0x001: 'x87 floating point registers'
[    0.493210] x86/fpu: Supporting XSAVE feature 0x002: 'SSE registers'
[    0.494210] x86/fpu: Supporting XSAVE feature 0x004: 'AVX registers'
[    0.495210] x86/fpu: Supporting XSAVE feature 0x020: 'AVX-512 opmask'
[    0.496209] x86/fpu: Supporting XSAVE feature 0x040: 'AVX-512 Hi256'
[    0.497210] x86/fpu: Supporting XSAVE feature 0x080: 'AVX-512 ZMM_Hi256'
[    0.498210] x86/fpu: Supporting XSAVE feature 0x200: 'Protection Keys User registers'
[    0.499215] x86/fpu: xstate_offset[2]:  576, xstate_sizes[2]:  256
[    0.500210] x86/fpu: xstate_offset[5]:  832, xstate_sizes[5]:   64
[    0.501210] x86/fpu: xstate_offset[6]:  896, xstate_sizes[6]:  512
[    0.502210] x86/fpu: xstate_offset[7]: 1408, xstate_sizes[7]: 1024
[    0.503210] x86/fpu: xstate_offset[9]: 2432, xstate_sizes[9]:    8
[    0.504210] x86/fpu: Enabled xstate features 0x2e7, context size is 2440 bytes, using 'compacted' format.
[    0.533408] pid_max: default: 32768 minimum: 301
[    0.534364] Yama: becoming mindful.
[    0.535217] SELinux:  Initializing.
[    0.537576] LSM support for eBPF active
[    0.538237] landlock: Up and running.
[    0.539358] Mount-cache hash table entries: 16384 (order: 5, 131072 bytes, linear)
[    0.540272] Mountpoint-cache hash table entries: 16384 (order: 5, 131072 bytes, linear)
[    0.541420] VFS: Finished mounting rootfs on nullfs
[    0.542832] smpboot: CPU0: AMD Ryzen 7 8700F 8-Core Processor (family: 0x19, model: 0x75, stepping: 0x2)
[    0.543643] Performance Events: Fam17h+ core perfctr, AMD PMU driver.
[    0.544221] ... version:                   2
[    0.545212] ... bit width:                 48
[    0.546212] ... generic counters:          6
[    0.547212] ... generic bitmap:            000000000000003f
[    0.548213] ... fixed-purpose counters:    0
[    0.549212] ... fixed-purpose bitmap:      0000000000000000
[    0.550213] ... value mask:                0000ffffffffffff
[    0.551213] ... max period:                00007fffffffffff
[    0.552213] ... global_ctrl mask:          000000000000003f
[    0.553321] signal: max sigframe size: 3376
[    0.554268] rcu: Hierarchical SRCU implementation.
[    0.555217] rcu: 	Max phase no-delay instances is 400.
[    0.556348] Timer migration: 1 hierarchy levels; 8 children per group; 1 crossnode level
[    0.562732] smp: Bringing up secondary CPUs ...
[    0.563459] smpboot: x86: Booting SMP configuration:
[    0.564223] .... node  #0, CPUs:      #1 #2 #3 #4 #5 #6 #7
[    0.568271] smp: Brought up 1 node, 8 CPUs
[    0.570216] smpboot: Total of 8 processors activated (65599.93 BogoMIPS)
[    0.571800] Memory: 7798092K/8383188K available (24368K kernel code, 4756K rwdata, 18752K rodata, 5300K init, 4316K bss, 572428K reserved, 0K cma-reserved)
[    0.572499] devtmpfs: initialized
[    0.573347] x86/mm: Memory block size: 128MB
[    0.575701] ACPI: PM: Registering ACPI NVS region [mem 0x00800000-0x00807fff] (32768 bytes)
[    0.576215] ACPI: PM: Registering ACPI NVS region [mem 0x0080b000-0x0080bfff] (4096 bytes)
[    0.577215] ACPI: PM: Registering ACPI NVS region [mem 0x00814000-0x008fffff] (966656 bytes)
[    0.578236] ACPI: PM: Registering ACPI NVS region [mem 0x7fb7f000-0x7fbfefff] (524288 bytes)
[    0.579227] ACPI: PM: Registering ACPI NVS region [mem 0x7ff40000-0x7fffffff] (786432 bytes)
[    0.580431] clocksource: jiffies: mask: 0xffffffff max_cycles: 0xffffffff, max_idle_ns: 1911260446275000 ns
[    0.581260] posixtimers hash table entries: 4096 (order: 4, 65536 bytes, linear)
[    0.582282] futex hash table entries: 2048 (131072 bytes on 1 NUMA nodes, total 128 KiB, linear).
[    0.583362] xor: automatically using best checksumming function   avx       
[    0.584629] PM: RTC time: 17:36:35, date: 2026-07-20
[    0.586550] NET: Registered PF_NETLINK/PF_ROUTE protocol family
[    0.587933] DMA: preallocated 1024 KiB GFP_KERNEL pool for atomic allocations
[    0.588671] DMA: preallocated 1024 KiB GFP_KERNEL|GFP_DMA pool for atomic allocations
[    0.589696] DMA: preallocated 1024 KiB GFP_KERNEL|GFP_DMA32 pool for atomic allocations
[    0.590228] audit: initializing netlink subsys (disabled)
[    0.591260] audit: type=2000 audit(1784568994.789:1): state=initialized audit_enabled=0 res=1
[    0.591371] thermal_sys: Registered thermal governor 'fair_share'
[    0.592214] thermal_sys: Registered thermal governor 'bang_bang'
[    0.593213] thermal_sys: Registered thermal governor 'step_wise'
[    0.594213] thermal_sys: Registered thermal governor 'user_space'
[    0.595225] cpuidle: using governor menu
[    0.598366] Freeing SMP alternatives memory: 60K
[    0.601477] efi: Freeing EFI boot services memory: 44748K
[    0.602215] acpiphp: ACPI Hot Plug PCI Controller Driver version: 0.5
[    0.603462] PCI: ECAM [mem 0xe0000000-0xefffffff] (base 0xe0000000) for domain 0000 [bus 00-ff]
[    0.604225] PCI: Using configuration type 1 for base access
[    0.605312] virt/tdx: TDX not supported by the host platform
[    0.606286] kprobes: kprobe jump-optimization is enabled. All kprobes are optimized if possible.
[    0.607493] HugeTLB: registered 1.00 GiB page size, pre-allocated 0 pages
[    0.608218] HugeTLB: 16380 KiB vmemmap can be freed for a 1.00 GiB page
[    0.609222] HugeTLB: registered 2.00 MiB page size, pre-allocated 0 pages
[    0.610213] HugeTLB: 28 KiB vmemmap can be freed for a 2.00 MiB page
[    0.614982] raid6: skipped pq benchmark and selected avx512x4
[    0.615213] raid6: using avx512x2 recovery algorithm
[    0.616350] fbcon: Taking over console
[    0.617259] ACPI: Added _OSI(Module Device)
[    0.617262] ACPI: Added _OSI(Processor Device)
[    0.617263] ACPI: Added _OSI(Processor Aggregator Device)
[    0.622363] ACPI: 1 ACPI AML tables successfully acquired and loaded
[    0.623764] ACPI: \_SB_: platform _OSC: OS support mask [006e7eff]
[    0.624448] ACPI: Interpreter enabled
[    0.625228] ACPI: PM: (supports S0 S3 S4 S5)
[    0.626213] ACPI: Using IOAPIC for interrupt routing
[    0.627396] PCI: Using host bridge windows from ACPI; if necessary, use "pci=nocrs" and report a bug
[    0.628215] PCI: Ignoring E820 reservations for host bridge windows
[    0.629370] ACPI: Enabled 2 GPEs in block 00 to 3F
[    0.634221] ACPI: PCI Root Bridge [PCI0] (domain 0000 [bus 00-ff])
[    0.635218] acpi PNP0A08:00: _OSC: OS supports [ExtendedConfig ASPM ClockPM Segments MSI EDR HPX-Type3]
[    0.636283] acpi PNP0A08:00: _OSC: platform does not support [PCIeHotplug LTR DPC]
[    0.637325] acpi PNP0A08:00: _OSC: OS now controls [SHPCHotplug PME AER PCIeCapability]
[    0.638537] PCI host bridge to bus 0000:00
[    0.639218] pci_bus 0000:00: root bus resource [io  0x0000-0x0cf7 window]
[    0.640214] pci_bus 0000:00: root bus resource [io  0x0d00-0xffff window]
[    0.641214] pci_bus 0000:00: root bus resource [mem 0x000a0000-0x000bffff window]
[    0.642214] pci_bus 0000:00: root bus resource [mem 0x80000000-0xdfffffff window]
[    0.643214] pci_bus 0000:00: root bus resource [mem 0xf0000000-0xfebfffff window]
[    0.644217] pci_bus 0000:00: root bus resource [mem 0x380000000000-0x3807ffffffff window]
[    0.645215] pci_bus 0000:00: root bus resource [bus 00-ff]
[    0.646312] pci 0000:00:00.0: [8086:29c0] type 00 class 0x060000 conventional PCI endpoint
[    0.648296] pci 0000:00:01.0: [1af4:1000] type 00 class 0x020000 conventional PCI endpoint
[    0.651126] pci 0000:00:01.0: BAR 0 [io  0x60e0-0x60ff]
[    0.651228] pci 0000:00:01.0: BAR 1 [mem 0x80845000-0x80845fff]
[    0.652267] pci 0000:00:01.0: BAR 4 [mem 0x380000000000-0x380000003fff 64bit pref]
[    0.653228] pci 0000:00:01.0: ROM [mem 0xfffc0000-0xffffffff pref]
[    0.655562] pci 0000:00:02.0: [1af4:1050] type 00 class 0x030000 conventional PCI endpoint
[    0.658290] pci 0000:00:02.0: BAR 0 [mem 0x80000000-0x807fffff pref]
[    0.659280] pci 0000:00:02.0: BAR 2 [mem 0x380000004000-0x380000007fff 64bit pref]
[    0.660229] pci 0000:00:02.0: BAR 4 [mem 0x80844000-0x80844fff]
[    0.661245] pci 0000:00:02.0: ROM [mem 0xffff0000-0xffffffff pref]
[    0.662449] pci 0000:00:02.0: Video device with shadowed ROM at [mem 0x000c0000-0x000dffff]
[    0.664931] pci 0000:00:03.0: [1af4:1052] type 00 class 0x098000 conventional PCI endpoint
[    0.666251] pci 0000:00:03.0: BAR 1 [mem 0x80843000-0x80843fff]
[    0.667267] pci 0000:00:03.0: BAR 4 [mem 0x380000008000-0x38000000bfff 64bit pref]
[    0.669411] pci 0000:00:04.0: [1af4:1052] type 00 class 0x090000 conventional PCI endpoint
[    0.671919] pci 0000:00:04.0: BAR 1 [mem 0x80842000-0x80842fff]
[    0.672268] pci 0000:00:04.0: BAR 4 [mem 0x38000000c000-0x38000000ffff 64bit pref]
[    0.674410] pci 0000:00:05.0: [1af4:1001] type 00 class 0x010000 conventional PCI endpoint
[    0.677146] pci 0000:00:05.0: BAR 0 [io  0x6000-0x607f]
[    0.677228] pci 0000:00:05.0: BAR 1 [mem 0x80841000-0x80841fff]
[    0.678267] pci 0000:00:05.0: BAR 4 [mem 0x380000010000-0x380000013fff 64bit pref]
[    0.680591] pci 0000:00:1f.0: [8086:2918] type 00 class 0x060100 conventional PCI endpoint
[    0.681895] pci 0000:00:1f.0: quirk: [io  0x0600-0x067f] claimed by ICH6 ACPI/GPIO/TCO
[    0.682671] pci 0000:00:1f.2: [8086:2922] type 00 class 0x010601 conventional PCI endpoint
[    0.684754] pci 0000:00:1f.2: BAR 4 [io  0x60c0-0x60df]
[    0.685228] pci 0000:00:1f.2: BAR 5 [mem 0x80840000-0x80840fff]
[    0.686882] pci 0000:00:1f.3: [8086:2930] type 00 class 0x0c0500 conventional PCI endpoint
[    0.687814] pci 0000:00:1f.3: BAR 4 [io  0x6080-0x60bf]
[    0.691880] ACPI: PCI: Interrupt link LNKA configured for IRQ 10
[    0.692367] ACPI: PCI: Interrupt link LNKB configured for IRQ 10
[    0.693366] ACPI: PCI: Interrupt link LNKC configured for IRQ 11
[    0.694357] ACPI: PCI: Interrupt link LNKD configured for IRQ 11
[    0.695371] ACPI: PCI: Interrupt link LNKE configured for IRQ 10
[    0.696367] ACPI: PCI: Interrupt link LNKF configured for IRQ 10
[    0.697354] ACPI: PCI: Interrupt link LNKG configured for IRQ 11
[    0.698365] ACPI: PCI: Interrupt link LNKH configured for IRQ 11
[    0.699273] ACPI: PCI: Interrupt link GSIA configured for IRQ 16
[    0.700229] ACPI: PCI: Interrupt link GSIB configured for IRQ 17
[    0.701228] ACPI: PCI: Interrupt link GSIC configured for IRQ 18
[    0.702228] ACPI: PCI: Interrupt link GSID configured for IRQ 19
[    0.703232] ACPI: PCI: Interrupt link GSIE configured for IRQ 20
[    0.704228] ACPI: PCI: Interrupt link GSIF configured for IRQ 21
[    0.705228] ACPI: PCI: Interrupt link GSIG configured for IRQ 22
[    0.706237] ACPI: PCI: Interrupt link GSIH configured for IRQ 23
[    0.708611] iommu: Default domain type: Translated
[    0.709213] iommu: DMA domain TLB invalidation policy: lazy mode
[    0.711397] SCSI subsystem initialized
[    0.712303] ACPI: bus type USB registered
[    0.713275] usbcore: registered new interface driver usbfs
[    0.714235] usbcore: registered new interface driver hub
[    0.715226] usbcore: registered new device driver usb
[    0.716278] pps_core: LinuxPPS API ver. 1 registered
[    0.717213] pps_core: Software ver. 5.3.6 - Copyright 2005-2007 Rodolfo Giometti <giometti@linux.it>
[    0.718218] PTP clock support registered
[    0.719353] EDAC MC: Ver: 3.0.0
[    0.720550] efivars: Registered efivars operations
[    0.721839] NetLabel: Initializing
[    0.722213] NetLabel:  domain hash size = 128
[    0.723212] NetLabel:  protocols = UNLABELED CIPSOv4 CALIPSO
[    0.724245] NetLabel:  unlabeled traffic allowed by default
[    0.725224] mctp: management component transport protocol core
[    0.726217] NET: Registered PF_MCTP protocol family
[    0.727250] PCI: Using ACPI for IRQ routing
[    0.836349] e820: register RAM buffer resource [mem 0x0080b000-0x008fffff]
[    0.837340] e820: register RAM buffer resource [mem 0x00812000-0x008fffff]
[    0.838215] e820: register RAM buffer resource [mem 0x00814000-0x008fffff]
[    0.839213] e820: register RAM buffer resource [mem 0x7defa000-0x7fffffff]
[    0.840214] e820: register RAM buffer resource [mem 0x7df06000-0x7fffffff]
[    0.841214] e820: register RAM buffer resource [mem 0x7f8ed000-0x7fffffff]
[    0.842214] e820: register RAM buffer resource [mem 0x7ff20000-0x7fffffff]
[    0.843492] pci 0000:00:02.0: vgaarb: setting as boot VGA device
[    0.844205] pci 0000:00:02.0: vgaarb: bridge control possible
[    0.844205] pci 0000:00:02.0: vgaarb: VGA device added: decodes=io+mem,owns=io+mem,locks=none
[    0.844212] vgaarb: loaded
[    0.845488] hpet0: at MMIO 0xfed00000, IRQs 2, 8, 0
[    0.846213] hpet0: 3 comparators, 64-bit 100.000000 MHz counter
[    0.850372] clocksource: Switched to clocksource kvm-clock
[    0.852578] VFS: Disk quotas dquot_6.6.0
[    0.853811] VFS: Dquot-cache hash table entries: 512 (order 0, 4096 bytes)
[    0.856233] acpi PNP0C01:00: Reserved [mem 0xe0000000-0xefffffff]
[    0.858075] pnp: PnP ACPI init
[    0.859596] pnp: PnP ACPI: found 4 devices
[    0.868049] clocksource: acpi_pm: mask: 0xffffff max_cycles: 0xffffff, max_idle_ns: 2085701024 ns
[    0.870787] NET: Registered PF_INET protocol family
[    0.872809] IP idents hash table entries: 131072 (order: 8, 1048576 bytes, linear)
[    0.894353] tcp_listen_portaddr_hash hash table entries: 4096 (order: 4, 65536 bytes, linear)
[    0.896944] Table-perturb hash table entries: 65536 (order: 6, 262144 bytes, linear)
[    0.899305] TCP established hash table entries: 65536 (order: 7, 524288 bytes, linear)
[    0.901753] TCP bind hash table entries: 65536 (order: 9, 2097152 bytes, linear)
[    0.904013] TCP: Hash tables configured (established 65536 bind 65536)
[    0.906080] MPTCP token hash table entries: 8192 (order: 6, 196608 bytes, linear)
[    0.908343] UDP hash table entries: 4096 (order: 6, 262144 bytes, linear)
[    0.910461] NET: Registered PF_UNIX/PF_LOCAL protocol family
[    0.912188] NET: Registered PF_XDP protocol family
[    0.913637] pci 0000:00:01.0: ROM [mem 0xfffc0000-0xffffffff pref]: can't claim; no compatible bridge window
[    0.916570] pci 0000:00:01.0: ROM [mem 0x80800000-0x8083ffff pref]: assigned
[    0.918666] pci_bus 0000:00: resource 4 [io  0x0000-0x0cf7 window]
[    0.920512] pci_bus 0000:00: resource 5 [io  0x0d00-0xffff window]
[    0.922356] pci_bus 0000:00: resource 6 [mem 0x000a0000-0x000bffff window]
[    0.924408] pci_bus 0000:00: resource 7 [mem 0x80000000-0xdfffffff window]
[    0.926443] pci_bus 0000:00: resource 8 [mem 0xf0000000-0xfebfffff window]
[    0.928484] pci_bus 0000:00: resource 9 [mem 0x380000000000-0x3807ffffffff window]
[    0.930911] PCI: CLS 0 bytes, default 64
[    0.932210] PCI-DMA: Using software bounce buffering for IO (SWIOTLB)
[    0.932388] Trying to unpack rootfs image as initramfs...
[    0.934142] software IO TLB: mapped [mem 0x0000000077e7e000-0x000000007be7e000] (64MB)
[    0.938262] clocksource: tsc: mask: 0xffffffffffffffff max_cycles: 0x3b195b6e39b, max_idle_ns: 440795394037 ns
[    0.949579] Initialise system trusted keyrings
[    0.950989] Key type blacklist registered
[    0.952765] workingset: timestamp_bits=36 (anon: 32) max_order=21 bucket_order=0 (anon: 0)
[    0.956784] integrity: Platform Keyring initialized
[    0.958222] integrity: Machine keyring initialized
[    0.959904] cryptd: max_cpu_qlen set to 1000
[    0.969191] NET: Registered PF_ALG protocol family
[    0.970610] Key type asymmetric registered
[    0.971840] Asymmetric key parser 'x509' registered
[    0.973992] Block layer SCSI generic (bsg) driver version 0.4 loaded (major 244)
[    0.976297] io scheduler mq-deadline registered
[    0.977634] io scheduler kyber registered
[    0.978823] io scheduler bfq registered
[    0.980548] atomic64_test: passed for x86-64 platform with CX8 and with SSE
[    0.982909] input: Power Button as /devices/platform/LNXPWRBN:00/input/input0
[    0.985340] ACPI: button: Power Button [PWRF]
[    0.988825] ACPI: \_SB_.GSIF: Enabled at IRQ 21
[    0.991784] ACPI: \_SB_.GSIG: Enabled at IRQ 22
[    0.994845] ACPI: \_SB_.GSIH: Enabled at IRQ 23
[    0.997659] ACPI: \_SB_.GSIE: Enabled at IRQ 20
[    1.001802] Serial: 8250/16550 driver, 32 ports, IRQ sharing enabled
[    1.004016] 00:03: ttyS0 at I/O 0x3f8 (irq = 4, base_baud = 115200) is a 16550A
[    1.009192] Non-volatile memory driver v1.3
[    1.010622] ACPI: bus type drm_connector registered
[    1.014614] virtio_blk virtio4: 8/0/0 default/read/poll queues
[    1.020571] virtio_blk virtio4: [vda] 134217728 512-byte logical blocks (68.7 GB/64.0 GiB)
[    1.025111]  vda: vda1 vda2 vda3
[    1.027051] ACPI: \_SB_.GSIA: Enabled at IRQ 16
[    1.029589] ahci 0000:00:1f.2: AHCI vers 0001.0000, 32 command slots, 1.5 Gbps, SATA mode
[    1.032028] ahci 0000:00:1f.2: 6/6 ports implemented (port mask 0x3f)
[    1.033936] ahci 0000:00:1f.2: flags: 64bit ncq only 
[    1.037601] scsi host0: ahci
[    1.038745] scsi host1: ahci
[    1.039858] scsi host2: ahci
[    1.040909] scsi host3: ahci
[    1.042102] scsi host4: ahci
[    1.043193] scsi host5: ahci
[    1.044179] ata1: SATA max UDMA/133 abar m4096@0x80840000 port 0x80840100 irq 33 lpm-pol 1
[    1.046671] ata2: SATA max UDMA/133 abar m4096@0x80840000 port 0x80840180 irq 33 lpm-pol 1
[    1.049146] ata3: SATA max UDMA/133 abar m4096@0x80840000 port 0x80840200 irq 33 lpm-pol 1
[    1.051592] ata4: SATA max UDMA/133 abar m4096@0x80840000 port 0x80840280 irq 33 lpm-pol 1
[    1.054075] ata5: SATA max UDMA/133 abar m4096@0x80840000 port 0x80840300 irq 33 lpm-pol 1
[    1.056536] ata6: SATA max UDMA/133 abar m4096@0x80840000 port 0x80840380 irq 33 lpm-pol 1
[    1.059368] CAN device driver interface
[    1.060950] usbcore: registered new interface driver usbserial_generic
[    1.062973] usbserial: USB Serial support registered for generic
[    1.064874] i8042: PNP: PS/2 Controller [PNP0303:KBD,PNP0f13:MOU] at 0x60,0x64 irq 1,12
[    1.068295] serio: i8042 KBD port at 0x60,0x64 irq 1
[    1.069837] serio: i8042 AUX port at 0x60,0x64 irq 12
[    1.071590] mousedev: PS/2 mouse device common for all mice
[    1.073553] rtc_cmos PNP0B00:00: RTC can wake from S4
[    1.076008] rtc_cmos PNP0B00:00: registered as rtc0
[    1.077600] rtc_cmos PNP0B00:00: setting system clock to 2026-07-20T17:36:35 UTC (1784568995)
[    1.080337] rtc_cmos PNP0B00:00: alarms up to one day, y3k, 242 bytes nvram
[    1.082499] device-mapper: core: CONFIG_IMA_DISABLE_HTABLE is disabled. Duplicate IMA measurements will not be recorded in the IMA log.
[    1.086192] device-mapper: uevent: version 1.0.3
[    1.087621] input: AT Translated Set 2 keyboard as /devices/platform/i8042/serio0/input/input1
[    1.090508] device-mapper: ioctl: 4.50.0-ioctl (2025-04-28) initialised: dm-devel@lists.linux.dev
[    1.092219] input: VirtualPS/2 VMware VMMouse as /devices/platform/i8042/serio1/input/input4
[    1.094622] amd_pstate: The CPPC feature is supported but currently disabled by the BIOS.
[    1.094622] Please enable it if your BIOS has the CPPC option.
[    1.097823] input: VirtualPS/2 VMware VMMouse as /devices/platform/i8042/serio1/input/input3
[    1.101263] amd_pstate: the _CPC object is not present in SBIOS or ACPI disabled
[    1.106776] simple-framebuffer simple-framebuffer.0: [drm] Registered 1 planes with drm panic
[    1.109384] [drm] Initialized simpledrm 1.0.0 for simple-framebuffer.0 on minor 0
[    1.118769] Console: switching to colour frame buffer device 160x50
[    1.121795] simple-framebuffer simple-framebuffer.0: [drm] fb0: simpledrmdrmfb frame buffer device
[    1.125082] hid: raw HID events driver (C) Jiri Kosina
[    1.126718] usbcore: registered new interface driver usbhid
[    1.128419] usbhid: USB HID core driver
[    1.129787] drop_monitor: Initializing network drop monitor service
[    1.131867] Initializing XFRM netlink socket
[    1.133242] NET: Registered PF_INET6 protocol family
[    1.136035] Segment Routing with IPv6
[    1.137158] RPL Segment Routing with IPv6
[    1.138411] In-situ OAM (IOAM) with IPv6
[    1.139665] mip6: Mobile IPv6
[    1.140611] NET: Registered PF_PACKET protocol family
[    1.142151] can: controller area network core
[    1.143523] NET: Registered PF_CAN protocol family
[    1.146913] IPI shorthand broadcast: enabled
[    1.151853] sched_clock: Marking stable (802001839, 349355881)->(1363633668, -212275948)
[    1.154866] registered taskstats version 1
[    1.157849] Loading compiled-in X.509 certificates
[    1.165968] Loaded X.509 cert 'Build time autogenerated kernel key: ee71fdbd84a1e7d51c52f7049642deb14d1904d3'
[    1.177060] Demotion targets for Node 0: null
[    1.178431] page_owner is disabled
[    1.179619] Key type .fscrypt registered
[    1.180839] Key type fscrypt-provisioning registered
[    1.183092] Btrfs loaded, zoned=yes, fsverity=yes
[    1.184567] Key type big_key registered
[    1.186480] Key type encrypted registered
[    1.187918] ima: No TPM chip found, activating TPM-bypass!
[    1.189893] Loading compiled-in module X.509 certificates
[    1.192025] Loaded X.509 cert 'Build time autogenerated kernel key: ee71fdbd84a1e7d51c52f7049642deb14d1904d3'
[    1.195519] ima: Allocated hash algorithm: sha256
[    1.197422] ima: No architecture policies found
[    1.199002] evm: Initialising EVM extended attributes:
[    1.201113] evm: security.selinux
[    1.202330] evm: security.SMACK64 (disabled)
[    1.203884] evm: security.SMACK64EXEC (disabled)
[    1.205541] evm: security.SMACK64TRANSMUTE (disabled)
[    1.207214] evm: security.SMACK64MMAP (disabled)
[    1.208838] evm: security.apparmor
[    1.210009] evm: security.ima
[    1.211162] evm: security.capability
[    1.212491] evm: HMAC attrs: 0x1
[    1.215096] alg: No test for 842 (842-scomp)
[    1.224144] PM:   Magic number: 2:893:643
[    1.225871] RAS: Correctable Errors collector initialized.
[    1.228191] clk: Disabling unused clocks
[    1.229559] PM: genpd: Disabling unused power domains
[    1.365348] ata1: SATA link down (SStatus 0 SControl 300)
[    1.367469] ata3: SATA link up 1.5 Gbps (SStatus 113 SControl 300)
[    1.369839] ata2: SATA link down (SStatus 0 SControl 300)
[    1.371900] ata6: SATA link down (SStatus 0 SControl 300)
[    1.374027] ata5: SATA link down (SStatus 0 SControl 300)
[    1.376508] ata4: SATA link down (SStatus 0 SControl 300)
[    1.379061] ata3.00: ATAPI: QEMU DVD-ROM, 2.5+, max UDMA/100
[    1.381154] ata3.00: applying bridge limits
[    1.382908] ata3.00: configured for UDMA/100
[    1.385322] scsi 2:0:0:0: CD-ROM            QEMU     QEMU DVD-ROM     2.5+ PQ: 0 ANSI: 5
[    1.406830] sr 2:0:0:0: [sr0] scsi3-mmc drive: 4x/4x cd/rw xa/form2 tray
[    1.427682] cdrom: Uniform CD-ROM driver Revision: 3.20
[    1.436309] sr 2:0:0:0: Attached scsi generic sg0 type 5
[    1.799780] Freeing initrd memory: 246088K
[    1.804483] Freeing unused decrypted memory: 2028K
[    1.808664] Freeing unused kernel image (initmem) memory: 5300K
[    1.810995] Write protecting the kernel read-only data: 45056k
[    1.813192] Freeing unused kernel image (text/rodata gap) memory: 204K
[    1.816173] Freeing unused kernel image (rodata/data gap) memory: 1728K
[    1.857474] x86/mm: Checked W+X mappings: passed, no W+X pages found.
[    1.859171] Run /init as init process
P+q6E616D65\[    2.209327] fuse: init (API version 7.45)
[    2.227015] systemd[1]: Successfully made /usr/ read-only.
[6n[32766;32766H[6n[!p]104\[0m[?7h[1G[0J[    2.564113] systemd[1]: systemd 259.7-1.fc44 running in system mode (+PAM +AUDIT +SELINUX -APPARMOR +IMA +IPE +SMACK +SECCOMP -GCRYPT +GNUTLS +OPENSSL +ACL +BLKID +CURL +ELFUTILS +FIDO2 +IDN2 -IDN +KMOD +LIBCRYPTSETUP +LIBCRYPTSETUP_PLUGINS +LIBFDISK +PCRE2 +PWQUALITY +P11KIT +QRENCODE +TPM2 +BZIP2 +LZ4 +XZ +ZLIB +ZSTD +BPF_FRAMEWORK +BTF +XKBCOMMON +UTMP +SYSVINIT +LIBARCHIVE)
[    2.572137] systemd[1]: Detected virtualization kvm.
[    2.573615] systemd[1]: Detected architecture x86-64.
[    2.575246] systemd[1]: Running in initrd.
[0;1;39mBooting initrd of [0m[0;38;2;138;43;226mBazzite dracut-108-7.fc44 (Initramfs)[0m[0;1;39m.[0m
[    2.579953] systemd[1]: Initializing machine ID from random generator.
[    2.581865] systemd[1]: No hostname configured, using default hostname.
[    2.583809] systemd[1]: Hostname set to <bazzite>.
]3008;start=f68f768f95a046a58e097b511d3a5057;user=root;hostname=bazzite;machineid=5f3982439c334beda9b555c6cd84c715;bootid=73540671435746469f935ea64634dbb7;pid=1;pidfdid=1;comm=systemd;type=boot\[    2.677230] systemd[1]: bpf-restrict-fs: LSM BPF program attached
[    2.731135] systemd[1]: /usr/lib/systemd/system/systemd-udevd.service:56: System call bpf cannot be resolved as libseccomp is not available, ignoring: Operation not supported
[    2.750267] systemd[1]: Queued start job for default target initrd.target.
[    2.758158] systemd[1]: Expecting device dev-disk-by\x2duuid-16d6e9ea\x2d19b9\x2d4095\x2d9bf1\x2d4c3c4973c5b8.device - /dev/disk/by-uuid/16d6e9ea-19b9-4095-9bf1-4c3c4973c5b8...
         Expecting device [0;1;39mdev-disk-by\x2duu…[0me9ea-19b9-4095-9bf1-4c3c4973c5b8...
[    2.765041] systemd[1]: Reached target initrd-usr-fs.target - Initrd /usr File System.
[[0;32m  OK  [0m] Reached target [0;1;39minitrd-usr-fs.target[0m - Initrd /usr File System.
[    2.769661] systemd[1]: Reached target slices.target - Slice Units.
[[0;32m  OK  [0m] Reached target [0;1;39mslices.target[0m - Slice Units.
[    2.773330] systemd[1]: Reached target swap.target - Swaps.
[[0;32m  OK  [0m] Reached target [0;1;39mswap.target[0m - Swaps.
[    2.776933] systemd[1]: Reached target timers.target - Timer Units.
[[0;32m  OK  [0m] Reached target [0;1;39mtimers.target[0m - Timer Units.
[    2.780880] systemd[1]: Listening on pcscd.socket - PC/SC Smart Card Daemon Activation Socket (Dracut).
[[0;32m  OK  [0m] Listening on [0;1;39mpcscd.socket[0m - PC/SC … Daemon Activation Socket (Dracut).
[    2.786558] systemd[1]: Listening on systemd-journald-dev-log.socket - Journal Socket (/dev/log).
[[0;32m  OK  [0m] Listening on [0;1;39msystemd-journald-dev-…socket[0m - Journal Socket (/dev/log).
[    2.791605] systemd[1]: Listening on systemd-journald.socket - Journal Sockets.
[[0;32m  OK  [0m] Listening on [0;1;39msystemd-journald.socket[0m - Journal Sockets.
[    2.795977] systemd[1]: Listening on systemd-udevd-control.socket - udev Control Socket.
[[0;32m  OK  [0m] Listening on [0;1;39msystemd-udevd-control.socket[0m - udev Control Socket.
[    2.800744] systemd[1]: Listening on systemd-udevd-kernel.socket - udev Kernel Socket.
[[0;32m  OK  [0m] Listening on [0;1;39msystemd-udevd-kernel.socket[0m - udev Kernel Socket.
[    2.805685] systemd[1]: Reached target sockets.target - Socket Units.
[[0;32m  OK  [0m] Reached target [0;1;39msockets.target[0m - Socket Units.
[    2.810892] systemd[1]: Starting kmod-static-nodes.service - Create List of Static Device Nodes...
         Starting [0;1;39mkmod-static-nodes.service[0m…eate List of Static Device Nodes...
[    2.815898] systemd[1]: memstrack.service - Memstrack Anylazing Service skipped, no trigger condition checks were met.
[    2.824701] systemd[1]: Starting systemd-journald.service - Journal Service...
         Starting [0;1;39msystemd-journald.service[0m - Journal Service...
[    2.830081] systemd[1]: Starting systemd-modules-load.service - Load Kernel Modules...
         Starting [0;1;39msystemd-modules-load.service[0m - Load Kernel Module[    2.834123] systemd-journald[249]: Collecting audit messages is disabled.
s...
[    2.836167] systemd[1]: systemd-pcrphase-initrd.service - TPM PCR Barrier (initrd) skipped, unmet condition check ConditionSecurity=measured-uki
[    2.840365] i2c_dev: i2c /dev entries driver
[    2.842828] systemd[1]: Starting systemd-vconsole-setup.service - Virtual Console Setup...
[    2.845389] Asymmetric key parser 'pkcs8' registered
         Startin[    2.847203] kvmfr: loading out-of-tree module taints kernel.
g [0;1;39msystemd-vconsole-setu[    2.847221] hid_tmff_new: loading out-of-tree module taints kernel.
p.service[0m - Virtual Console [    2.854030] hid_tmff_new: module verification failed: signature and/or required key missing - tainting kernel
Setup...
[    2.857825] usbcore: registered new interface driver system76-io
[    2.859785] kvmfr: creating 0 static devices
[    2.861086] kvmfr: kvmfr_module_init: module loaded
[    2.862434] system76: Model does not utilize this driver
[    2.863148] mc: Linux media interface: v0.10
[    2.864223] systemd[1]: Finished kmod-static-nodes.service - Create List of Static Device Nodes.
[[0;32m  OK  [0m] Finished [0;1;39mkmod-static-nodes.service[0m…Create List of Static Device Nodes.
[    2.872230] systemd[1]: Started systemd-journald.service - Journal Service.
[[0;32m  OK  [0m] Started [0;1;39msystemd-jou[    2.875422] videodev: Linux video capture interface: v2.00
rnald.service[0m - Journal Service.
         Starting [0;1;39msystemd-tmpfiles-setup-de…[0m Device Nodes in /dev gracefully...
[    2.890938] v4l2-loopback driver version 0.15.4 loaded
[[0;32m  OK  [0m] Finished [0;1;39msystemd-tmpfiles-setup-de…[0mic Device Nodes in /dev gracefully.
[[0;32m  OK  [0m] Finished [0;1;39msystemd-modules-load.service[0m - Load Kernel Modules.
         Starting [0;1;39msystemd-sysctl.service[0m - Apply Kernel Variables...
         Starting [0;1;39msystemd-tmpfiles-setup-de…[0meate Static Device Nodes in /dev...
[[0;32m  OK  [0m] Finished [0;1;39msystemd-tmpfiles-setup-de…[0mCreate Static Device Nodes in /dev.
[[0;32m  OK  [0m] Finished [0;1;39msystemd-vconsole-setup.service[0m - Virtual Console Setup.
[[0;32m  OK  [0m] Finished [0;1;39msystemd-sysctl.service[0m - Apply Kernel Variables.
[[0;32m  OK  [0m] Reached target [0;1;39mlocal-fs-pre.target[0m…Preparation for Local File Systems.
[[0;32m  OK  [0m] Reached target [0;1;39mlocal-fs.target[0m - Local File Systems.
         Starting [0;1;39mdracut-cmdline-ask.servic…[0mor additional cmdline parameters...
         Starting [0;1;39msystemd-tmpfiles-setup.se…[0mate System Files and Directories...
[[0;32m  OK  [0m] Finished [0;1;39msystemd-tmpfiles-setup.se…[0mreate System Files and Directories.
[[0;32m  OK  [0m] Finished [0;1;39mdracut-cmdline-ask.servic…[0m for additional cmdline parameters.
         Starting [0;1;39mdracut-cmdline.service[0m - dracut cmdline hook...
[[0;32m  OK  [0m] Finished [0;1;39mdracut-cmdline.service[0m - dracut cmdline hook.
         Starting [0;1;39mdracut-pre-udev.service[0m - dracut pre-udev hook...
[    3.080544] VFIO - User Level meta-driver version: 0.3
[[0;32m  OK  [0m] Finished [0;1;39mdracut-pre-udev.service[0m - dracut pre-udev hook.
         Starting [0;1;39msystemd-udevd.service[0m - R…ager for Device Events and Files...
[[0;32m  OK  [0m] Started [0;1;39msystemd-udevd.service[0m - Ru…anager for Device Events and Files.
         Starting [0;1;39mdracut-pre-trigger.service[0m - dracut pre-trigger hook...
[[0;32m  OK  [0m] Finished [0;1;39mdracut-pre-trigger.service[0m - dracut pre-trigger hook.
         Starting [0;1;39msystemd-udev-trigger.service[0m - Coldplug All udev Devices...
[[0;32m  OK  [0m] Finished [0;1;39msystemd-udev-trigger.service[0m - Coldplug All udev Devices.
         Starting [0;1;39mdracut-initqueue.service[0m - dracut initqueue hook...
         Starting [0;1;39mplymouth-start.service[0m - Show Plymouth Boot Screen...
[[0;32m  OK  [0m] Created slice [0;1;39msystem-modprobe.slice[0m - Slice /system/modprobe.
[[0;32m  OK  [0m] Started [0;1;39mplymouth-start.service[0m - Show Plymouth Boot Screen.
[[0;32m  OK  [0m] Started [0;1;39msystemd-ask-password-plymo…[0mquests to Plymouth Directory Watch.
[[0;32m  OK  [0m] Reached target [0;1;39mcryptsetup.target[0m - Local Encrypted Volumes.
[[0;32m  OK  [0m] Reached target [0;1;39mpaths.target[0m - Path Units.
[[0;32m  OK  [0m] Found device [0;1;39mdev-disk-by\x2duuid-1…[0md6e9ea-19b9-4095-9bf1-4c3c4973c5b8.
[[0;32m  OK  [0m] Reached target [0;1;39minitrd-root-device.target[0m - Initrd Root Device.
[0;21;39m[drm] pci: virtio-vga detected at 0000:00:02.0[0m
[[0;32m  OK  [0m] Stopped [0;1;39msystemd-vconsole-setup.service[0m - Virtual Console Setup.
         Stopping [0;1;39msystemd-vconsole-setup.service[0m - Virtual Console Setup...
         Starting [0;1;39msystemd-vconsole-setup.service[0m - Virtual Console Setup...
[[0;32m  OK  [0m] Stopped [0;1;39msystemd-vconsole-setup.service[0m - Virtual Console Setup.
         Starting [0;1;39msystemd-vconsole-setup.service[0m - Virtual Console Setup...
[0;21;39mConsole: switching to colour dummy device 80x25[0m
[0;21;39mvirtio-pci 0000:00:02.0: vgaarb: deactivate vga console[0m
[0;21;39m[drm] features: -virgl +edid -resource_blob -host_visible[0m
[0;21;39m[drm] features: -context_init[0m
[0;21;39m[drm] number of scanouts: 1[0m
[0;21;39m[drm] number of cap sets: 0[0m
[0;21;39mvirtio-pci 0000:00:02.0: [drm] Registered 1 planes with drm panic[0m
[0;21;39m[drm] Initialized virtio_gpu 0.1.0 for 0000:00:02.0 on minor 1[0m
[0;21;39mfbcon: virtio_gpudrmfb (fb0) is primary device[0m
[[0;32m  OK  [0m] Stopped [0;1;39msystemd-vconsole-setup.service[0m - Virtual Console Setup.
[0;21;39mConsole: switching to colour frame buffer device 160x50[0m
[0;21;39mvirtio-pci 0000:00:02.0: [drm] fb0: virtio_gpudrmfb frame buffer device[0m
         Starting [0;1;39msystemd-vconsole-setup.service[0m - Virtual Console Setup...
[[0;32m  OK  [0m] Finished [0;1;39mdracut-initqueue.service[0m - dracut initqueue hook.
[[0;32m  OK  [0m] Reached target [0;1;39mremote-fs-pre.targe…[0mreparation for Remote File Systems.
[[0;32m  OK  [0m] Reached target [0;1;39mremote-cryptsetup.target[0m - Remote Encrypted Volumes.
[[0;32m  OK  [0m] Reached target [0;1;39mremote-fs.target[0m - Remote File Systems.
         Starting [0;1;39mdracut-pre-mount.service[0m - dracut pre-mount hook...
[[0;32m  OK  [0m] Finished [0;1;39mdracut-pre-mount.service[0m - dracut pre-mount hook.
         Starting [0;1;39msystemd-fsck-root.service[0m…e9ea-19b9-4095-9bf1-4c3c4973c5b8...
[[0;32m  OK  [0m] Finished [0;1;39msystemd-fsck-root.service[0m…d6e9ea-19b9-4095-9bf1-4c3c4973c5b8.
[[0;32m  OK  [0m] Finished [0;1;39msystemd-vconsole-setup.service[0m - Virtual Console Setup.
         Mounting [0;1;39msys-kernel-config.mount[0m - Kernel Configuration File System...
         Mounting [0;1;39msysroot.mount[0m - /sysroot...
[[0;32m  OK  [0m] Mounted [0;1;39msys-kernel-config.mount[0m - Kernel Configuration File System.
[[0;32m  OK  [0m] Reached target [0;1;39msysinit.target[0m - System Initialization.
[[0;32m  OK  [0m] Reached target [0;1;39mbasic.target[0m - Basic System.
[0;21;39mBTRFS: device label fedora_bazzite-labwc-test devid 1 transid 498 /dev/vda3 (253:3) scanned by mount (558)[0m
[0;21;39mBTRFS info (device vda3): first mount of filesystem 16d6e9ea-19b9-4095-9bf1-4c3c4973c5b8[0m
[0;21;39mBTRFS info (device vda3): using crc32c checksum algorithm[0m
[[0;32m  OK  [0m] Mounted [0;1;39msysroot.mount[0m - /sysroot.
         Starting [0;1;39mostree-prepare-root.service[0m - OSTree Prepare OS/...
[0;21;39mBTRFS info (device vda3): turning on async discard[0m
[0;21;39mBTRFS info (device vda3): enabling free space tree[0m
[0;21;32mnetfs: FS-Cache loaded[0m
[0;21;39merofs (device erofs): mounted with root inode @ nid 36.[0m
[[0;32m  OK  [0m] Finished [0;1;39mostree-prepare-root.service[0m - OSTree Prepare OS/.
[[0;32m  OK  [0m] Reached target [0;1;39minitrd-root-fs.target[0m - Initrd Root File System.
         Starting [0;1;39minitrd-parse-etc.service[0m …ints Configured in the Real Root...
[[0;32m  OK  [0m] Finished [0;1;39minitrd-parse-etc.service[0m …points Configured in the Real Root.
[[0;32m  OK  [0m] Reached target [0;1;39minitrd-fs.target[0m - Initrd File Systems.
[[0;32m  OK  [0m] Reached target [0;1;39minitrd.target[0m - Initrd Default Target.
         Starting [0;1;39mdracut-pre-pivot.service[0m …racut pre-pivot and cleanup hook...
[[0;32m  OK  [0m] Finished [0;1;39mdracut-pre-pivot.service[0m - dracut pre-pivot and cleanup hook.
         Starting [0;1;39minitrd-cleanup.service[0m - …ing Up and Shutting Down Daemons...
[[0;32m  OK  [0m] Stopped target [0;1;39mremote-cryptsetup.target[0m - Remote Encrypted Volumes.
[[0;32m  OK  [0m] Stopped target [0;1;39mtimers.target[0m - Timer Units.
[[0;32m  OK  [0m] Closed [0;1;39mpcscd.socket[0m - PC/SC Smart … Daemon Activation Socket (Dracut).
[[0;32m  OK  [0m] Stopped [0;1;39mdracut-pre-pivot.service[0m - dracut pre-pivot and cleanup hook.
[[0;32m  OK  [0m] Stopped target [0;1;39minitrd.target[0m - Initrd Default Target.
[[0;32m  OK  [0m] Stopped target [0;1;39mbasic.target[0m - Basic System.
[[0;32m  OK  [0m] Stopped target [0;1;39minitrd-root-device.target[0m - Initrd Root Device.
[[0;32m  OK  [0m] Stopped target [0;1;39minitrd-usr-fs.target[0m - Initrd /usr File System.
[[0;32m  OK  [0m] Stopped target [0;1;39mpaths.target[0m - Path Units.
[[0;32m  OK  [0m] Stopped target [0;1;39mremote-fs.target[0m - Remote File Systems.
[[0;32m  OK  [0m] Stopped target [0;1;39mremote-fs-pre.targe…[0mreparation for Remote File Systems.
[[0;32m  OK  [0m] Stopped target [0;1;39mslices.target[0m - Slice Units.
[[0;32m  OK  [0m] Stopped target [0;1;39msockets.target[0m - Socket Units.
[[0;32m  OK  [0m] Stopped target [0;1;39msysinit.target[0m - System Initialization.
[[0;32m  OK  [0m] Stopped target [0;1;39mswap.target[0m - Swaps.
[[0;32m  OK  [0m] Stopped [0;1;39mdracut-pre-mount.service[0m - dracut pre-mount hook.
[[0;32m  OK  [0m] Stopped target [0;1;39mcryptsetup.target[0m - Local Encrypted Volumes.
[[0;32m  OK  [0m] Stopped [0;1;39mdracut-initqueue.service[0m - dracut initqueue hook.
         Starting [0;1;39mplymouth-switch-root.serv…e[0m - Plymouth switch root service...
[[0;32m  OK  [0m] Stopped [0;1;39msystemd-sysctl.service[0m - Apply Kernel Variables.
[[0;32m  OK  [0m] Stopped [0;1;39msystemd-modules-load.service[0m - Load Kernel Modules.
[[0;32m  OK  [0m] Stopped [0;1;39msystemd-tmpfiles-setup.ser…[0mreate System Files and Directories.
[[0;32m  OK  [0m] Stopped target [0;1;39mlocal-fs.target[0m - Local File Systems.
[[0;32m  OK  [0m] Stopped target [0;1;39mlocal-fs-pre.target[0m…Preparation for Local File Systems.
[[0;32m  OK  [0m] Stopped [0;1;39msystemd-udev-trigger.service[0m - Coldplug All udev Devices.
[[0;32m  OK  [0m] Stopped [0;1;39mdracut-pre-trigger.service[0m - dracut pre-trigger hook.
         Stopping [0;1;39msystemd-udevd.service[0m - R…ager for Device Events and Files...
[[0;32m  OK  [0m] Finished [0;1;39minitrd-cleanup.service[0m - …aning Up and Shutting Down Daemons.
[[0;32m  OK  [0m] Stopped [0;1;39msystemd-udevd.service[0m - Ru…anager for Device Events and Files.
[[0;32m  OK  [0m] Closed [0;1;39msystemd-udevd-control.socket[0m - udev Control Socket.
[[0;32m  OK  [0m] Stopped [0;1;39mdracut-pre-udev.service[0m - dracut pre-udev hook.
[[0;32m  OK  [0m] Stopped [0;1;39mdracut-cmdline.service[0m - dracut cmdline hook.
[[0;32m  OK  [0m] Stopped [0;1;39mdracut-cmdline-ask.service[0m… for additional cmdline parameters.
         Starting [0;1;39minitrd-udevadm-cleanup-db.service[0m - Cleanup udev Database...
[[0;32m  OK  [0m] Stopped [0;1;39msystemd-tmpfiles-setup-dev…[0mCreate Static Device Nodes in /dev.
[[0;32m  OK  [0m] Stopped [0;1;39msystemd-tmpfiles-setup-dev…[0mic Device Nodes in /dev gracefully.
[[0;32m  OK  [0m] Stopped [0;1;39mkmod-static-nodes.service[0m …Create List of Static Device Nodes.
[[0;32m  OK  [0m] Finished [0;1;39mplymouth-switch-root.service[0m - Plymouth switch root service.
[[0;32m  OK  [0m] Finished [0;1;39minitrd-udevadm-cleanup-db.service[0m - Cleanup udev Database.
[[0;32m  OK  [0m] Reached target [0;1;39minitrd-switch-root.target[0m - Switch Root.
         Starting [0;1;39minitrd-switch-root.service[0m - Switch Root...
[0;21;39msystemd-journald[249]: Received SIGTERM from PID 1 (systemd).[0m
[0;21;32maudit: type=1404 audit(1784568998.660:2): enforcing=1 old_enforcing=0 auid=4294967295 ses=4294967295 enabled=1 old-enabled=1 lsm=selinux res=1[0m
[0;21;39mSELinux:  Permission firmware_load in class system not defined in policy.[0m
[0;21;39mSELinux:  Permission kexec_image_load in class system not defined in policy.[0m
[0;21;39mSELinux:  Permission kexec_initramfs_load in class system not defined in policy.[0m
[0;21;39mSELinux:  Permission policy_load in class system not defined in policy.[0m
[0;21;39mSELinux:  Permission x509_certificate_load in class system not defined in policy.[0m
[0;21;39mSELinux:  Permission map_create_as in class bpf not defined in policy.[0m
[0;21;39mSELinux:  Permission prog_load_as in class bpf not defined in policy.[0m
[0;21;39mSELinux:  Permission allowed in class io_uring not defined in policy.[0m
[0;21;39mSELinux:  Class memfd_file not defined in policy.[0m
[0;21;39mSELinux: the above unknown classes and permissions will be allowed[0m
[0;21;39mSELinux:  policy capability network_peer_controls=1[0m
[0;21;39mSELinux:  policy capability open_perms=1[0m
[0;21;39mSELinux:  policy capability extended_socket_class=1[0m
[0;21;39mSELinux:  policy capability always_check_network=0[0m
[0;21;39mSELinux:  policy capability cgroup_seclabel=1[0m
[0;21;39mSELinux:  policy capability nnp_nosuid_transition=1[0m
[0;21;39mSELinux:  policy capability genfs_seclabel_symlinks=1[0m
[0;21;39mSELinux:  policy capability ioctl_skip_cloexec=0[0m
[0;21;39mSELinux:  policy capability userspace_initial_context=0[0m
[0;21;39mSELinux:  policy capability netlink_xperm=0[0m
[0;21;39mSELinux:  policy capability netif_wildcard=0[0m
[0;21;39mSELinux:  policy capability genfs_seclabel_wildcard=0[0m
[0;21;39mSELinux:  policy capability functionfs_seclabel=0[0m
[0;21;39mSELinux:  policy capability memfd_class=0[0m
[0;21;39mSELinux:  policy capability bpf_token_perms=0[0m
[0;21;32maudit: type=1403 audit(1784568998.764:3): auid=4294967295 ses=4294967295 lsm=selinux res=1[0m
[0;21;39msystemd[1]: Successfully loaded SELinux policy in 105.379ms.[0m
P+q6E616D65\[0;21;39mNET: Registered PF_VSOCK protocol family[0m
[0;21;39msystemd[1]: Relabeled /dev/, /dev/shm/, /run/ in 14.166ms.[0m
[6n[32766;32766H[6n[!p]104\[0m[?7h[1G[0J[0;21;39msystemd[1]: systemd 259.7-1.fc44 running in system mode (+PAM +AUDIT +SELINUX -APPARMOR +IMA +IPE +SMACK +SECCOMP -GCRYPT +GNUTLS +OPENSSL +ACL +BLKID +CURL +ELFUTILS +FIDO2 +IDN2 -IDN +KMOD +LIBCRYPTSETUP +LIBCRYPTSETUP_PLUGINS +LIBFDISK +PCRE2 +PWQUALITY +P11KIT +QRENCODE +TPM2 +BZIP2 +LZ4 +XZ +ZLIB +ZSTD +BPF_FRAMEWORK +BTF +XKBCOMMON +UTMP +SYSVINIT +LIBARCHIVE)[0m
[0;21;39msystemd[1]: Detected virtualization kvm.[0m
[0;21;39msystemd[1]: Detected architecture x86-64.[0m

[0;1;39mWelcome to [0m[0;38;2;138;43;226mBazzite[0m[0;1;39m![0m

[0;21;39msystemd[1]: Hostname set to <bazzite-labwc-test>.[0m
]3008;start=ce76fd2ef87244b3ab92aa6b3d658113;user=root;hostname=bazzite-labwc-test;machineid=d9cf3528b7854471b0750c19885ae066;bootid=73540671435746469f935ea64634dbb7;pid=1;pidfdid=1;comm=systemd;type=boot\[0;21;39msystemd[1]: bpf-restrict-fs: LSM BPF program attached[0m
[0;21;39mzram: Added device: zram0[0m
[[0;32m  OK  [0m] Stopped [0;1;39minitrd-switch-root.service[0m - Switch Root.
[[0;32m  OK  [0m] Created slice [0;1;39msystem-getty.slice[0m - Slice /system/getty.
[[0;32m  OK  [0m] Created slice [0;1;39msystem-serial\x2dget…slice[0m - Slice /system/serial-getty.
[0;21;39msystemd[1]: initrd-switch-root.service: Deactivated successfully.[0m
[[0;32m  OK  [0m] Created slice [0;1;39msystem-sshd\x2dkeygen.slice[0m - Slice /system/sshd-keygen.
[[0;32m  OK  [0m] Created slice [0;1;39msystem-systemd\x2dfs…slice[0m - Slice /system/systemd-fsck.
[[0;32m  OK  [0m] Created slice [0;1;39msystem-systemd\x2dzr…[0m- Slice /system/systemd-zram-setup.
[0;21;39msystemd[1]: Stopped initrd-switch-root.service - Switch Root.[0m
[[0;32m  OK  [0m] Created slice [0;1;39muser.slice[0m - User and Session Slice.
[[0;32m  OK  [0m] Started [0;1;39msystemd-ask-password-wall.…[0md Requests to Wall Directory Watch.
[0;21;39msystemd[1]: systemd-journald.service: Scheduled restart job, restart counter is at 1.[0m
[[0;32m  OK  [0m] Set up automount [0;1;39mproc-sys-fs-binfm…[0mormats File System Automount Point.
         Expecting device [0;1;39mdev-disk-by\x2duu…[0me9ea-19b9-4095-9bf1-4c3c4973c5b8...
         Expecting device [0;1;39mdev-disk-by\x2duu…[0m5235-8f1f-4409-a05b-b2704a0cb280...
[0;21;39msystemd[1]: Created slice system-getty.slice - Slice /system/getty.[0m
         Expecting device [0;1;39mdev-disk-by\x2duu…ce[0m - /dev/disk/by-uuid/9704-D569...
         Expecting device [0;1;39mdev-ttyS0.device[0m - /dev/ttyS0...
         Expecting device [0;1;39mdev-zram0.device[0m - /dev/zram0...
[[0;32m  OK  [0m] Reached target [0;1;39mimports.target[0m - Image Downloads.
[[0;32m  OK  [0m] Stopped target [0;1;39minitrd-switch-root.target[0m - Switch Root.
[0;21;39msystemd[1]: Created slice system-serial\x2dgetty.slice - Slice /system/serial-getty.[0m
[[0;32m  OK  [0m] Stopped target [0;1;39minitrd-fs.target[0m - Initrd File Systems.
[[0;32m  OK  [0m] Stopped target [0;1;39minitrd-root-fs.target[0m - Initrd Root File System.
[[0;32m  OK  [0m] Reached target [0;1;39mintegritysetup.targ…[0m Local Integrity Protected Volumes.
[[0;32m  OK  [0m] Reached target [0;1;39mslices.target[0m - Slice Units.
[[0;32m  OK  [0m] Reached target [0;1;39mveritysetup.target[0m - Local Verity Protected Volumes.
[0;21;39msystemd[1]: Created slice system-sshd\x2dkeygen.slice - Slice /system/sshd-keygen.[0m
[[0;32m  OK  [0m] Listening on [0;1;39mdm-event.socket[0m - Device-mapper event daemon FIFOs.
[[0;32m  OK  [0m] Listening on [0;1;39mlvm2-lvmpolld.socket[0m - LVM2 poll daemon socket.
[0;21;39msystemd[1]: Created slice system-systemd\x2dfsck.slice - Slice /system/systemd-fsck.[0m
[[0;32m  OK  [0m] Listening on [0;1;39msystemd-ask-password.…[0m User Interactively for a Password.
[0;21;39msystemd[1]: Created slice system-systemd\x2dzram\x2dsetup.slice - Slice /system/systemd-zram-setup.[0m
[[0;32m  OK  [0m] Listening on [0;1;39msystemd-coredump.socket[0m - Process Core Dump Socket.
[[0;32m  OK  [0m] Listening on [0;1;39msystemd-creds.socket[0m - Credential Encryption/Decryption.
[0;21;39msystemd[1]: Created slice user.slice - User and Session Slice.[0m
[0;21;39msystemd[1]: systemd-ask-password-console.path - Dispatch Password Requests to Console Directory Watch skipped, unmet condition check ConditionPathExists=!/run/plymouth/pid[0m
[0;21;39msystemd[1]: Started systemd-ask-password-wall.path - Forward Password Requests to Wall Directory Watch.[0m
[[0;32m  OK  [0m] Listening on [0;1;39msystemd-factory-reset.socket[0m - Factory Reset Management.
[[0;32m  OK  [0m] Listening on [0;1;39msystemd-journald-audit.socket[0m - Journal Audit Socket.
[[0;32m  OK  [0m] Listening on [0;1;39msystemd-mountfsd.socket[0m - DDI File System Mounter Socket.
[0;21;39msystemd[1]: Set up automount proc-sys-fs-binfmt_misc.automount - Arbitrary Executable File Formats File System Automount Point.[0m
[0;21;39msystemd[1]: Expecting device dev-disk-by\x2duuid-16d6e9ea\x2d19b9\x2d4095\x2d9bf1\x2d4c3c4973c5b8.device - /dev/disk/by-uuid/16d6e9ea-19b9-4095-9bf1-4c3c4973c5b8...[0m
[[0;32m  OK  [0m] Listening on [0;1;39msystemd-mute-console.…[0mnsole Output Muting Service Socket.
[[0;32m  OK  [0m] Listening on [0;1;39msystemd-nsresourced.s…[0m Namespace Resource Manager Socket.
[0;21;39msystemd[1]: Expecting device dev-disk-by\x2duuid-7fdf5235\x2d8f1f\x2d4409\x2da05b\x2db2704a0cb280.device - /dev/disk/by-uuid/7fdf5235-8f1f-4409-a05b-b2704a0cb280...[0m
[[0;32m  OK  [0m] Listening on [0;1;39msystemd-oomd.socket[0m -… Out-Of-Memory (OOM) Killer Socket.
[0;21;39msystemd[1]: Expecting device dev-disk-by\x2duuid-9704\x2dD569.device - /dev/disk/by-uuid/9704-D569...[0m
[[0;32m  OK  [0m] Listening on [0;1;39msystemd-repart.socket[0m…Disk Repartitioning Service Socket.
[[0;32m  OK  [0m] Listening on [0;1;39msystemd-resolved-moni…t[0m - Resolve Monitor Varlink Socket.
[0;21;39msystemd[1]: Expecting device dev-ttyS0.device - /dev/ttyS0...[0m
[[0;32m  OK  [0m] Listening on [0;1;39msystemd-resolved-varl…t[0m - Resolve Service Varlink Socket.
[[0;32m  OK  [0m] Listening on [0;1;39msystemd-udevd-control.socket[0m - udev Control Socket.
[[0;32m  OK  [0m] Listening on [0;1;39msystemd-udevd-varlink.socket[0m - udev Varlink Socket.
[[0;32m  OK  [0m] Listening on [0;1;39msystemd-userdbd.socket[0m - User Database Manager Socket.
[0;21;39msystemd[1]: Expecting device dev-zram0.device - /dev/zram0...[0m
[0;21;39msystemd[1]: Reached target imports.target - Image Downloads.[0m
[0;21;39msystemd[1]: Stopped target initrd-switch-root.target - Switch Root.[0m
[0;21;39msystemd[1]: Stopped target initrd-fs.target - Initrd File Systems.[0m
[0;21;39msystemd[1]: Stopped target initrd-root-fs.target - Initrd Root File System.[0m
[0;21;39msystemd[1]: Reached target integritysetup.target - Local Integrity Protected Volumes.[0m
[0;21;39msystemd[1]: Reached target slices.target - Slice Units.[0m
[0;21;39msystemd[1]: Reached target veritysetup.target - Local Verity Protected Volumes.[0m
[0;21;39msystemd[1]: Listening on dm-event.socket - Device-mapper event daemon FIFOs.[0m
[0;21;39msystemd[1]: Listening on lvm2-lvmpolld.socket - LVM2 poll daemon socket.[0m
[0;21;39msystemd[1]: Listening on systemd-ask-password.socket - Query the User Interactively for a Password.[0m
[0;21;39msystemd[1]: Listening on systemd-coredump.socket - Process Core Dump Socket.[0m
[0;21;39msystemd[1]: Listening on systemd-creds.socket - Credential Encryption/Decryption.[0m
[0;21;39msystemd[1]: Listening on systemd-factory-reset.socket - Factory Reset Management.[0m
[0;21;39msystemd[1]: Listening on systemd-journald-audit.socket - Journal Audit Socket.[0m
[0;21;39msystemd[1]: Listening on systemd-mountfsd.socket - DDI File System Mounter Socket.[0m
[0;21;39msystemd[1]: Listening on systemd-mute-console.socket - Console Output Muting Service Socket.[0m
[0;21;39msystemd[1]: Listening on systemd-nsresourced.socket - Namespace Resource Manager Socket.[0m
[0;21;39msystemd[1]: Listening on systemd-oomd.socket - Userspace Out-Of-Memory (OOM) Killer Socket.[0m
[0;21;39msystemd[1]: systemd-pcrextend.socket - TPM PCR Measurements skipped, unmet condition check ConditionSecurity=measured-uki[0m
[0;21;39msystemd[1]: systemd-pcrlock.socket - Make TPM PCR Policy skipped, unmet condition check ConditionSecurity=measured-uki[0m
[0;21;39msystemd[1]: Listening on systemd-repart.socket - Disk Repartitioning Service Socket.[0m
[0;21;39msystemd[1]: Listening on systemd-resolved-monitor.socket - Resolve Monitor Varlink Socket.[0m
[0;21;39msystemd[1]: Listening on systemd-resolved-varlink.socket - Resolve Service Varlink Socket.[0m
[0;21;39msystemd[1]: Listening on systemd-udevd-control.socket - udev Control Socket.[0m
[0;21;39msystemd[1]: Listening on systemd-udevd-varlink.socket - udev Varlink Socket.[0m
[0;21;39msystemd[1]: Listening on systemd-userdbd.socket - User Database Manager Socket.[0m
         Mounting [0;1;39mdev-hugepages.mount[0m - Huge Pages File System...
[0;21;39msystemd[1]: Mounting dev-hugepages.mount - Huge Pages File System...[0m
[0;21;39msystemd[1]: dev-hugepages1G.mount - 1GB Huge Pages File System skipped, unmet condition check ConditionKernelCommandLine=hugepagesz=1G[0m
         Mounting [0;1;39mdev-mqueue.mount[0m - POSIX Message Queue File System...
[0;21;39msystemd[1]: Mounting dev-mqueue.mount - POSIX Message Queue File System...[0m
[0;21;39msystemd[1]: Mounting sys-kernel-debug.mount - Kernel Debug File System...[0m
         Mounting [0;1;39msys-kernel-debug.mount[0m - Kernel Debug File System...
         Mounting [0;1;39msys-kernel-tracing.mount[0m - Kernel Trace File System...
[0;21;39msystemd[1]: Mounting sys-kernel-tracing.mount - Kernel Trace File System...[0m
[0;21;39msystemd[1]: auth-rpcgss-module.service - Kernel Module supporting RPCSEC_GSS skipped, unmet condition check ConditionPathExists=/etc/krb5.keytab[0m
[0;21;39msystemd[1]: fips-crypto-policy-overlay.service - Bind-mount FIPS crypto-policy in FIPS mode skipped, unmet condition check ConditionKernelCommandLine=fips=1[0m
         Starting [0;1;39mkmod-static-nodes.service[0m…eate List of Static Device Nodes...
         Starting [0;1;39mlvm2-monitor.service[0m - Mo…ing dmeventd or progress polling...
[0;21;39msystemd[1]: Starting kmod-static-nodes.service - Create List of Static Device Nodes...[0m
[0;21;39msystemd[1]: Starting lvm2-monitor.service - Monitoring of LVM2 mirrors, snapshots etc. using dmeventd or progress polling...[0m
[0;21;39msystemd[1]: modprobe@configfs.service - Load Kernel Module configfs skipped, unmet condition check ConditionKernelModuleLoaded=!configfs[0m
         Mounting [0;1;39msys-fs-fuse-connections.mount[0m - FUSE Control File System...
[[0;32m  OK  [0m] Stopped [0;1;39mostree-prepare-root.service[0m - OSTree Prepare OS/.
[[0;32m  OK  [0m] Stopped [0;1;39mplymouth-switch-root.service[0m - Plymouth switch root service.
[[0;32m  OK  [0m] Stopped [0;1;39msystemd-fsck-root.service[0m - File System Check on Root Device.
[0;21;39msystemd[1]: modprobe@drm.service - Load Kernel Module drm skipped, unmet condition check ConditionKernelModuleLoaded=!drm[0m
[0;21;39msystemd[1]: modprobe@efi_pstore.service - Load Kernel Module efi_pstore skipped, unmet condition check ConditionKernelModuleLoaded=!efi_pstore[0m
[0;21;39msystemd[1]: modprobe@fuse.service - Load Kernel Module fuse skipped, unmet condition check ConditionKernelModuleLoaded=!fuse[0m
[0;21;39msystemd[1]: Mounting sys-fs-fuse-connections.mount - FUSE Control File System...[0m
[0;21;39msystemd[1]: ostree-prepare-root.service: Deactivated successfully.[0m
[0;21;39msystemd[1]: Stopped ostree-prepare-root.service - OSTree Prepare OS/.[0m
[0;21;39msystemd[1]: plymouth-switch-root.service: Deactivated successfully.[0m
[0;21;39msystemd[1]: Stopped plymouth-switch-root.service - Plymouth switch root service.[0m
[0;21;39msystemd[1]: systemd-boot-clear-sysfail.service - Clear SysFail Entry If The Boot Is Successful skipped, unmet condition check ConditionPathExists=/sys/firmware/efi/efivars/LoaderEntrySysFail-4a67b082-0a4c-41cf-b6c7-440b29bb8c4f[0m
[0;21;39msystemd[1]: systemd-fsck-root.service: Deactivated successfully.[0m
[0;21;39msystemd[1]: Stopped systemd-fsck-root.service - File System Check on Root Device.[0m
[0;21;39msystemd[1]: systemd-hibernate-clear.service - Clear Stale Hibernate Storage Info skipped, unmet condition check ConditionPathExists=/sys/firmware/efi/efivars/HibernateLocation-8cf2644b-4b0b-428f-9387-6d876050dc67[0m
[0;21;39msystemd[1]: systemd-hwdb-update.service - Rebuild Hardware Database skipped, unmet condition check ConditionNeedsUpdate=/etc[0m
         Starting [0;1;39msystemd-journald.service[0m - Journal Service...
[0;21;39msystemd[1]: Starting systemd-journald.service - Journal Service...[0m
         Starting [0;1;39msystemd-modules-load.service[0m - Load Kernel Modules...
[0;21;39msystemd[1]: Starting systemd-modules-load.service - Load Kernel Modules...[0m
[0;21;39msystemd[1]: Starting systemd-network-generator.service - Generate Network Units from Kernel Command Line...[0m
[0;21;39msystemd[1]: systemd-pcrmachine.service - TPM PCR Machine ID Measurement skipped, unmet condition check ConditionSecurity=measured-uki[0m
         Starting [0;1;39msystemd-network-generator…[0mk Units from Kernel Command Line...
         Starting [0;1;39msystemd-udev-load-credent…[0mLoad udev Rules from Credentials...
[0;21;39msystemd[1]: systemd-tpm2-setup-early.service - Early TPM SRK Setup skipped, unmet condition check ConditionSecurity=measured-uki[0m
[0;21;39msystemd[1]: Starting systemd-udev-load-credentials.service - Load udev Rules from Credentials...[0m
         Starting [0;1;39msystemd-udev-trigger.service[0m - Coldplug All udev Devices...
[0;21;39msystemd[1]: Starting systemd-udev-trigger.service - Coldplug All udev Devices...[0m
[[0;32m  OK  [0m] Mounted [0;1;39mdev-hugepages.mount[0m - Huge Pages File System.
[[0;32m  OK  [0m] Mounted [0;1;39mdev-mqueue.mount[0m - POSIX Message Queue File System.
[[0;32m  OK  [0m] Mounted [0;1;39msys-kernel-debug.mount[0m - Kernel Debug File System.
[[0;32m  OK  [0m] Mounted [0;1;39msys-kernel-tracing.mount[0m - Kernel Trace File System.
[0;21;39msystemd[1]: Mounted dev-hugepages.mount - Huge Pages File System.[0m
[[0;32m  OK  [0m] Finished [0;1;39mkmod-static-nodes.service[0m…Create List of Static Device Nodes.
[[0;32m  OK  [0m] Mounted [0;1;39msys-fs-fuse-connections.mount[0m - FUSE Control File System.
[0;21;39msystemd[1]: Mounted dev-mqueue.mount - POSIX Message Queue File System.[0m
         Starting [0;1;39msystemd-tmpfiles-setup-de…[0m Device Nodes in /dev gracefully...
[0;21;39msystemd[1]: Mounted sys-kernel-debug.mount - Kernel Debug File System.[0m
[0;21;39msystemd[1]: Mounted sys-kernel-tracing.mount - Kernel Trace File System.[0m
[0;21;39msystemd[1]: Finished kmod-static-nodes.service - Create List of Static Device Nodes.[0m
[0;21;39msystemd[1]: Mounted sys-fs-fuse-connections.mount - FUSE Control File System.[0m
[0;21;39msystemd[1]: Starting systemd-tmpfiles-setup-dev-early.service - Create Static Device Nodes in /dev gracefully...[0m
[[0;32m  OK  [0m] Finished [0;1;39msystemd-network-generator…[0mork Units from Kernel Command Line.
[0;21;39msystemd[1]: Finished systemd-network-generator.service - Generate Network Units from Kernel Command Line.[0m
[[0;32m  OK  [0m] Finished [0;1;39msystemd-udev-load-credent…[0m- Load udev Rules from Credentials.
[0;21;39msystemd[1]: Finished systemd-udev-load-credentials.service - Load udev Rules from Credentials.[0m
[0;21;39msystemd-journald[672]: Collecting audit messages is enabled.[0m
[0;21;39msystemd[1]: Finished lvm2-monitor.service - Monitoring of LVM2 mirrors, snapshots etc. using dmeventd or progress polling.[0m
[[0;32m  OK  [0m] Finished [0;1;39mlvm2-monitor.service[0m - Mo…using dmeventd or progress polling.
[0;21;32maudit: type=1130 audit(1784569000.374:4): pid=1 uid=0 auid=4294967295 ses=4294967295 subj=system_u:system_r:init_t:s0 msg='unit=lvm2-monitor comm="systemd" exe="/usr/lib/systemd/systemd" hostname=? addr=? terminal=? res=success'[0m
         Starting [0;1;39mmodprobe@tun.service[0m - Load Kernel Module tun...
[0;21;39msystemd[1]: Starting modprobe@tun.service - Load Kernel Module tun...[0m
[0;21;32maudit: type=1334 audit(1784569000.381:5): prog-id=48 op=LOAD[0m
[0;21;32maudit: type=1334 audit(1784569000.381:6): prog-id=49 op=LOAD[0m
         Starting [0;1;39msystemd-userdbd.service[0m - User Database Manager...
[[0;32m  OK  [0m] Started [0;1;39msystemd-journald.service[0m - Journal Service.
[0;21;32maudit: type=1334 audit(1784569000.381:7): prog-id=50 op=LOAD[0m
[0;21;39msystemd[1]: Starting systemd-userdbd.service - User Database Manager...[0m
[0;21;39msystemd[1]: Started systemd-journald.service - Journal Service.[0m
[0;21;32maudit: type=1130 audit(1784569000.383:8): pid=1 uid=0 auid=4294967295 ses=4294967295 subj=system_u:system_r:init_t:s0 msg='unit=systemd-journald comm="systemd" exe="/usr/lib/systemd/systemd" hostname=? addr=? terminal=? res=success'[0m
[0;21;39msystem76: Model does not utilize this driver[0m
[0;21;39mtun: Universal TUN/TAP device driver, 1.6[0m
[0;21;32maudit: type=1130 audit(1784569000.414:9): pid=1 uid=0 auid=4294967295 ses=4294967295 subj=system_u:system_r:init_t:s0 msg='unit=modprobe@tun comm="systemd" exe="/usr/lib/systemd/systemd" hostname=? addr=? terminal=? res=success'[0m
[[0;32m  OK  [0m] Finished [0;1;39mmodprobe@tun.service[0m - Load Kernel Module tun.
[0;21;32maudit: type=1131 audit(1784569000.414:10): pid=1 uid=0 auid=4294967295 ses=4294967295 subj=system_u:system_r:init_t:s0 msg='unit=modprobe@tun comm="systemd" exe="/usr/lib/systemd/systemd" hostname=? addr=? terminal=? res=success'[0m
[0;21;32maudit: type=1334 audit(1784569000.418:11): prog-id=51 op=LOAD[0m
[0;21;32maudit: type=1334 audit(1784569000.418:12): prog-id=52 op=LOAD[0m
         Starting [0;1;39msystemd-nsresourced.service[0m - Namespace Resource Manager...
[0;21;32maudit: type=1334 audit(1784569000.418:13): prog-id=53 op=LOAD[0m
[[0;32m  OK  [0m] Finished [0;1;39msystemd-modules-load.service[0m - Load Kernel Modules.
         Starting [0;1;39msystemd-sysctl.service[0m - Apply Kernel Variables...
[[0;32m  OK  [0m] Started [0;1;39msystemd-userdbd.service[0m - User Database Manager.
[[0;32m  OK  [0m] Finished [0;1;39msystemd-sysctl.service[0m - Apply Kernel Variables.
[[0;32m  OK  [0m] Started [0;1;39msystemd-nsresourced.service[0m - Namespace Resource Manager.
[[0;32m  OK  [0m] Finished [0;1;39msystemd-udev-trigger.service[0m - Coldplug All udev Devices.
[[0;32m  OK  [0m] Finished [0;1;39msystemd-tmpfiles-setup-de…[0mic Device Nodes in /dev gracefully.
         Starting [0;1;39msystemd-resolved.service[0m - Network Name Resolution...
         Starting [0;1;39msystemd-tmpfiles-setup-de…[0meate Static Device Nodes in /dev...
[[0;32m  OK  [0m] Started [0;1;39msystemd-resolved.service[0m - Network Name Resolution.
[[0;32m  OK  [0m] Finished [0;1;39msystemd-tmpfiles-setup-de…[0mCreate Static Device Nodes in /dev.
[[0;32m  OK  [0m] Reached target [0;1;39mlocal-fs-pre.target[0m…Preparation for Local File Systems.
[[0;32m  OK  [0m] Reached target [0;1;39mnss-lookup.target[0m - Host and Network Name Lookups.
         Starting [0;1;39msystemd-udevd.service[0m - R…ager for Device Events and Files...
[[0;32m  OK  [0m] Started [0;1;39msystemd-udevd.service[0m - Ru…anager for Device Events and Files.
[[0;32m  OK  [0m] Found device [0;1;39mdev-zram0.device[0m - /dev/zram0.
         Starting [0;1;39msystemd-zram-setup@zram0.…vice[0m - Create swap on /dev/zram0...
[0;21;39mzram0: detected capacity change from 0 to 8110080[0m
[[0;32m  OK  [0m] Finished [0;1;39msystemd-zram-setup@zram0.service[0m - Create swap on /dev/zram0.
         Activating swap [0;1;39mdev-zram0.swap[0m - Compressed Swap on /dev/zram0...
[0;21;39mAdding 4055036k swap on /dev/zram0.  Priority:100 extents:1 across:4055036k SSDsc[0m
[[0;32m  OK  [0m] Activated swap [0;1;39mdev-zram0.swap[0m - Compressed Swap on /dev/zram0.
[[0;32m  OK  [0m] Reached target [0;1;39mswap.target[0m - Swaps.
         Starting [0;1;39msystemd-oomd.service[0m - Us…space Out-Of-Memory (OOM) Killer...
         Starting [0;1;39msystemd-fsck@dev-disk-by\…[0m5235-8f1f-4409-a05b-b2704a0cb280...
         Starting [0;1;39msystemd-fsck@dev-disk-by\…[0mk on /dev/disk/by-uuid/9704-D569...
[[0;32m  OK  [0m] Found device [0;1;39mdev-disk-by\x2duuid-1…[0md6e9ea-19b9-4095-9bf1-4c3c4973c5b8.
[[0;32m  OK  [0m] Started [0;1;39msystemd-oomd.service[0m - Userspace Out-Of-Memory (OOM) Killer.
[[0;32m  OK  [0m] Finished [0;1;39msystemd-fsck@dev-disk-by\…[0meck on /dev/disk/by-uuid/9704-D569.
[0;21;32mlpc_ich 0000:00:1f.0: I/O space for GPIO uninitialized[0m
[[0;32m  OK  [0m] Finished [0;1;39msystemd-fsck@dev-disk-by\…[0mdf5235-8f1f-4409-a05b-b2704a0cb280.
         Mounting [0;1;39mboot.mount[0m - /boot...
[0;21;39minput: QEMU Virtio Tablet as /devices/pci0000:00/0000:00:03.0/virtio2/input/input5[0m
         Mounting [0;1;39mtmp.mount[0m - Temporary Directory /tmp...
[0;21;39mEXT4-fs (vda2): mounted filesystem 7fdf5235-8f1f-4409-a05b-b2704a0cb280 r/w with ordered data mode. Quota mode: none.[0m
         Mounting [0;1;39mvar.mount[0m - /var...
[0;21;39minput: QEMU Virtio Keyboard as /devices/pci0000:00/0000:00:04.0/virtio3/input/input6[0m
[0;21;39mi801_smbus 0000:00:1f.3: Enabling SMBus device[0m
[0;21;39mi801_smbus 0000:00:1f.3: SMBus using PCI interrupt[0m
[0;21;39mi2c i2c-0: Memory type 0x07 not supported yet, not instantiating SPD[0m
[0;21;39minput: PC Speaker as /devices/platform/pcspkr/input/input7[0m
[[0;32m  OK  [0m] Mounted [0;1;39mboot.mount[0m - /boot.
[[0;32m  OK  [0m] Mounted [0;1;39mtmp.mount[0m - Temporary Directory /tmp.
[[0;32m  OK  [0m] Mounted [0;1;39mvar.mount[0m - /var.
[0;21;39mparport_pc 00:02: reported by Plug and Play ACPI[0m
[0;21;39mparport0: PC-style at 0x378, irq 7 [PCSPP,TRISTATE][0m
         Mounting [0;1;39mboot-efi.mount[0m - /boot/efi...
         Mounting [0;1;39mvar-home.mount[0m - /var/home...
[[0;32m  OK  [0m] Reached target [0;1;39mmachines.target[0m - Virtual Machines and Containers.
[[0;32m  OK  [0m] Listening on [0;1;39msystemd-importd.socke…[0mDisk Image Download Service Socket.
         Starting [0;1;39mostree-remount.service[0m - OSTree Remount OS/ Bind Mounts...
[[0;32m  OK  [0m] Reached target [0;1;39mcryptsetup.target[0m - Local Encrypted Volumes.
[[0;32m  OK  [0m] Mounted [0;1;39mvar-home.mount[0m - /var/home.
[[0;32m  OK  [0m] Finished [0;1;39mostree-remount.service[0m - OSTree Remount OS/ Bind Mounts.
         Starting [0;1;39msystemd-journal-flush.ser…[0msh Journal to Persistent Storage...
[0;21;39msystemd-journald[672]: Received client request to flush runtime journal.[0m
         Starting [0;1;39msystemd-random-seed.service[0m - Load/Save OS Random Seed...
[0;21;39mkvm_amd: TSC scaling supported[0m
[0;21;39mkvm_amd: Nested Virtualization enabled[0m
[0;21;39mkvm_amd: Nested Paging enabled[0m
[0;21;39mkvm_amd: LBR virtualization supported[0m
[0;21;39mkvm_amd: Virtual GIF supported[0m
[0;21;39mkvm_amd: Virtual NMI enabled[0m
[0;21;39miTCO_wdt iTCO_wdt.1.auto: Found a ICH9 TCO device (Version=2, TCOBASE=0x0660)[0m
[[0;32m  OK  [0m] Mounted [0;1;39mboot-efi.mount[0m - /boot/efi.
[0;21;39miTCO_wdt iTCO_wdt.1.auto: initialized. heartbeat=30 sec (nowayout=0)[0m
[0;21;39mvirtio_net virtio0 enp0s1: renamed from eth0[0m
[[0;32m  OK  [0m] Finished [0;1;39msystemd-random-seed.service[0m - Load/Save OS Random Seed.
[0;21;39mppdev: user-space parallel port driver[0m
[[0;32m  OK  [0m] Reached target [0;1;39mlocal-fs.target[0m - Local File Systems.
[[0;32m  OK  [0m] Listening on [0;1;39msystemd-bootctl.socket[0m - Boot Entries Service Socket.
[[0;32m  OK  [0m] Listening on [0;1;39msystemd-sysext.socket[0m… System Extension Image Management.
         Starting [0;1;39mplymouth-read-write.servi…[0mymouth To Write Out Runtime Data...
         Starting [0;1;39msystemd-binfmt.service[0m - Set Up Additional Binary Formats...
         Starting [0;1;39msystemd-userdb-load-crede…[0mr/group Records from Credentials...
[[0;32m  OK  [0m] Stopped [0;1;39msystemd-vconsole-setup.service[0m - Virtual Console Setup.
         Stopping [0;1;39msystemd-vconsole-setup.service[0m - Virtual Console Setup...
         Starting [0;1;39msystemd-vconsole-setup.service[0m - Virtual Console Setup...
[[0;32m  OK  [0m] Finished [0;1;39mplymouth-read-write.servi…[0mPlymouth To Write Out Runtime Data.
[[0;32m  OK  [0m] Finished [0;1;39msystemd-userdb-load-crede…[0mser/group Records from Credentials.
[[0;32m  OK  [0m] Finished [0;1;39msystemd-vconsole-setup.service[0m - Virtual Console Setup.
[[0;32m  OK  [0m] Finished [0;1;39msystemd-journal-flush.ser…[0mlush Journal to Persistent Storage.
         Starting [0;1;39msystemd-tmpfiles-setup.se…[0mate System Files and Directories...
[[0;32m  OK  [0m] Finished [0;1;39msystemd-tmpfiles-setup.se…[0mreate System Files and Directories.
         Starting [0;1;39mauditd.service[0m - Security Audit Logging Service...
[[0;32m  OK  [0m] Started [0;1;39mauditd.service[0m - Security Audit Logging Service.
         Starting [0;1;39maudit-rules.service[0m - Load Audit Rules...
         Starting [0;1;39msystemd-update-utmp.servi…[0mord System Boot/Shutdown in UTMP...
[[0;32m  OK  [0m] Finished [0;1;39msystemd-update-utmp.servi…[0mecord System Boot/Shutdown in UTMP.
[[0;32m  OK  [0m] Finished [0;1;39maudit-rules.service[0m - Load Audit Rules.
         Mounting [0;1;39mproc-sys-fs-binfmt_misc.m…[0mcutable File Formats File System...
         Mounting [0;1;39mvar-lib-nfs-rpc_pipefs.mount[0m - RPC Pipe File System...
[[0;32m  OK  [0m] Mounted [0;1;39mproc-sys-fs-binfmt_misc.mo…[0mxecutable File Formats File System.
[[0;32m  OK  [0m] Finished [0;1;39msystemd-binfmt.service[0m - Set Up Additional Binary Formats.
[[0;32m  OK  [0m] Reached target [0;1;39msysinit.target[0m - System Initialization.
[[0;32m  OK  [0m] Started [0;1;39mbootc-status-updated.path[0m - Monitor bootc for status changes.
[[0;32m  OK  [0m] Started [0;1;39mcups.path[0m - CUPS Scheduler.
[[0;32m  OK  [0m] Created slice [0;1;39msystem-cups.slice[0m - CUPS Slice.
[[0;32m  OK  [0m] Started [0;1;39mlvm-devices-import.path[0m - …es-import to create system.devices.
[[0;32m  OK  [0m] Started [0;1;39mfstrim.timer[0m - Discard unused filesystem blocks once a week.
[[0;32m  OK  [0m] Started [0;1;39mlogrotate.timer[0m - Daily rotation of log files.
[[0;32m  OK  [0m] Started [0;1;39mraid-check.timer[0m - Weekly RAID setup health check.
[[0;32m  OK  [0m] Started [0;1;39mrpm-ostree-countme.timer[0m - Weekly rpm-ostree Count Me timer.
[[0;32m  OK  [0m] Started [0;1;39msystemd-tmpfiles-clean.tim…[0my Cleanup of Temporary Directories.
[[0;32m  OK  [0m] Started [0;1;39munbound-anchor.timer[0m - dai…f the root trust anchor for DNSSEC.
[[0;32m  OK  [0m] Started [0;1;39muupd.timer[0m - Auto Update System Timer For Universal Blue.
[[0;32m  OK  [0m] Reached target [0;1;39mbootc-status-update…[0m - Bootc status trigger state sync.
[[0;32m  OK  [0m] Reached target [0;1;39mpaths.target[0m - Path Units.
[[0;32m  OK  [0m] Reached target [0;1;39mtimers.target[0m - Timer Units.
[[0;32m  OK  [0m] Listening on [0;1;39mavahi-daemon.socket[0m -…DNS/DNS-SD Stack Activation Socket.
[[0;32m  OK  [0m] Listening on [0;1;39mcups.socket[0m - CUPS Scheduler.
[[0;32m  OK  [0m] Listening on [0;1;39mdbus.socket[0m - D-Bus System Message Bus Socket.
         Starting [0;1;39mpcscd.socket[0m - PC/SC Smart Card Daemon Activation Socket...
[[0;32m  OK  [0m] Listening on [0;1;39msshd-unix-local.socke…[0mtemd-ssh-generator, AF_UNIX Local).
         Starting [0;1;39msshd-vsock.socket[0m - OpenS…systemd-ssh-generator, AF_VSOCK)...
[[0;32m  OK  [0m] Listening on [0;1;39msssd-kcm.socket[0m - SSS…ros Cache Manager responder socket.
[[0;32m  OK  [0m] Listening on [0;1;39msystemd-hostnamed.socket[0m - Hostname Service Socket.
[[0;32m  OK  [0m] Listening on [0;1;39msystemd-logind-varlin…[0mer Login Management Varlink Socket.
[[0;32m  OK  [0m] Listening on [0;1;39msystemd-machined.sock…[0mtainer Registration Service Socket.
         Starting [0;1;39mdbus-broker.service[0m - D-Bus System Message Bus...
[[0;32m  OK  [0m] Listening on [0;1;39mpcscd.socket[0m - PC/SC Smart Card Daemon Activation Socket.
[[0;32m  OK  [0m] Listening on [0;1;39msshd-vsock.socket[0m - O… (systemd-ssh-generator, AF_VSOCK).
[[0;32m  OK  [0m] Reached target [0;1;39msockets.target[0m - Socket Units.
[[0;32m  OK  [0m] Reached target [0;1;39mssh-access.target[0m - SSH Access Available.
[0;21;39mRPC: Registered named UNIX socket transport module.[0m
[0;21;39mRPC: Registered udp transport module.[0m
[0;21;39mRPC: Registered tcp transport module.[0m
[0;21;39mRPC: Registered tcp-with-tls transport module.[0m
[0;21;39mRPC: Registered tcp NFSv4.1 backchannel transport module.[0m
[[0;32m  OK  [0m] Mounted [0;1;39mvar-lib-nfs-rpc_pipefs.mount[0m - RPC Pipe File System.
[[0;32m  OK  [0m] Reached target [0;1;39mrpc_pipefs.target[0m.
[[0;32m  OK  [0m] Started [0;1;39mdbus-broker.service[0m - D-Bus System Message Bus.
[[0;32m  OK  [0m] Reached target [0;1;39mbasic.target[0m - Basic System.
         Starting [0;1;39mauthselect-apply-changes.…rvice[0m - Apply authselect changes...
         Starting [0;1;39mavahi-daemon.service[0m - Avahi mDNS/DNS-SD Stack...
         Starting [0;1;39mbootloader-update.service[0m - Update bootloader on boot...
         Starting [0;1;39mchronyd.service[0m - NTP client/server...
[[0;32m  OK  [0m] Started [0;1;39mdmemcg-booster-system.serv…[0ming foreground games, system-level.
         Starting [0;1;39mdracut-shutdown.service[0m -…store /run/initramfs on shutdown...
[[0;32m  OK  [0m] Started [0;1;39mds-inhibit.service[0m - DualShock 4/DualSense mouse inhibitor.
[[0;32m  OK  [0m] Started [0;1;39mfirewalld.service[0m - firewalld - dynamic firewall daemon.
[[0;32m  OK  [0m] Reached target [0;1;39mnetwork-pre.target[0m - Preparation for Network.
         Starting [0;1;39mNetworkManager.service[0m - Network Manager...
         Starting [0;1;39mfoomaticrip-upgrade.servi…[0mtalled printers for foomatic-rip...
         Starting [0;1;39minput-remapper.service[0m - …odes without the GUI application...
         Starting [0;1;39mlm_sensors.service[0m - Hardware Monitoring Sensors...
         Starting [0;1;39mlvm-devices-import.service[0m - Create lvm system.devices...
         Starting [0;1;39mpolkit.service[0m - Authorization Manager...
         Starting [0;1;39mrtkit-daemon.service[0m - Re…imeKit Scheduling Policy Service...
[[0;32m  OK  [0m] Reached target [0;1;39msshd-keygen.target[0m.
         Starting [0;1;39mswitcheroo-control.servic…[0mSwitcheroo Control Proxy service...
         Starting [0;1;39msystemd-homed.service[0m - Home Area Manager...
[[0;32m  OK  [0m] Started [0;1;39mublue-os-media-automount.s…ice[0m - Mount partitons automaticaly.
         Starting [0;1;39mudisks2.service[0m - Disk Manager...
         Starting [0;1;39mupower.service[0m - Daemon for power management...
         Starting [0;1;39mfedora-atomic-desktop-app…[0ms to refresh the appstream cache...
         Starting [0;1;39mfedora-atomic-desktop-man…[0mc Destkops to update mandb cache...
[[0;32m  OK  [0m] Finished [0;1;39mauthselect-apply-changes.service[0m - Apply authselect changes.
[[0;32m  OK  [0m] Finished [0;1;39mdracut-shutdown.service[0m - Restore /run/initramfs on shutdown.
[[0;32m  OK  [0m] Finished [0;1;39mfoomaticrip-upgrade.servi…[0mnstalled printers for foomatic-rip.
[[0;32m  OK  [0m] Finished [0;1;39mlvm-devices-import.service[0m - Create lvm system.devices.
[[0;32m  OK  [0m] Reached target [0;1;39mnss-user-lookup.target[0m - User and Group Name Lookups.
         Starting [0;1;39maccounts-daemon.service[0m - Accounts Service...
         Starting [0;1;39msystemd-logind.service[0m - User Login Management...
[[0;32m  OK  [0m] Finished [0;1;39mlm_sensors.service[0m - Hardware Monitoring Sensors.
[[0;32m  OK  [0m] Started [0;1;39msystemd-homed.service[0m - Home Area Manager.
[[0;32m  OK  [0m] Finished [0;1;39msystemd-homed-activate.service[0m - Home Area Activation.
[[0;32m  OK  [0m] Started [0;1;39mrtkit-daemon.service[0m - RealtimeKit Scheduling Policy Service.
[[0;32m  OK  [0m] Started [0;1;39mavahi-daemon.service[0m - Avahi mDNS/DNS-SD Stack.
         Starting [0;1;39msystemd-hostnamed.service[0m - Hostname Service...
[[0;32m  OK  [0m] Started [0;1;39mswitcheroo-control.service[0m - Switcheroo Control Proxy service.
[[0;32m  OK  [0m] Started [0;1;39mchronyd.service[0m - NTP client/server.
[[0;32m  OK  [0m] Started [0;1;39msystemd-logind.service[0m - User Login Management.
[[0;32m  OK  [0m] Started [0;1;39msystemd-hostnamed.service[0m - Hostname Service.
[[0;32m  OK  [0m] Listening on [0;1;39msystemd-rfkill.socket[0m…ll Switch Status /dev/rfkill Watch.
[[0;32m  OK  [0m] Started [0;1;39mpolkit.service[0m - Authorization Manager.
         Starting [0;1;39mModemManager.service[0m - Modem Manager...
         Starting [0;1;39mNetworkManager-dispatcher…[0manager Script Dispatcher Service...
[[0;32m  OK  [0m] Started [0;1;39maccounts-daemon.service[0m - Accounts Service.
[[0;32m  OK  [0m] Started [0;1;39mNetworkManager.service[0m - Network Manager.
[[0;32m  OK  [0m] Reached target [0;1;39mnetwork.target[0m - Network.
         Starting [0;1;39mNetworkManager-wait-onlin…ce[0m - Network Manager Wait Online...
         Starting [0;1;39mcups.service[0m - CUPS Scheduler...
         Starting [0;1;39mgssproxy.service[0m - GSSAPI Proxy Daemon...
         Starting [0;1;39msshd.service[0m - OpenSSH server daemon...
         Starting [0;1;39mtuned.service[0m - Dynamic System Tuning Daemon...
[[0;32m  OK  [0m] Started [0;1;39mudisks2.service[0m - Disk Manager.
[[0;32m  OK  [0m] Started [0;1;39mNetworkManager-dispatcher.…[0m Manager Script Dispatcher Service.
[[0;32m  OK  [0m] Started [0;1;39msshd.service[0m - OpenSSH server daemon.
[[0;32m  OK  [0m] Started [0;1;39mupower.service[0m - Daemon for power management.
[[0;32m  OK  [0m] Started [0;1;39mcups.service[0m - CUPS Scheduler.
[[0;32m  OK  [0m] Started [0;1;39mgssproxy.service[0m - GSSAPI Proxy Daemon.
[[0;32m  OK  [0m] Reached target [0;1;39mnfs-client.target[0m - NFS client services.
[[0;32m  OK  [0m] Reached target [0;1;39mremote-fs-pre.targe…[0mreparation for Remote File Systems.
[[0;32m  OK  [0m] Reached target [0;1;39mremote-cryptsetup.target[0m - Remote Encrypted Volumes.
[[0;32m  OK  [0m] Reached target [0;1;39mremote-fs.target[0m - Remote File Systems.
[[0;32m  OK  [0m] Reached target [0;1;39mremote-integrityset…[0mRemote Integrity Protected Volumes.
[[0;32m  OK  [0m] Reached target [0;1;39mremote-veritysetup.…[0m - Remote Verity Protected Volumes.
[[0;32m  OK  [0m] Finished [0;1;39mNetworkManager-wait-onlin…vice[0m - Network Manager Wait Online.
[[0;32m  OK  [0m] Reached target [0;1;39mnetwork-online.target[0m - Network is Online.
         Starting [0;1;39mgreenboot-healthcheck.ser…[0m- Greenboot Health Checks Runner...
         Starting [0;1;39mrpc-statd-notify.service[0m - Notify NFS peers of a restart...
[0;21;39mNET: Registered PF_QIPCRTR protocol family[0m
[[0;32m  OK  [0m] Started [0;1;39mModemManager.service[0m - Modem Manager.
[[0;32m  OK  [0m] Started [0;1;39minput-remapper.service[0m - S…ycodes without the GUI application.
[[0;32m  OK  [0m] Started [0;1;39mrpc-statd-notify.service[0m - Notify NFS peers of a restart.
[[0;32m  OK  [0m] Finished [0;1;39mbootloader-update.service[0m - Update bootloader on boot.
         Starting [0;1;39mrpm-ostreed.service[0m - rpm-ostree System Management Daemon...
[[0;32m  OK  [0m] Finished [0;1;39mfedora-atomic-desktop-app…[0mops to refresh the appstream cache.
[[0;32m  OK  [0m] Started [0;1;39mrpm-ostreed.service[0m - rpm-ostree System Management Daemon.
[[0;32m  OK  [0m] Started [0;1;39mtuned.service[0m - Dynamic System Tuning Daemon.
         Starting [0;1;39mbazzite-hardware-setup.se…[0mure Bazzite for current hardware...
         Starting [0;1;39mtuned-ppd.service[0m - PPD-to-TuneD API Translation Daemon...
[[0;32m  OK  [0m] Finished [0;1;39mbazzite-hardware-setup.se…[0migure Bazzite for current hardware.
         Starting [0;1;39mbazzite-flatpak-manager.service[0m - Manage system flatpaks...
         Starting [0;1;39msystemd-user-sessions.service[0m - Permit User Sessions...
[[0;32m  OK  [0m] Finished [0;1;39msystemd-user-sessions.service[0m - Permit User Sessions.
         Starting [0;1;39mplymouth-quit-wait.servic…[0md until boot process finishes up...
         Starting [0;1;39mplymouth-quit.service[0m - Terminate Plymouth Boot Screen...
[[0;32m  OK  [0m] Finished [0;1;39mbazzite-flatpak-manager.service[0m - Manage system flatpaks.
[    8.603235] evdi: [I] Initialising logging on level 4
[    8.604957] evdi: [I] Atomic driver: yes
[!p]104\[0m[?7h[1G[0J[6n[32766;32766H[6n[!p]104\[0m[?7h[1G[0J[6n[32766;32766H[6n]3008;start=b00864439c7c46b3a1fe01728e022787;user=root;hostname=bazzite-labwc-test;machineid=d9cf3528b7854471b0750c19885ae066;bootid=73540671435746469f935ea64634dbb7;pid=1230;pidfdid=8333;comm=(agetty);servicename=serial-getty@ttyS0.service;invocationid=5f02242ba0594e6f8e8eab730e92508d;type=service\P+q6E616D65\
Bazzite
Kernel 7.1.3-ogc3.4.fc44.x86_64 on x86_64 (ttyS0)

Try contacting this VM's SSH server via 'ssh vsock%4294967295' from host.

bazzite-labwc-test login: [   45.150476] clocksource: Watchdog remote CPU 1 read timed out
[!p]104\[0m[?7h[1G[0J[6n[32766;32766H[6n]3008;end=b00864439c7c46b3a1fe0[[0;32m  OK  [0m] Started [0;1;39mplymouth-poweroff.service[0m - Show Plymouth Power Off Screen.
[[0;32m  OK  [0m] Stopped [0;1;39msession-1.scope[0m - Session 1 of User user.
         Stopping [0;1;39muser@1000.service[0m - User Manager for UID 1000...
[[0;32m  OK  [0m] Stopped [0;1;39muser@1000.service[0m - User Manager for UID 1000.
         Stopping [0;1;39msystemd-oomd.service[0m - Us…space Out-Of-Memory (OOM) Killer...
         Stopping [0;1;39msystemd-user-sessions.service[0m - Permit User Sessions...
         Stopping [0;1;39muresourced.service[0m - User resource assignment daemon...
         Stopping [0;1;39muser-runtime-dir@1000.ser…[0mRuntime Directory /run/user/1000...
[[0;32m  OK  [0m] Stopped [0;1;39msystemd-oomd.service[0m - Userspace Out-Of-Memory (OOM) Killer.
[[0;32m  OK  [0m] Unmounted [0;1;39mrun-user-1000.mount[0m - /run/user/1000.
[[0;32m  OK  [0m] Stopped [0;1;39msystemd-user-sessions.service[0m - Permit User Sessions.
[[0;32m  OK  [0m] Stopped [0;1;39muser-runtime-dir@1000.serv…[0mr Runtime Directory /run/user/1000.
[[0;32m  OK  [0m] Removed slice [0;1;39muser-1000.slice[0m - User Slice of UID 1000.
[[0;32m  OK  [0m] Stopped target [0;1;39mremote-fs.target[0m - Remote File Systems.
[[0;32m  OK  [0m] Stopped target [0;1;39mremote-fs-pre.targe…[0mreparation for Remote File Systems.
[[0;32m  OK  [0m] Stopped target [0;1;39mnfs-client.target[0m - NFS client services.
[[0;32m  OK  [0m] Stopped [0;1;39mbazzite-hardware-setup.ser…[0migure Bazzite for current hardware.
         Stopping [0;1;39mgssproxy.service[0m - GSSAPI Proxy Daemon...
         Stopping [0;1;39mrpm-ostreed.service[0m - rpm-ostree System Management Daemon...
         Stopping [0;1;39msystemd-homed-activate.service[0m - Home Area Activation...
         Stopping [0;1;39msystemd-logind.service[0m - User Login Management...
         Stopping [0;1;39mtuned.service[0m - Dynamic System Tuning Daemon...
[[0;32m  OK  [0m] Stopped [0;1;39msystemd-logind.service[0m - User Login Management.
[[0;32m  OK  [0m] Stopped [0;1;39mgssproxy.service[0m - GSSAPI Proxy Daemon.
[[0;32m  OK  [0m] Stopped [0;1;39muresourced.service[0m - User resource assignment daemon.
[[0;32m  OK  [0m] Stopped [0;1;39mrpm-ostreed.service[0m - rpm-ostree System Management Daemon.
[[0;32m  OK  [0m] Stopped [0;1;39msystemd-homed-activate.service[0m - Home Area Activation.
[[0;32m  OK  [0m] Stopped target [0;1;39mnss-user-lookup.target[0m - User and Group Name Lookups.
[[0;32m  OK  [0m] Stopped [0;1;39mauthselect-apply-changes.service[0m - Apply authselect changes.
         Stopping [0;1;39msystemd-homed.service[0m - Home Area Manager...
[[0;32m  OK  [0m] Stopped [0;1;39msystemd-userdb-load-creden…[0mser/group Records from Credentials.
[[0;32m  OK  [0m] Stopped [0;1;39msystemd-homed.service[0m - Home Area Manager.
[[0;32m  OK  [0m] Stopped [0;1;39mtuned.service[0m - Dynamic System Tuning Daemon.
[[0;32m  OK  [0m] Stopped target [0;1;39mnetwork.target[0m - Network.
         Stopping [0;1;39mNetworkManager.service[0m - Network Manager...
         Stopping [0;1;39mpolkit.service[0m - Authorization Manager...
[[0;32m  OK  [0m] Stopped [0;1;39mpolkit.service[0m - Authorization Manager.
[[0;32m  OK  [0m] Stopped [0;1;39mNetworkManager.service[0m - Network Manager.
[[0;32m  OK  [0m] Stopped target [0;1;39mnetwork-pre.target[0m - Preparation for Network.
         Stopping [0;1;39mfirewalld.service[0m - firewalld - dynamic firewall daemon...
[[0;32m  OK  [0m] Stopped [0;1;39msystemd-network-generator.…[0mork Units from Kernel Command Line.
[[0;32m  OK  [0m] Stopped [0;1;39mfirewalld.service[0m - firewalld - dynamic firewall daemon.
[[0;32m  OK  [0m] Stopped target [0;1;39mbasic.target[0m - Basic System.
[[0;32m  OK  [0m] Stopped [0;1;39msystemd-ask-password-plymo…[0mquests to Plymouth Directory Watch.
[[0;32m  OK  [0m] Stopped target [0;1;39mpaths.target[0m - Path Units.
[[0;32m  OK  [0m] Stopped [0;1;39mbootc-status-updated.path[0m - Monitor bootc for status changes.
[[0;32m  OK  [0m] Stopped [0;1;39mcups.path[0m - CUPS Scheduler.
[[0;32m  OK  [0m] Stopped [0;1;39mlvm-devices-import.path[0m - …es-import to create system.devices.
[[0;32m  OK  [0m] Stopped target [0;1;39mslices.target[0m - Slice Units.
[[0;32m  OK  [0m] Removed slice [0;1;39muser.slice[0m - User and Session Slice.
[[0;32m  OK  [0m] Stopped target [0;1;39msockets.target[0m - Socket Units.
[[0;32m  OK  [0m] Closed [0;1;39mavahi-daemon.socket[0m - Avahi…DNS/DNS-SD Stack Activation Socket.
[[0;32m  OK  [0m] Closed [0;1;39mcups.socket[0m - CUPS Scheduler.
[[0;32m  OK  [0m] Closed [0;1;39mpcscd.socket[0m - PC/SC Smart Card Daemon Activation Socket.
[[0;32m  OK  [0m] Closed [0;1;39msshd-unix-local.socket[0m - Op…temd-ssh-generator, AF_UNIX Local).
         Stopping [0;1;39msshd-vsock.socket[0m - OpenS…systemd-ssh-generator, AF_VSOCK)...
[[0;32m  OK  [0m] Closed [0;1;39msssd-kcm.socket[0m - SSSD Kerberos Cache Manager responder socket.
[[0;32m  OK  [0m] Closed [0;1;39msystemd-hostnamed.socket[0m - Hostname Service Socket.
[[0;32m  OK  [0m] Closed [0;1;39msystemd-importd.socket[0m - Disk Image Download Service Socket.
[[0;32m  OK  [0m] Closed [0;1;39msystemd-logind-varlink.sock…[0mer Login Management Varlink Socket.
[[0;32m  OK  [0m] Closed [0;1;39msystemd-machined.socket[0m - V…tainer Registration Service Socket.
[[0;32m  OK  [0m] Closed [0;1;39msystemd-mountfsd.socket[0m - DDI File System Mounter Socket.
[[0;32m  OK  [0m] Closed [0;1;39msystemd-mute-console.socket[0m…nsole Output Muting Service Socket.
[[0;32m  OK  [0m] Closed [0;1;39msystemd-oomd.socket[0m - Users… Out-Of-Memory (OOM) Killer Socket.
[[0;32m  OK  [0m] Closed [0;1;39msystemd-repart.socket[0m - Disk Repartitioning Service Socket.
         Stopping [0;1;39mdbus-broker.service[0m - D-Bus System Message Bus...
[[0;32m  OK  [0m] Stopped [0;1;39mdbus-broker.service[0m - D-Bus System Message Bus.
[[0;32m  OK  [0m] Closed [0;1;39mdbus.socket[0m - D-Bus System Message Bus Socket.
[[0;32m  OK  [0m] Closed [0;1;39msshd-vsock.socket[0m - OpenSSH… (systemd-ssh-generator, AF_VSOCK).
[[0;32m  OK  [0m] Stopped target [0;1;39msysinit.target[0m - System Initialization.
[[0;32m  OK  [0m] Stopped target [0;1;39mcryptsetup.target[0m - Local Encrypted Volumes.
[[0;32m  OK  [0m] Stopped [0;1;39msystemd-ask-password-wall.…[0md Requests to Wall Directory Watch.
[[0;32m  OK  [0m] Stopped target [0;1;39mimports.target[0m - Image Downloads.
[[0;32m  OK  [0m] Stopped target [0;1;39mintegritysetup.targ…[0m Local Integrity Protected Volumes.
[[0;32m  OK  [0m] Stopped target [0;1;39mveritysetup.target[0m - Local Verity Protected Volumes.
         Stopping [0;1;39msystemd-binfmt.service[0m - Set Up Additional Binary Formats...
         Stopping [0;1;39msystemd-nsresourced.service[0m - Namespace Resource Manager...
         Stopping [0;1;39msystemd-resolved.service[0m - Network Name Resolution...
         Stopping [0;1;39msystemd-update-utmp.servi…[0mord System Boot/Shutdown in UTMP...
[[0;32m  OK  [0m] Stopped [0;1;39msystemd-nsresourced.service[0m - Namespace Resource Manager.
[[0;32m  OK  [0m] Closed [0;1;39msystemd-nsresourced.socket[0m - Namespace Resource Manager Socket.
[[0;32m  OK  [0m] Stopped [0;1;39msystemd-binfmt.service[0m - Set Up Additional Binary Formats.
[[0;32m  OK  [0m] Unset automount [0;1;39mproc-sys-fs-binfmt…[0mormats File System Automount Point.
[[0;32m  OK  [0m] Stopped [0;1;39msystemd-update-utmp.servic…[0mecord System Boot/Shutdown in UTMP.
[[0;32m  OK  [0m] Stopped [0;1;39msystemd-resolved.service[0m - Network Name Resolution.
[[0;32m  OK  [0m] Closed [0;1;39msystemd-resolved-monitor.so…t[0m - Resolve Monitor Varlink Socket.
[[0;32m  OK  [0m] Closed [0;1;39msystemd-resolved-varlink.so…t[0m - Resolve Service Varlink Socket.
         Stopping [0;1;39mauditd.service[0m - Security Audit Logging Service...
[[0;32m  OK  [0m] Stopped [0;1;39msystemd-sysctl.service[0m - Apply Kernel Variables.
[[0;32m  OK  [0m] Closed [0;1;39msystemd-coredump.socket[0m - Process Core Dump Socket.
[[0;32m  OK  [0m] Stopped [0;1;39msystemd-modules-load.service[0m - Load Kernel Modules.
[0;21;33mkauditd_printk_skb: 77 callbacks suppressed[0m
[0;21;32maudit: type=1305 audit(1784569328.127:447): op=set audit_pid=0 old=877 auid=4294967295 ses=4294967295 subj=system_u:system_r:auditd_t:s0 res=1[0m
[[0;32m  OK  [0m] Stopped [0;1;39mauditd.service[0m - Security Audit Logging Service.
[[0;32m  OK  [0m] Stopped [0;1;39msystemd-tmpfiles-setup.ser…[0mreate System Files and Directories.
[[0;32m  OK  [0m] Stopped target [0;1;39mlocal-fs.target[0m - Local File Systems.
[0;21;32maudit: type=1131 audit(1784569328.129:448): pid=1 uid=0 auid=4294967295 ses=4294967295 subj=system_u:system_r:init_t:s0 msg='unit=auditd comm="systemd" exe="/usr/lib/systemd/systemd" hostname=? addr=? terminal=? res=success'[0m
[0;21;32maudit: type=1131 audit(1784569328.129:449): pid=1 uid=0 auid=4294967295 ses=4294967295 subj=system_u:system_r:init_t:s0 msg='unit=systemd-tmpfiles-setup comm="systemd" exe="/usr/lib/systemd/systemd" hostname=? addr=? terminal=? res=success'[0m
         Unmounting [0;1;39mboot-efi.mount[0m - /boot/efi...
         Unmounting [0;1;39msysroot-ostree-deploy-d…[0mysroot/ostree/deploy/default/var...
         Unmounting [0;1;39mtmp.mount[0m - Temporary Directory /tmp...
         Unmounting [0;1;39mvar-home.mount[0m - /var/home...
[[0;32m  OK  [0m] Stopped [0;1;39mostree-remount.service[0m - OSTree Remount OS/ Bind Mounts.
[0;21;32maudit: type=1131 audit(1784569328.162:450): pid=1 uid=0 auid=4294967295 ses=4294967295 subj=system_u:system_r:init_t:s0 msg='unit=ostree-remount comm="systemd" exe="/usr/lib/systemd/systemd" hostname=? addr=? terminal=? res=success'[0m
[[0;32m  OK  [0m] Unmounted [0;1;39mboot-efi.mount[0m - /boot/efi.
[[0;32m  OK  [0m] Unmounted [0;1;39msysroot-ostree-deploy-de…[0m/sysroot/ostree/deploy/default/var.
[[0;32m  OK  [0m] Unmounted [0;1;39mvar-home.mount[0m - /var/home.
         Unmounting [0;1;39mboot.mount[0m - /boot...
[[0;32m  OK  [0m] Stopped [0;1;39msystemd-fsck@dev-disk-by\x…[0meck on /dev/disk/by-uuid/9704-D569.
[0;21;32maudit: type=1131 audit(1784569328.180:451): pid=1 uid=0 auid=4294967295 ses=4294967295 subj=system_u:system_r:init_t:s0 msg='unit=systemd-fsck@dev-disk-by\x2duuid-9704\x2dD569 comm="systemd" exe="/usr/lib/systemd/systemd" hostname=? addr=? terminal=? res=success'[0m
[0;21;39mEXT4-fs (vda2): unmounting filesystem 7fdf5235-8f1f-4409-a05b-b2704a0cb280.[0m
[[0;32m  OK  [0m] Unmounted [0;1;39mtmp.mount[0m - Temporary Directory /tmp.
[[0;32m  OK  [0m] Stopped target [0;1;39mswap.target[0m - Swaps.
         Deactivating swap [0;1;39mdev-disk-by\x2dd…-4.swap[0m - /dev/disk/by-diskseq/4...
[[0;32m  OK  [0m] Unmounted [0;1;39mboot.mount[0m - /boot.
[[0;32m  OK  [0m] Stopped [0;1;39msystemd-fsck@dev-disk-by\x…[0mdf5235-8f1f-4409-a05b-b2704a0cb280.
[[0;32m  OK  [0m] Removed slice [0;1;39msystem-systemd\x2dfs…slice[0m - Slice /system/systemd-fsck.
[[0;32m  OK  [0m] Stopped target [0;1;39mlocal-fs-pre.target[0m…Preparation for Local File Systems.
[0;21;32maudit: type=1131 audit(1784569328.207:452): pid=1 uid=0 auid=4294967295 ses=4294967295 subj=system_u:system_r:init_t:s0 msg='unit=systemd-fsck@dev-disk-by\x2duuid-7fdf5235\x2d8f1f\x2d4409\x2da05b\x2db2704a0cb280 comm="systemd" exe="/usr/lib/systemd/systemd" hostname=? addr=? terminal=? res=success'[0m
         Stopping [0;1;39mlvm2-monitor.service[0m - Mo…ing dmeventd or progress polling...
[[0;32m  OK  [0m] Stopped [0;1;39msystemd-tmpfiles-setup-dev…[0mCreate Static Device Nodes in /dev.
[0;21;32maudit: type=1131 audit(1784569328.210:453): pid=1 uid=0 auid=4294967295 ses=4294967295 subj=system_u:system_r:init_t:s0 msg='unit=systemd-tmpfiles-setup-dev comm="systemd" exe="/usr/lib/systemd/systemd" hostname=? addr=? terminal=? res=success'[0m
[[0;32m  OK  [0m] Stopped [0;1;39msystemd-tmpfiles-setup-dev…[0mic Device Nodes in /dev gracefully.
[0;21;32maudit: type=1131 audit(1784569328.210:454): pid=1 uid=0 auid=4294967295 ses=4294967295 subj=system_u:system_r:init_t:s0 msg='unit=systemd-tmpfiles-setup-dev-early comm="systemd" exe="/usr/lib/systemd/systemd" hostname=? addr=? terminal=? res=success'[0m
[[0;32m  OK  [0m] Deactivated swap [0;1;39mdev-disk-by\x2ddi…eq-4.swap[0m - /dev/disk/by-diskseq/4.
[[0;32m  OK  [0m] Deactivated swap [0;1;39mdev-zram0.swap[0m - Compressed Swap on /dev/zram0.
[[0;32m  OK  [0m] Reached target [0;1;39mumount.target[0m - Unmount All Filesystems.
         Stopping [0;1;39msystemd-zram-setup@zram0.…vice[0m - Create swap on /dev/zram0...
[0;21;39mzram0: detected capacity change from 8110080 to 0[0m
[[0;32m  OK  [0m] Stopped [0;1;39msystemd-zram-setup@zram0.service[0m - Create swap on /dev/zram0.
[0;21;32maudit: type=1131 audit(1784569328.272:455): pid=1 uid=0 auid=4294967295 ses=4294967295 subj=system_u:system_r:init_t:s0 msg='unit=systemd-zram-setup@zram0 comm="systemd" exe="/usr/lib/systemd/systemd" hostname=? addr=? terminal=? res=success'[0m
[[0;32m  OK  [0m] Removed slice [0;1;39msystem-systemd\x2dzr…[0m- Slice /system/systemd-zram-setup.
[[0;32m  OK  [0m] Stopped [0;1;39mlvm2-monitor.service[0m - Mon…using dmeventd or progress polling.
[[0;32m  OK  [0m] Reached target [0;1;39mshutdown.target[0m - System Shutdown.
[[0;32m  OK  [0m] Reached target [0;1;39mfinal.target[0m - Late Shutdown Services.
[[0;32m  OK  [0m] Finished [0;1;39msystemd-poweroff.service[0m - System Power Off.
[0;21;32maudit: type=1131 audit(1784569328.291:456): pid=1 uid=0 auid=4294967295 ses=4294967295 subj=system_u:system_r:init_t:s0 msg='unit=lvm2-monitor comm="systemd" exe="/usr/lib/systemd/systemd" hostname=? addr=? terminal=? res=success'[0m
[[0;32m  OK  [0m] Reached target [0;1;39mpoweroff.target[0m - System Power Off.
]3008;end=ce76fd2ef87244b3ab92aa6b3d658113\[0;21;39msystemd-shutdown[1]: Syncing filesystems and block devices.[0m
[0;21;39msystemd-shutdown[1]: Sending SIGTERM to remaining processes...[0m
[0;21;39msystemd-journald[672]: Received SIGTERM from PID 1 (systemd-shutdow).[0m
[  333.776514] systemd-shutdown[1]: Sending SIGKILL to remaining processes...
[  333.783226] systemd-shutdown[1]: Unmounting file systems.
[  333.785773] (sd-remount)[3360]: Remounting '/var' read-only with options 'seclabel,discard=async,space_cache=v2,subvolid=257,subvol=/root'.
[  333.805804] (sd-umount)[3361]: Unmounting '/var'.
[  333.807966] (sd-umount)[3362]: Unmounting '/run/credentials/systemd-journald.service'.
[  333.810506] (sd-remount)[3363]: Remounting '/sysroot' read-only with options 'seclabel,discard=async,space_cache=v2,subvolid=257,subvol=/root'.
[  333.814133] (sd-umount)[3364]: Unmounting '/sysroot'.
[  333.816415] (sd-remount)[3367]: Remounting '/etc' read-only with options 'seclabel,discard=async,space_cache=v2,subvolid=257,subvol=/root'.
[  333.822304] (sd-umount)[3369]: Unmounting '/etc'.
[  333.824129] systemd-shutdown[1]: All filesystems unmounted.
[  333.825826] systemd-shutdown[1]: Deactivating swaps.
[  333.827031] systemd-shutdown[1]: All swaps deactivated.
[  333.828277] systemd-shutdown[1]: Detaching loop devices.
[  333.830060] systemd-shutdown[1]: All loop devices detached.
[  333.831381] systemd-shutdown[1]: Stopping MD devices.
[  333.832702] systemd-shutdown[1]: All MD devices stopped.
[  333.833955] systemd-shutdown[1]: Detaching DM devices.
[  333.835282] systemd-shutdown[1]: All DM devices detached.
[  333.836547] systemd-shutdown[1]: All filesystems, swaps, loop devices, MD devices and DM devices detached.
[  333.845641] systemd-shutdown[1]: Syncing filesystems and block devices.
[  333.847640] systemd-shutdown[1]: Powering off.
[  333.871770] Console: switching to colour dummy device 80x25
[  333.897368] ACPI: PM: Preparing to enter system sleep state S5
[  333.898894] kvm: exiting hardware virtualization
[  333.900217] reboot: Power down
